县代码,县名,论文语义协调度,实验协调类型编码（升序）,三目标实验得分,资源条件,承接基础,低碳相关状态,实验情景入选频率,基准情景入选频率,非支配候选,局部Moran统计量,空间类型编码（0未通过检验1高高2低低3高低4低高）,局部双侧p值,多重校正q值
340822,怀宁县,0.7932270643892395,3,0.7062299602768438,0.661274396,0.7330899362420061,0.7275014000000001,0.0,0.0,False,0.26187023018264977,2,0.006,0.04189855072463768
341723,青阳县,0.7750943340513603,2,0.6741387908032411,0.528381268,0.6596284569078978,0.887502,0.0,0.0,False,0.4611956512472477,0,0.028,0.10030731102850063
340402,大通区,0.7758688837995225,2,0.6247979467577406,0.696484224,0.5813067786942213,0.6006558,0.0,0.0,False,-0.012378399911120178,0,0.602,0.8027592250922508
340827,望江县,0.7868410778889899,2,0.6768315958037292,0.6581463559999999,0.6681876009779071,0.7051518999999999,0.0,0.0,False,0.5423680949329249,2,0.008,0.04758847736625514
340523,和县,0.8006693985651098,3,0.7129734548190041,0.6935661559999999,0.7424429427910704,0.7042856,0.0,0.0,False,0.07439193332160317,0,0.322,0.5103629385964913
341023,黟县,0.7585874860423166,2,0.6172528548504768,0.46348562400000004,0.5067674867375905,0.9563759,0.0,0.0,False,0.2284819644549618,0,0.08,0.1924126455906822
341302,埇桥区,0.8109081149234548,3,0.7458771420774959,0.731524236,0.8293690336157157,0.6900858,0.9966666666666667,0.0,False,-0.0009357064508278462,0,0.986,0.993560822586267
341702,贵池区,0.7747070746687932,2,0.7052741865189807,0.5440516719999999,0.7764237436127661,0.8454085,0.0,0.0,False,0.6586227671575848,2,0.004,0.03285227272727273
341525,霍山县,0.7713075931547321,2,0.6756540302600178,0.496670968,0.6741580040556562,0.9362414,0.0,0.0,False,0.20882304336692642,0,0.146,0.28732879509870657
340406,潘集区,0.7884127571074427,2,0.6845454450569953,0.706847528,0.7145995981009868,0.6354464,0.0,0.0,False,-0.004772333865336791,0,0.716,0.8941494600431966
340302,龙子湖区,0.8054006978114603,3,0.6833547766045417,0.712287672,0.6407709209570502,0.6994718000000001,0.0,0.0,False,0.0312910250827661,0,0.762,0.9187703826955076
340311,淮上区,0.8085573056094099,3,0.6867565056926409,0.725348312,0.6426752906751629,0.695289,0.0,0.0,False,0.006009514310821743,0,0.71,0.8908897569444443
340621,濉溪县,0.8086272938706783,3,0.7362827559129325,0.726632748,0.7998083028132087,0.6900341,0.66,0.0,False,0.008183264835385883,0,0.696,0.879045871559633
341323,灵璧县,0.8134723656959854,3,0.7198561302578724,0.73629218,0.7258389504504268,0.6982784,0.0,0.0,False,0.004020506880654732,0,0.74,0.9088105352591335
341721,东至县,0.7715232524011976,2,0.6810593319196785,0.522731708,0.6961888667682091,0.8775126,0.0,0.0,False,0.45873387001217764,0,0.018,0.07552685050798258
340321,怀远县,0.8070912786411207,3,0.718668815673365,0.718357668,0.7418201462241951,0.69692,0.0,0.0,False,0.005952151507450629,0,0.936,0.9740510057471263
340503,花山区,0.797432949721573,3,0.7205206383355923,0.661318368,0.7715293367638365,0.7356525,0.0,0.0,False,0.20751703431177598,0,0.338,0.5281935135135135
340521,当涂县,0.789618450863375,3,0.7149807244974408,0.6768787159999999,0.8002268836727238,0.6784427,0.0,0.0,False,0.1953572871406883,0,0.194,0.3551956934768841
341222,太和县,0.8036927242754607,3,0.7289193621674996,0.710133732,0.7837210110327267,0.6979058,0.023333333333333334,0.0,False,0.006008865852228096,0,0.806,0.926867939538584
341622,蒙城县,0.8091205587070317,3,0.7300747876661013,0.7240141600000001,0.7713037736053019,0.6981256,0.09666666666666666,0.0,False,-0.0030545131237856914,0,0.928,0.9688869628024558
341504,叶集区,0.8000926284703,3,0.6501010072606095,0.702094784,0.5586334306504217,0.69842,0.0,0.0,False,0.016958936665118815,0,0.302,0.4861258351893096
341225,阜南县,0.8009006482563619,3,0.7094066009810139,0.7050108719999999,0.7277366158219056,0.6960154000000001,0.0,0.0,False,0.0006566189163216392,0,0.868,0.9458680738786279
341181,天长市,0.8075460629759227,3,0.7405996750068277,0.714908656,0.8185264395872474,0.6989666000000001,0.95,0.0,False,0.12139459235910537,0,0.026,0.09624327784891165
341522,霍邱县,0.795008234645108,3,0.6967736253962584,0.69145064,0.7115593879874574,0.6876188999999999,0.0,0.0,False,0.04285225030502592,0,0.66,0.854012494422133
341623,利辛县,0.8051583828050558,3,0.7206037989420009,0.7169450079999999,0.7530836799251349,0.6937438,0.0,0.0,False,0.002053152674146404,0,0.844,0.9374419317746263
341821,郎溪县,0.7978779377779661,3,0.6920401175724151,0.6619255039999999,0.6741297550708824,0.7435634,0.0,0.0,False,0.2561909448660658,0,0.108,0.23110880829015545
341602,谯城区,0.8061293585762599,3,0.7461858566992693,0.7141757519999999,0.8425085528453415,0.6982521,1.0,0.0,False,0.009691543279588252,0,0.78,0.9188997555012225
340323,固镇县,0.8108492970163531,3,0.7138541995644245,0.72886696,0.7148037509770195,0.6983794999999999,0.0,0.0,False,0.0013717724581210366,0,0.842,0.9374419317746263
340209,弋江区,0.7944183415799578,3,0.729877047843008,0.676364264,0.8274940292405856,0.7011823,0.12333333333333334,0.0,False,0.19342974074080302,0,0.142,0.28195192307692307
340303,蚌山区,0.8097362558102231,3,0.7065439791392052,0.7254822320000001,0.6948031720731841,0.6998853,0.0,0.0,False,9.679632869259805e-05,0,0.75,0.9125631313131313
341825,旌德县,0.7652589728224396,2,0.6263462695187659,0.4856603,0.5258265560063703,0.9351838000000001,0.0,0.0,False,0.30645457000993553,0,0.072,0.18053078924544666
340111,包河区,0.7870685666288735,2,0.7402068061034134,0.648834532,0.9315567448621145,0.6985607,0.7966666666666666,0.0,False,0.20413142237201487,0,0.524,0.723440305635148
340122,肥东县,0.8044583155737993,3,0.745533330215069,0.7051519559999999,0.8499019649588265,0.7003917000000001,1.0,0.0,False,0.035161413932204,0,0.274,0.4544658634538153
341722,石台县,0.7464444540593048,1,0.5933424928536742,0.430404664,0.4484784049042993,0.9762539,0.0,0.0,False,0.3142516665862052,0,0.028,0.10030731102850063
341621,涡阳县,0.8069369887533351,3,0.7271628025982584,0.719862188,0.7687661830433088,0.6960138,0.0,0.0,False,0.00975978801329078,0,0.65,0.8460828455650609
341324,泗县,0.8136680233364466,3,0.7159125188034666,0.7369400639999999,0.7133965071402817,0.6982098,0.0,0.0,False,-0.0054795705885663445,0,0.8,0.92512
341502,金安区,0.8003772826993932,3,0.71466864856537,0.67835068,0.73736115549363,0.7304881999999999,0.0,0.0,False,0.07657773401530678,0,0.284,0.46676748152359293
340124,庐江县,0.7937797407360098,3,0.7266493514097572,0.6639826959999999,0.8058242959583972,0.7218019,0.0,0.0,False,0.22213134573274454,0,0.016,0.06997881996974281
340405,八公山区,0.7995153881174182,3,0.6159049367059791,0.681758652,0.4643596346263382,0.7203145,0.0,0.0,False,0.06908802277591886,0,0.74,0.9088105352591335
341202,颍州区,0.8016956241013058,3,0.7124982346697558,0.706883748,0.7354047663469205,0.6960634,0.0,0.0,False,0.0022015373808525903,0,0.814,0.9273018867924528
341022,休宁县,0.7574792739447088,2,0.6497483661744715,0.457522208,0.6189466481207576,0.9617829999999999,0.0,0.0,False,0.15315561008404485,0,0.148,0.28988346883468835
340181,巢湖市,0.7750572504575758,2,0.7010189401916483,0.6321692999999999,0.805725842533723,0.6806222,0.0,0.0,False,0.2960752652520788,0,0.38,0.5763798530954879
340603,相山区,0.80941095580538,3,0.7306309772907157,0.715683836,0.7703843542473795,0.7085118,0.08666666666666667,0.0,False,-0.007045104374057774,0,0.89,0.9529592592592594
340421,凤台县,0.7921531339618721,3,0.6971033234415817,0.7001474639999999,0.7338488116079529,0.6598763999999999,0.0,0.0,False,0.018870135467374084,0,0.704,0.8864390243902439
341824,绩溪县,0.7616717222244102,2,0.6410081026273432,0.47021962800000006,0.5801368754747986,0.9521234,0.0,0.0,False,0.27161999656369196,0,0.068,0.17521212121212124
340711,郊区,0.7783715606222795,2,0.6743674363286002,0.618230424,0.681457845385153,0.7282627,0.0,0.0,False,0.5642528740258378,0,0.022,0.0853718120805369
341802,宣州区,0.7899648633753718,3,0.7198393842681091,0.615101764,0.7839463505077986,0.7809837,0.0,0.0,False,0.3673044371052841,0,0.086,0.20131659919028339
341203,颍东区,0.8023755532271905,3,0.7025150511521832,0.710825176,0.7042392803765031,0.6926449,0.0,0.0,False,0.0006257416387042662,0,0.824,0.9305406249999999
341882,广德市,0.7920699292004617,3,0.7186704333320326,0.582030684,0.7622342973052145,0.8537163999999999,0.0,0.0,False,0.30086964347563777,0,0.104,0.2257237237237237
341103,南谯区,0.8031121555632215,3,0.7048740271479539,0.6639343600000001,0.6958996656946386,0.7594516,0.0,0.0,False,0.10394671520720988,0,0.55,0.7510864430798301
340123,肥西县,0.7993703367377725,3,0.7475745154664243,0.683451932,0.8806182868686439,0.7092019,1.0,0.0,False,0.0677846201867613,0,0.44,0.6411491935483871
341503,裕安区,0.7955136641198457,3,0.7092028013621282,0.659258028,0.7348187740064955,0.7375423000000001,0.0,0.0,False,0.09879651719629542,0,0.344,0.5343922622246103
340404,谢家集区,0.792029817528803,3,0.6467705587517337,0.681688648,0.576707953920656,0.6868858,0.0,0.0,False,0.068369939754634,0,0.812,0.9273018867924528
340212,繁昌区,0.7934131523480205,3,0.4812688090730753,0.620050624,0.0,0.7974323,0.0,0.0,False,0.2627869292128614,0,0.252,0.42905300353356896
341126,凤阳县,0.8070667345705997,3,0.7327496504083731,0.700543872,0.7822605720769471,0.7197904,0.24666666666666667,0.0,False,0.044443671262795026,0,0.636,0.8327336956521739
340504,雨山区,0.7969854235536245,3,0.6947549225917894,0.6915061,0.7002376804376972,0.6925627,0.0,0.0,False,0.04505583189423909,0,0.376,0.5724149552395998
341002,屯溪区,0.7896197085896494,3,0.694766228770632,0.598856808,0.691109945025429,0.8163746,0.0,0.0,False,0.3295166901001166,0,0.06,0.1612081784386617
340826,宿松县,0.7699110456559263,2,0.6722294891706372,0.594490984,0.701219466702627,0.7288661,0.0,0.0,False,1.1949313758626896,2,0.008,0.04758847736625514
341523,舒城县,0.7862941936425177,2,0.7083798905179369,0.579298884,0.7451149381252026,0.8350898,0.0,0.0,False,0.3074950232788447,0,0.132,0.2676100981767181
340422,寿县,0.8018106413730813,3,0.7007704235178808,0.7047861639999999,0.7010419473575468,0.696516,0.0,0.0,False,0.035872827980004324,0,0.692,0.8770591845681718
340881,桐城市,0.7881248322400997,2,0.7141867251288727,0.618173004,0.7679211731995954,0.77277,0.0,0.0,False,0.5482257827627198,2,0.006,0.04189855072463768
340322,五河县,0.8047354738390551,3,0.7057524894574252,0.709953192,0.7096268189696209,0.6977728999999999,0.0,0.0,False,0.07508289863313211,0,0.528,0.7282671755725191
341322,萧县,0.8120618463220053,3,0.7302959874877571,0.72796342,0.7615096175577745,0.7034058999999999,0.09666666666666666,0.0,False,0.0008553021097409804,0,0.89,0.9529592592592594
341003,黄山区,0.7531575170189772,2,0.6461958087965975,0.452549984,0.6183474894550599,0.9519402,0.0,0.0,False,0.3242263192279578,0,0.066,0.1718972972972973
341221,临泉县,0.800861633493513,3,0.7235513505896729,0.703419272,0.773582054761186,0.6976528,0.0,0.0,False,0.004680007873861653,0,0.78,0.9188997555012225
341524,金寨县,0.7693981790282056,2,0.6787353333060937,0.488296164,0.6910556803481634,0.9446794,0.0,0.0,False,0.20807275728726704,0,0.142,0.28195192307692307
340706,义安区,0.7807828394170626,2,0.6741593394095966,0.6123488239999999,0.6689614778377491,0.7486131,0.0,0.0,False,0.3926178700658262,0,0.048,0.14145565749235475
341881,宁国市,0.7689990447555082,2,0.6975073905942918,0.48315423199999996,0.7660569329697726,0.950758,0.0,0.0,False,0.1789437895897401,0,0.056,0.15522147651006712
340403,田家庵区,0.7981148958302599,3,0.7065823771860763,0.71417614,0.7428249148681598,0.6657719,0.0,0.0,False,-0.01947513749994929,0,0.62,0.8199542543458371
340722,枞阳县,0.7811917737962374,2,0.671253775313414,0.6268870679999999,0.6634531521282473,0.7274464,0.0,0.0,False,0.6345756518208496,0,0.012,0.05889983022071307
340202,镜湖区,0.800765033050511,3,0.7407038164097677,0.695120584,0.844551808259663,0.7005768,0.93,0.0,False,0.09533080776917197,0,0.176,0.3314762214983713
340803,大观区,0.7840385787802517,2,0.6773111078005822,0.641582168,0.6752491597421412,0.717448,0.0,0.0,False,0.6576554284345582,0,0.01,0.05294871794871795
341282,界首市,0.802011706595856,3,0.7190247595422461,0.706219216,0.7545730859078122,0.6982956,0.0,0.0,False,0.0043438660493841826,0,0.778,0.9188997555012225
340604,烈山区,0.7798785877174332,2,0.6383884683334119,0.718036576,0.6147817985880527,0.5880058,0.0,0.9533333333333334,False,-0.0194147518048853,0,0.984,0.9932765363128492
340121,长丰县,0.8069424911406147,3,0.7490987897614233,0.715866044,0.8558986448887953,0.6958679999999999,1.0,0.0,False,-0.004865429207863173,0,0.732,0.9059126712328767
340104,蜀山区,0.8067558391946228,3,0.758953488058416,0.710978228,0.9048394804098158,0.6994395999999999,1.0,0.0,False,-0.03546771393982771,0,0.488,0.6861906614785992
340522,含山县,0.8033380845380725,3,0.7077049395553798,0.668412196,0.7027250199519675,0.7558834,0.0,0.0,False,0.17298410446323698,0,0.214,0.38025445605408725
341823,泾县,0.7691888642225388,2,0.6624223632434141,0.49727599199999994,0.6348925831775145,0.9258694,0.0,0.0,False,0.3735323901095726,0,0.038,0.12112238147739803
340811,宜秀区,0.7749954398736708,2,0.6578759608377777,0.59760286,0.6368194664590435,0.7477277,0.0,0.0,False,0.8279591018666844,0,0.016,0.06997881996974281
341102,琅琊区,0.8058469856661082,3,0.7049375122600571,0.7055625999999999,0.6994097418042189,0.7098949,0.0,0.0,False,0.07423926930460623,0,0.316,0.5041699779249449
340602,杜集区,0.8087354414807141,3,0.6815653991805863,0.716747336,0.6255629527062144,0.7065680999999999,0.0,0.0,False,-0.00871882642684967,0,0.82,0.9296549019607843
341226,颍上县,0.7996902983754218,3,0.7215641990092647,0.7043682,0.7789900951568894,0.6866421,0.0,0.0,False,0.006163488921682269,0,0.896,0.9572564671101257
340506,博望区,0.7994825104786853,3,0.6794025957486886,0.67752548,0.638754578923892,0.7250043,0.0,0.0,False,0.20498966650926856,0,0.268,0.44733718244803694
340802,迎江区,0.766246492363685,2,0.6616733121818837,0.6222890640000001,0.698250644134032,0.6665841,0.0,0.0,False,0.9008375780254401,0,0.012,0.05889983022071307
341125,定远县,0.8065467671276535,3,0.7201907773233388,0.711365696,0.7464361317641439,0.7038983000000001,0.0,0.0,False,0.029742567613462806,0,0.53,0.7299809433063363
341204,颍泉区,0.7947344334167075,3,0.6923500522768865,0.7076425559999999,0.7050491452706604,0.6653725,0.0,0.0,False,0.008433579582019131,0,0.79,0.9242776203966007
341182,明光市,0.8038248640326574,3,0.7092836885804396,0.687751132,0.7153736098571372,0.7255015,0.0,0.0,False,0.1449949860671617,0,0.4,0.5973140495867769
340223,南陵县,0.7950940212262427,3,0.7118152751200639,0.630977568,0.7336279489239692,0.7833653,0.0,0.0,False,0.25988554314026435,0,0.074,0.18379209621993126
340103,庐阳区,0.7969562651673837,3,0.7454085401077885,0.681586844,0.893455779994905,0.697733,0.9966666666666667,0.0,False,0.12278978774625604,0,0.458,0.6577635370094387
340882,潜山市,0.7818838958400541,2,0.6864405036012194,0.558128732,0.6825497525544438,0.8585862,0.0,0.0,False,0.493371614693974,0,0.03,0.10449397590361445
340281,无为市,0.7972851095879021,3,0.7239210407921636,0.672976328,0.7815749901261154,0.7238438,0.0,0.0,False,0.1865915829208879,0,0.032,0.10807476635514018
341124,全椒县,0.8061377928922957,3,0.7183031864615103,0.691926104,0.7332096950862815,0.7309363,0.0,0.0,False,0.08343740522109014,0,0.374,0.5702710970464134
340304,禹会区,0.7968474939706093,3,0.6807162451205478,0.700702696,0.6632683723858436,0.6787661,0.0,0.0,False,0.01641923203408263,0,0.916,0.9640174736075718
340828,岳西县,0.7649347718138629,2,0.6538670702558415,0.4751051879999999,0.6154977065484972,0.9556336,0.0,0.0,False,0.25905723884805687,0,0.032,0.10807476635514018
341122,来安县,0.8083393843623867,3,0.7247566237033508,0.710053484,0.752194741273702,0.7132623,0.0,0.0,False,0.03249188363801251,0,0.506,0.7039682386910491
341321,砀山县,0.8099430592634813,3,0.7084473269575653,0.727652432,0.700297264008238,0.6979429,0.0,0.0,False,0.0027352162386357435,0,0.798,0.92512
340210,湾沚区,0.8012086642367942,3,0.7215460086871112,0.69424982,0.7645144767027284,0.7089073,0.0,0.0,False,0.1016721941327086,0,0.04,0.12488120950323973
341021,歙县,0.7595707744914271,2,0.6709251745171351,0.46198174799999997,0.6907642212510504,0.9578804000000001,0.0,0.0,False,0.2871240858082962,0,0.076,0.18763108454312555
341024,祁门县,0.7575398014062394,2,0.6361622010951421,0.45178658399999994,0.5693711419811892,0.9791607000000001,0.0,0.07333333333333333,False,0.10423693985560323,0,0.142,0.28195192307692307
340825,太湖县,0.7763010590854013,2,0.6786615053671101,0.53240378,0.6728633077868208,0.8822142,0.0,0.0,False,0.532568874416196,0,0.02,0.08030555555555556
341004,徽州区,0.7678872045763657,2,0.6475131675829442,0.49258354000000004,0.5877443773903572,0.9325401,0.0,0.0,False,0.24344531114037687,0,0.108,0.23110880829015545
340207,鸠江区,0.7929543398587955,3,0.7177623813460566,0.6886937,0.7958167293818333,0.6779389,0.0,0.0,False,0.11838801476409028,0,0.27,0.44963709677419356
340705,铜官区,0.7939928839725428,3,0.7101532684864321,0.66735334,0.745278057015567,0.7210802,0.0,0.0,False,0.23023550147731678,0,0.024,0.09105511811023623
340102,瑶海区,0.8061434398963966,3,0.7425873347937817,0.7142329119999999,0.8286989067874877,0.697806,0.9833333333333333,0.0,False,-0.013385690382783031,0,0.292,0.47505458638154185
820000,澳门特别行政区,0.7884882077592912,2,0.46800795104218174,0.648397216,0.0,0.7154347,0.0,0.0,False,1.4213021158461554,0,0.012,0.05889983022071307
110118,密云区,0.7915712314224042,3,0.710243346174494,0.5546648439999999,0.7401562199326306,0.8972946,0.0,0.0,False,0.07793219910457551,0,0.776,0.9188997555012225
110109,门头沟区,0.7844231091566967,2,0.6932974185365453,0.508190764,0.7046072471221665,0.9659245999999999,0.0,0.07666666666666666,False,-0.05656778965165647,0,0.388,0.5863606900156823
110106,丰台区,0.812090690146992,3,0.7718680133973519,0.713695416,0.9604507436127371,0.7079066,1.0,0.27666666666666667,False,0.10442329977135109,0,0.184,0.34164675658317273
110119,延庆区,0.8025307689853706,3,0.7014157047997733,0.577759396,0.6764196597264925,0.9053861000000001,0.0,0.0,False,-0.10643477796915785,0,0.5,0.6983091787439614
110107,石景山区,0.8076291388088706,3,0.7587832893405447,0.6650626079999999,0.8717667825526204,0.7701712000000001,1.0,0.0,False,-0.13702850943020592,0,0.172,0.3260668852459016
110105,朝阳区,0.8281987847427521,4,0.7775318091147209,0.72662756,1.0,0.6993421,1.0,1.0,False,0.6256611289271429,0,0.22,0.38758074344911636
110112,通州区,0.8103504896828525,3,0.7606276117889781,0.719793796,0.8958476866518846,0.7000536,1.0,0.0,False,0.04476991657061975,0,0.276,0.455952
110114,昌平区,0.8086839332533592,3,0.766361032313079,0.618629452,0.9069241056731958,0.844463,1.0,0.0,False,-0.20640445996504528,0,0.194,0.3551956934768841
110108,海淀区,0.8346289520167206,4,0.780949518279793,0.693149408,1.0,0.7434708,1.0,1.0,False,0.5221193510923874,0,0.4,0.5973140495867769
110101,东城区,0.8170950212958572,3,0.7775358423634583,0.723237852,1.0,0.7025331,1.0,0.8966666666666666,False,0.28878559471343734,0,0.108,0.23110880829015545
110115,大兴区,0.8092493247564172,3,0.7536156825669252,0.724015776,0.8677922597800959,0.6930518,1.0,0.056666666666666664,False,0.07300522434455385,0,0.234,0.40532893948472143
110111,房山区,0.7939576698451573,3,0.7404797969464031,0.574788224,0.8474989640310625,0.8682783000000001,0.85,0.0,False,-0.21247534133200163,0,0.33,0.5201908396946565
110102,西城区,0.8209670702013229,3,0.7754878990967177,0.71977212,1.0,0.7003041999999999,1.0,0.99,False,0.3887952668836387,0,0.208,0.373495652173913
110113,顺义区,0.8142438694276986,3,0.7746829343205052,0.714193712,0.9613660797595989,0.714744,1.0,0.12666666666666668,False,0.10102805152373664,0,0.126,0.2583446808510638
110117,平谷区,0.8005816885314726,3,0.7266319611578207,0.6075577320000001,0.7636440422889994,0.8414839,0.01,0.0,False,0.06330929304542976,0,0.884,0.9500535315985131
110116,怀柔区,0.7938523056658102,3,0.7197921363149485,0.5373073079999999,0.7719172845329847,0.9443572,0.006666666666666667,0.0,True,-0.0245696419409791,0,0.738,0.9078970212765958
350426,尤溪县,0.7681083440721903,2,0.6786479673333335,0.474504828,0.6960704227218686,0.9686471999999999,0.0,0.01,False,0.08933353475588904,0,0.326,0.5147274713271437
350703,建阳区,0.7629067833293096,2,0.6781279829957518,0.47213020799999994,0.7074606774983935,0.950804,0.0,0.0,False,0.11897113667910163,0,0.15,0.29241402562373564
350902,蕉城区,0.763530652504939,2,0.7172251301963732,0.46502606399999996,0.8992935948575707,0.948051,0.03333333333333333,0.0,True,0.3259265477630414,0,0.102,0.2235648218347233
350502,鲤城区,0.8158319347950125,3,0.7555065158522284,0.70237982,0.8288905050536689,0.7467094,1.0,0.0,False,0.1634065938687664,0,0.118,0.24559971202303815
350721,顺昌县,0.7584596085592885,2,0.6529534220450851,0.462007268,0.6292510268923062,0.9536021,0.0,0.11,False,0.04801888746382468,0,0.436,0.6375700556398584
350521,惠安县,0.8163510153841714,3,0.7752758880421434,0.6859921600000001,0.9268484240699368,0.7621541000000001,1.0,0.0,False,0.19994689310337355,0,0.104,0.2257237237237237
350304,荔城区,0.8055111459971097,3,0.7382678261647317,0.661105552,0.7977801898924437,0.7687744000000001,0.9366666666666666,0.0,False,0.41659884250338547,0,0.026,0.09624327784891165
350505,泉港区,0.8070343109828156,3,0.738862605877293,0.632528144,0.7908463088008307,0.8183856,0.91,0.0,False,0.4939864896606617,0,0.036,0.1168080808080808
350982,福鼎市,0.7777745481249828,2,0.7111874902167368,0.513595244,0.790997117028842,0.9208658,0.0,0.0,False,0.3770325161364057,0,0.032,0.10807476635514018
350781,邵武市,0.7547636079408897,2,0.6710610024924611,0.459296544,0.7035893708101665,0.9433065,0.0,0.0033333333333333335,False,0.096639424838596,0,0.258,0.43618596491228073
350123,罗源县,0.7669166450329344,2,0.6942490716841475,0.48367804,0.7635170556702578,0.9324369,0.0,0.0,False,0.2837600925598331,0,0.058,0.15863576158940398
350702,延平区,0.767676605687431,2,0.695589660911786,0.473267588,0.7651987764880763,0.9659547999999999,0.0,0.0,True,0.09417073387488983,0,0.398,0.5961751295336788
350112,长乐区,0.7967570041450491,3,0.7529833063769935,0.6138579,0.9018298463475602,0.8031451000000001,1.0,0.0,False,0.36235796674215015,0,0.06,0.1612081784386617
350724,松溪县,0.7717606294379222,2,0.643918338533912,0.490470376,0.5672483303610398,0.9521318999999999,0.0,0.0,False,0.15462492099301373,0,0.264,0.4427053364269142
350425,大田县,0.763739863613513,2,0.6735384855429585,0.475565264,0.691572702165001,0.9412154,0.0,0.12666666666666668,False,0.03589173908762947,0,0.49,0.6879990286546867
350504,洛江区,0.7990978901475141,3,0.7164333148424826,0.5644784039999999,0.7385373135600823,0.9122570000000001,0.0,0.0,False,0.2970021383660582,0,0.052,0.14781907571288103
350305,秀屿区,0.8009286735044596,3,0.726726972218098,0.688054108,0.7942307699543553,0.7053285,0.0,0.0,False,0.43068178281348246,0,0.016,0.06997881996974281
350405,沙县区,0.7642165280846968,2,0.5023814624355852,0.47164660399999997,0.07559163966586291,0.9636774000000001,0.0,0.0,False,0.08030842093074578,0,0.472,0.6698831615120274
350211,集美区,0.8073504846550131,3,0.7558770242531795,0.644222596,0.8619512092261621,0.7966523000000001,1.0,0.0,False,0.3652076335070112,0,0.102,0.2235648218347233
350206,湖里区,0.8162029822664749,3,0.7712812118681067,0.72515106,0.9307435985691848,0.7067327999999999,1.0,0.0,False,0.07491999969682075,0,0.05,0.14397410358565738
350629,华安县,0.7741868048803017,2,0.6764748009180992,0.490577884,0.6745922334013461,0.9544127,0.0,0.0033333333333333335,False,0.12462005250065691,0,0.204,0.3681423220973783
350881,漳平市,0.7633066095220853,2,0.680247293568891,0.47324437599999997,0.7207353303139817,0.939197,0.0,0.22,False,0.01191906099285702,0,0.468,0.6668250369640217
350302,城厢区,0.7895759272297296,3,0.7226247608392656,0.5470790080000001,0.7958678993421712,0.9000950999999999,0.04,0.0,False,0.45608728697903766,0,0.02,0.08030555555555556
350603,龙文区,0.8124934165561256,3,0.7352142533789958,0.6841586719999999,0.7644827679822209,0.7620564000000001,0.85,0.0,False,0.2938732401940277,0,0.066,0.1718972972972973
350122,连江县,0.7740467333068859,2,0.7165140879419468,0.52163034,0.8330867719329262,0.8773772,0.0,0.0,False,0.3843547319270069,0,0.086,0.20131659919028339
350605,长泰区,0.7922325660077748,3,0.49226586831144054,0.5525872599999999,0.0,0.9111692,0.0,0.0,False,0.3528870605574996,0,0.068,0.17521212121212124
350825,连城县,0.7695814624588105,2,0.6866354554335484,0.480194704,0.7206808518134793,0.963485,0.0,0.0,False,0.05838431404392668,0,0.58,0.7817156177156177
350723,光泽县,0.7443340612776388,1,0.639571787767883,0.43055731599999997,0.6126830748745533,0.9674563,0.0,0.0,False,0.29097091625874216,0,0.072,0.18053078924544666
350981,福安市,0.7664109735912095,2,0.7106203720812302,0.480241924,0.8403686342225015,0.9339263000000001,0.0,0.0,False,0.24401424856948298,0,0.096,0.21547826086956523
350626,东山县,0.8069765709937929,3,0.7075631981723111,0.6669362,0.7013831070388024,0.758686,0.0,0.0,False,0.8357883541541397,0,0.03,0.10449397590361445
350421,明溪县,0.7626556220391537,2,0.649233011039299,0.465150984,0.6022900439668167,0.9723069,0.0,0.09666666666666666,False,0.05405280480234148,0,0.382,0.5785028810895757
350121,闽侯县,0.7777741297554598,2,0.7256150526310352,0.5052400319999999,0.8665155019030553,0.9299198000000001,0.18,0.0,False,0.29550865334319965,0,0.104,0.2257237237237237
350628,平和县,0.7851839821675781,2,0.6976686071821115,0.511781388,0.7200291618874801,0.9571386999999999,0.0,0.0,False,0.15625464842097042,0,0.082,0.19543446001648807
350782,武夷山市,0.7490076786838452,2,0.6622412662668403,0.439387944,0.6852018315519733,0.9650453000000001,0.0,0.0,False,0.25053705978126367,0,0.104,0.2257237237237237
350803,永定区,0.782390416730613,2,0.6986215113963877,0.504903432,0.7299857866720008,0.9634799,0.0,0.01,False,0.06486155794383014,0,0.41,0.607851282051282
350526,德化县,0.7708397270425339,2,0.6918440230289256,0.476578856,0.7403658427799485,0.9740871,0.0,0.01,False,0.11681916995555593,0,0.19,0.350089228808158
350525,永春县,0.7797572070959524,2,0.7026285349005477,0.502245668,0.7530596564005175,0.9564806,0.0,0.0,False,0.16812203001345666,0,0.07,0.1786142983230362
350527,金门县,0.8108587874199332,3,0.7295500757619582,0.683999092,0.7525265301759047,0.7559645,0.0,0.0,False,0.21220807645221412,0,0.28,0.46150513112884844
350125,永泰县,0.7684606458296577,2,0.689690273193934,0.47230295199999994,0.7402594116560636,0.9706022000000001,0.0,0.0,False,0.22878127696944775,0,0.094,0.21297335423197494
350128,平潭县,0.7973397874144389,3,0.7123920000085221,0.656374808,0.7388809468085988,0.747153,0.0,0.0,False,0.3977407452591496,0,0.042,0.12889808917197454
350205,海沧区,0.8110727881141925,3,0.7598188899608399,0.66364368,0.8640617438340803,0.7810315999999999,1.0,0.0,False,0.348220538600385,0,0.05,0.14397410358565738
350722,浦城县,0.7621966210881959,2,0.6645536280162018,0.467672004,0.6592598344907945,0.9596389,0.0,0.0,False,0.220503324029141,0,0.096,0.21547826086956523
350103,台江区,0.7978624051354921,3,0.7313485824705647,0.686750612,0.8206192129488186,0.6995892,0.22333333333333333,0.0,False,0.2919499859226008,0,0.034,0.1125933562428408
350430,建宁县,0.7612574812312055,2,0.6559608377397087,0.469572332,0.6290404088190366,0.9559879,0.0,0.0,False,0.10843027768079401,0,0.34,0.530745140388769
350524,安溪县,0.7830969379370474,2,0.7267922301862209,0.50683706,0.8523694722238901,0.9527585999999999,0.20666666666666667,0.0,True,0.1498384855575272,0,0.124,0.25533048433048433
350124,闽清县,0.7753298703770801,2,0.7026658931274526,0.491763992,0.7687635347215905,0.9581918,0.0,0.0,False,0.15796431448172768,0,0.208,0.373495652173913
350303,涵江区,0.786088624646558,2,0.7232538985275234,0.531695848,0.8125188215811049,0.9174096,0.07666666666666666,0.0,False,0.3925997503858693,0,0.03,0.10449397590361445
350783,建瓯市,0.7701899363506832,2,0.6860478428439984,0.47993526799999997,0.7176154258508181,0.9657041000000001,0.0,0.0033333333333333335,False,0.08736378468924637,0,0.406,0.603468380462725
350102,鼓楼区,0.8049208325324697,3,0.7550571326174045,0.677966696,0.876589770427999,0.7395134,1.0,0.0,False,0.16240787476709856,0,0.05,0.14397410358565738
350627,南靖县,0.7865096969504827,2,0.7077428675148101,0.5199431919999999,0.750139679685191,0.9486732,0.0,0.0,False,0.138078317292453,0,0.154,0.29661159227181877
350322,仙游县,0.7853120180859731,2,0.7209579205371257,0.523111464,0.8083456411914822,0.9314673,0.043333333333333335,0.0,False,0.32568275220594955,0,0.054,0.15127325581395348
350213,翔安区,0.8091599472043072,3,0.7535816243323589,0.66901296,0.8478326409872561,0.7660072,1.0,0.0,False,0.2591625589372098,0,0.238,0.41127196652719666
350503,丰泽区,0.807228555335356,3,0.7514726397352817,0.6603381199999999,0.8499323857923331,0.7687877,1.0,0.0,False,0.3508222578619971,0,0.198,0.3609192938209332
350111,晋安区,0.7799993016074068,2,0.730439961516183,0.5030081399999999,0.8856260591629344,0.9455762,0.3433333333333333,0.0,True,0.18365096088874652,0,0.058,0.15863576158940398
350924,寿宁县,0.7654789577842045,2,0.6481029101163145,0.46626940399999994,0.5938125850030933,0.9785006,0.0,0.05333333333333334,False,0.11969109862858529,0,0.124,0.25533048433048433
350212,同安区,0.8003308108814163,3,0.7405013052742705,0.58761618,0.8220844732465921,0.8705575,0.8666666666666667,0.0,False,0.261220392248333,0,0.24,0.41398568019093074
350429,泰宁县,0.7533208416151064,2,0.6304371181924642,0.449866236,0.5602612500086241,0.964777,0.0,0.0,False,0.11600284075603602,0,0.338,0.5281935135135135
350623,漳浦县,0.8050885447824533,3,0.7432021165918702,0.611772004,0.8153136298168847,0.8441429,0.9633333333333334,0.0,False,0.5059109628893755,0,0.032,0.10807476635514018
350105,马尾区,0.7844216057296189,2,0.72387106162185,0.548530924,0.8183574215576512,0.8746059,0.06666666666666667,0.0,False,0.38671649202577396,0,0.078,0.1904543918918919
350428,将乐县,0.7550533632400068,2,0.6599314338669204,0.448517096,0.6595967219361998,0.973686,0.0,0.0033333333333333335,False,0.0928241853106127,0,0.446,0.6453383383383383
350921,霞浦县,0.7746271255594116,2,0.6953614167971481,0.516986892,0.7393309542440094,0.899219,0.0,0.0,False,0.44177419511806815,0,0.044,0.132366285119667
350624,诏安县,0.8027210444775184,3,0.7180175154687737,0.5733433320000001,0.7341252155207539,0.9084517,0.0,0.0,False,0.4425084006430869,0,0.022,0.0853718120805369
350581,石狮市,0.8147577626906156,3,0.7622904501760499,0.726447928,0.8855501981055891,0.7036944,1.0,0.0,False,0.07283095229520885,0,0.12,0.24886657101865134
350922,古田县,0.7756304408333566,2,0.683371630804501,0.49552167999999996,0.6919308981596373,0.9552925999999999,0.0,0.0,False,0.14782713648472126,0,0.178,0.3337211413748378
350481,永安市,0.7655034310271109,2,0.6965186420006741,0.470292532,0.775232467893327,0.9637756,0.0,0.04,True,0.05306612351236509,0,0.496,0.6940638915779284
350424,宁化县,0.7693368376507472,2,0.6772264086036213,0.486565936,0.6838134785483508,0.9520377999999999,0.0,0.0,False,0.0872802677875092,0,0.356,0.5486119402985075
350802,新罗区,0.7732497859490183,2,0.7226961792979784,0.481610188,0.8801589366373752,0.9622015,0.10666666666666667,0.09333333333333334,True,0.045164864196384234,0,0.542,0.7436744186046512
350583,南安市,0.8045991629438192,3,0.7635017923796178,0.5895692479999999,0.9294754794422279,0.8734486,1.0,0.0,False,0.1955305003115842,0,0.192,0.35287476160203435
350925,周宁县,0.762695626094676,2,0.6451231614716868,0.46083191199999995,0.5906996678611219,0.9771088,0.0,0.0033333333333333335,False,0.15885573080472498,0,0.184,0.34164675658317273
350602,芗城区,0.8108497857072541,3,0.7574445188308633,0.682000552,0.8574053285319304,0.7549141,1.0,0.0,False,0.22966667775175464,0,0.032,0.10807476635514018
350404,三元区,0.762528329493674,2,0.49182986664553924,0.467033412,0.02743072085291358,0.9665874000000001,0.0,0.0,False,0.0870359946209817,0,0.462,0.6605548961424332
350824,武平县,0.7713783451495202,2,0.6873965473434087,0.48271577599999993,0.7179221935492952,0.9671522,0.0,0.07,False,0.05082263350266627,0,0.42,0.6204496678589678
350821,长汀县,0.7706715806704899,2,0.6901156450305912,0.48294971200000003,0.7300652408450221,0.9632010999999999,0.0,0.06,False,0.05489309689381146,0,0.422,0.6227677386421644
350203,思明区,0.8186355302171907,3,0.7837257884411847,0.684110472,0.9880841724649809,0.7660238,1.0,0.0,False,0.07072003562178508,0,0.046,0.13709896907216493
350423,清流县,0.7670669229588776,2,0.6559489817742528,0.478862888,0.6159667071644446,0.9594391,0.0,0.0,False,0.07699875665635664,0,0.46,0.6599801488833748
350926,柘荣县,0.7666842656883883,2,0.6379437625056888,0.474783432,0.5591169122085007,0.9624210000000001,0.0,0.0,False,0.25212422615765484,0,0.07,0.1786142983230362
350725,政和县,0.767094500446925,2,0.6498710859771587,0.47081032,0.5970384935874341,0.9738608,0.0,0.0033333333333333335,False,0.1338839175242335,0,0.22,0.38758074344911636
350923,屏南县,0.7699176386772354,2,0.6552995552973957,0.477142516,0.608146949777861,0.9736294,0.0,0.02666666666666667,False,0.1027682597888157,0,0.152,0.29432819825853984
350823,上杭县,0.7768467436241981,2,0.7076389017518766,0.49600617999999996,0.7826829704082001,0.9574775,0.0,0.0,False,0.06466590103229418,0,0.472,0.6698831615120274
350582,晋江市,0.8234491476076513,3,0.7843023031498705,0.732663228,1.0,0.7117576999999999,1.0,0.5866666666666667,True,-0.1589461165061363,0,0.086,0.20131659919028339
350622,云霄县,0.7975897373949135,3,0.707258712179843,0.551683912,0.7141246741390015,0.929835,0.0,0.0,False,0.37010119554551885,2,0.008,0.04758847736625514
350104,仓山区,0.7978464019254788,3,0.7429041248483498,0.6761554439999999,0.8687318196327455,0.7109270999999999,0.9766666666666667,0.0,False,0.31613400466472175,0,0.044,0.132366285119667
350604,龙海区,0.8051164186829993,3,0.4937731263076097,0.623925196,0.015447407043756146,0.8329592,0.0,0.0,False,0.42592799299306555,0,0.082,0.19543446001648807
350181,福清市,0.7931838321500235,3,0.7519660435691732,0.59245824,0.9277109822266856,0.8176547,1.0,0.0,False,0.546281954959087,0,0.038,0.12112238147739803
621022,环县,0.8892228154740881,5,0.767525513131888,0.7941025119999999,0.6325183023366323,0.9597348,1.0,1.0,False,6.597715270424332,1,0.002,0.019801369863013698
622924,广河县,0.8604885857433946,4,0.6660325709064772,0.8033623320000001,0.45663906541442556,0.7978771,0.0,1.0,False,0.9556244127462776,0,0.014,0.06434658187599365
621226,礼县,0.8219981488480113,3,0.6727962254622915,0.6412372559999999,0.5361866439466085,0.8952316,0.0,0.92,False,0.10887864637712522,0,0.524,0.723440305635148
620924,阿克塞哈萨克族自治县,0.8560889528838838,4,0.60399416900855,0.866007836,0.32795022054378387,0.6837708,0.0,0.9966666666666667,False,1.317635838511728,1,0.004,0.03285227272727273
621026,宁县,0.8343870519017564,4,0.6890010685525583,0.685589692,0.5554881740029038,0.8708154,0.0,1.0,False,0.5137823916943233,0,0.046,0.13709896907216493
620725,山丹县,0.8960574588620648,5,0.7404372118869994,0.8341063639999999,0.5612976068813735,0.9152721,0.7266666666666667,1.0,False,4.442761902399057,1,0.002,0.019801369863013698
621025,正宁县,0.8190185319402857,3,0.6506949921517915,0.6385448119999999,0.4887342023261025,0.8759300999999999,0.0,0.0033333333333333335,False,0.026078557102171274,0,0.494,0.6922704798836645
620981,玉门市,0.8575526865824441,4,0.7482925841295943,0.84701758,0.6995988111612382,0.7156409,0.9933333333333333,0.9266666666666666,False,0.515752748604104,0,0.02,0.08030555555555556
621122,陇西县,0.8656663483393289,4,0.7237237392258133,0.787611736,0.5787013847506578,0.8511161,0.14,1.0,False,2.144715607827584,1,0.002,0.019801369863013698
623001,合作市,0.8934988504506658,5,0.7290918590944337,0.7855545319999999,0.5371210630746809,0.9899921,0.34,1.0,False,2.3845893000885745,0,0.024,0.09105511811023623
621222,文县,0.7112563715751955,1,0.5974530563849144,0.372244068,0.5411350312182838,0.951653,0.0,0.0,False,1.751436238721382,0,0.01,0.05294871794871795
620802,崆峒区,0.8356777986042095,4,0.7280148466139379,0.727143984,0.6635700380424769,0.8049255,0.04666666666666667,1.0,False,1.4749630908319569,1,0.006,0.04189855072463768
621202,武都区,0.7706347754232427,2,0.6686256705229263,0.502174348,0.6483938288073116,0.9278466000000001,0.0,0.0,False,0.5918146870904448,0,0.012,0.05889983022071307
620422,会宁县,0.887381932394908,5,0.7340443227713336,0.8014611279999999,0.5567239748030905,0.9359773,0.52,1.0,False,5.165046452741889,1,0.002,0.019801369863013698
621224,康县,0.7406058660501507,1,0.5839029389997538,0.42873043199999994,0.43186196025878465,0.9549621,0.0,0.0,False,0.6894393183384748,2,0.008,0.04758847736625514
622921,临夏县,0.8574100488318772,4,0.6886682943366301,0.7700975680000001,0.5155386385893134,0.8302083,0.0,1.0,False,1.043943395928069,1,0.002,0.019801369863013698
621024,合水县,0.8262484850448929,3,0.6878809799182632,0.6160986079999999,0.5705422692243107,0.9568819,0.0,0.89,False,0.6125625256561146,1,0.006,0.04189855072463768
622901,临夏市,0.8591525929178423,4,0.721500306426074,0.80390824,0.5991162436453805,0.790761,0.04666666666666667,1.0,False,1.0091817653131945,1,0.004,0.03285227272727273
621225,西和县,0.7975659093517871,3,0.6323975103355379,0.6014357399999999,0.4853472393339913,0.8503166999999999,0.0,0.0,False,0.14550707593077827,0,0.3,0.4842546063651591
620723,临泽县,0.8624471302789811,4,0.6934896970561311,0.845533088,0.5392190945199281,0.7404295999999999,0.0,0.8733333333333333,False,0.6112461061575917,1,0.002,0.019801369863013698
621023,华池县,0.8663402253148949,4,0.7472666228334527,0.7244727320000001,0.6320997043934005,0.9657984,0.9766666666666667,1.0,False,3.897913413993785,1,0.002,0.019801369863013698
621125,漳县,0.8519110919708593,4,0.6643762928965692,0.69923212,0.4511011065251064,0.9287446,0.0,1.0,False,1.1657486181545176,0,0.022,0.0853718120805369
620823,崇信县,0.8240944766397943,3,0.6649810330839817,0.687557204,0.522731354790509,0.8171691,0.0,1.0,False,0.9039582870279497,0,0.114,0.2402142857142857
629700,中农发山丹马场,0.8852515689704509,5,0.5486868434312283,0.80169272,0.020561105587528255,0.9180547,0.0,1.0,False,4.264910376071733,1,0.002,0.019801369863013698
620523,甘谷县,0.8415776328886173,4,0.7023392917837319,0.7460175039999999,0.5817574820883089,0.8054526,0.0,1.0,False,1.0282828725827198,0,0.028,0.10030731102850063
620521,清水县,0.8279212829852777,4,0.6558328691015762,0.674691532,0.4809137712977848,0.8628502,0.0,1.0,False,0.20886769435574198,0,0.336,0.5270623982637005
621124,临洮县,0.8742596531411071,5,0.7344272511967398,0.804187956,0.5883522876748072,0.8617091,0.53,1.0,False,2.285150054748712,1,0.002,0.019801369863013698
620503,麦积区,0.790576093489965,3,0.6921231032635271,0.550899112,0.6765028485514564,0.9099489999999999,0.0,0.0,False,-0.025902990352646683,0,0.846,0.9374419317746263
620922,瓜州县,0.8284423931774686,4,0.6758551578666925,0.8513066119999999,0.610426196982174,0.5987514,0.0,1.0,False,1.0359846128619792,0,0.018,0.07552685050798258
620122,皋兰县,0.8777432543636403,5,0.7116954135191821,0.8135133480000001,0.5274830616186218,0.8636054,0.0033333333333333335,1.0,False,8.250202462287756,1,0.002,0.019801369863013698
620721,肃南裕固族自治县,0.868190094812432,4,0.6790872127625474,0.765130084,0.4644202414154225,0.8872849,0.0,1.0,False,2.145782479915544,1,0.004,0.03285227272727273
621121,通渭县,0.8622009121642805,4,0.7046079461045361,0.77457144,0.5361013490273328,0.8594440999999999,0.0,1.0,False,2.2981595769094474,1,0.002,0.019801369863013698
621027,镇原县,0.8635168665731421,4,0.7291052897069097,0.76491066,0.5903575449941272,0.8835250000000001,0.2966666666666667,1.0,False,2.9486643135741977,1,0.002,0.019801369863013698
620602,凉州区,0.8690595033028605,4,0.7914234795297955,0.826039,0.7561387353826889,0.7964507,1.0,1.0,False,2.255663801516174,1,0.002,0.019801369863013698
621123,渭源县,0.8586876977999028,4,0.6879521900368135,0.76064072,0.5063783839204227,0.854661,0.0,1.0,False,1.0299474154673287,1,0.008,0.04758847736625514
620524,武山县,0.8477378925247154,4,0.698396674911691,0.716635584,0.550601383981779,0.8798531,0.0,1.0,False,1.1314388959921378,1,0.008,0.04758847736625514
620102,城关区,0.8865189027453275,5,0.8227175704957291,0.805126516,0.771991687642302,0.9171388,1.0,1.0,False,5.680530141992915,1,0.002,0.019801369863013698
620921,金塔县,0.8532194709415409,4,0.6972364860240923,0.8422034279999999,0.57660929281621,0.7062028,0.0,0.8466666666666667,False,0.4739522629827003,0,0.012,0.05889983022071307
621102,安定区,0.8819104957479249,5,0.7601868930929722,0.800153628,0.6295582157373499,0.9091546,1.0,1.0,False,4.218301978493973,1,0.002,0.019801369863013698
620402,白银区,0.8929179005030832,5,0.8020747349159878,0.815326936,0.7070706565067267,0.9349119,1.0,1.0,False,7.537085305529287,1,0.002,0.019801369863013698
620423,景泰县,0.858175029764572,4,0.6961304899133011,0.822631192,0.5479447464998345,0.7563784,0.0,1.0,False,9.548592177191347,1,0.002,0.019801369863013698
620302,金川区,0.8678250393825004,4,0.78815314737311,0.8401907239999999,0.7622456170738794,0.7685200000000001,1.0,1.0,True,1.6205826230749927,1,0.002,0.019801369863013698
622922,康乐县,0.8546020138505455,4,0.6519675104473607,0.785520968,0.43162581719480414,0.7973789,0.0,1.0,False,0.6491434919263014,0,0.022,0.0853718120805369
620103,七里河区,0.8797135851248197,5,0.8243453431600429,0.78057136,0.7991373026447617,0.9191940999999999,1.0,1.0,False,4.549854454224747,1,0.002,0.019801369863013698
623021,临潭县,0.8619209141984321,4,0.663925325270262,0.7191252720000001,0.4312707632269577,0.9389566,0.0,1.0,False,1.4929319397331824,0,0.016,0.06997881996974281
622926,东乡族自治县,0.880539486168656,5,0.6959296135377003,0.7964126319999999,0.47914921637639374,0.9059115999999999,0.0,1.0,False,3.01604673182935,1,0.002,0.019801369863013698
620622,古浪县,0.8931936818514024,5,0.7412122900482585,0.82452186,0.56623358065581,0.9205599,0.7433333333333333,1.0,False,4.8701699803716885,1,0.002,0.019801369863013698
620104,西固区,0.8830789698323188,5,0.8172453223497298,0.7998491719999999,0.7674831368831058,0.9076769,1.0,1.0,False,5.475512736981055,1,0.002,0.019801369863013698
621227,徽县,0.7613948611620005,2,0.6261417050463348,0.480901284,0.5345905435221255,0.9278777,0.0,0.0,False,0.3583846314631679,0,0.078,0.1904543918918919
620502,秦州区,0.8188473449938162,3,0.725239573184221,0.6531619320000001,0.6936728083683992,0.8548798000000001,0.006666666666666667,0.5,False,0.02197062136373724,0,0.742,0.9101069155706406
620923,肃北蒙古族自治县,0.8617526362360092,4,0.643879335724039,0.841543428,0.4122769112544904,0.7420371,0.0,1.0,False,1.1979918770628915,0,0.044,0.132366285119667
623023,舟曲县,0.7530864607358391,2,0.5937836916968825,0.44174452799999997,0.44495254975735443,0.9661724,0.0,0.0,False,0.3389789724681673,0,0.586,0.786502321262767
629800,莲花山风景林自然保护区,0.8042088349315326,3,0.5036900731108456,0.54952078,0.0,0.9685147,0.0,0.0,False,-0.4621515423445003,0,0.018,0.07552685050798258
623026,碌曲县,0.90050477771114,5,0.6640767810563099,0.8129645879999999,0.3599054236772965,0.9746658,0.0,1.0,False,6.495218134963783,1,0.002,0.019801369863013698
622927,积石山保安族东乡族撒拉族自治县,0.8722564836134598,4,0.676342037734363,0.783481316,0.4494043373995447,0.8804276000000001,0.0,1.0,False,2.0489247326821123,1,0.002,0.019801369863013698
620200,嘉峪关市,0.8469314332227009,4,0.7484719488531482,0.841699424,0.7430496339827838,0.678617,0.9966666666666667,0.9266666666666666,False,0.5991781768024279,0,0.016,0.06997881996974281
620105,安宁区,0.89428834587747,5,0.8064615532858778,0.8121527399999999,0.7150930758144171,0.947839,1.0,1.0,False,6.822615243634049,1,0.002,0.019801369863013698
620111,红古区,0.8916949128556428,5,0.763799652120115,0.8152041999999999,0.6205102380415392,0.929924,1.0,1.0,False,5.854195008355455,1,0.002,0.019801369863013698
620621,民勤县,0.8551017290566837,4,0.7060501381324095,0.8430521719999999,0.5936081718243327,0.7127209999999999,0.0,0.5633333333333334,False,0.5470330324496973,1,0.002,0.019801369863013698
620321,永昌县,0.8815858627792357,5,0.7433695979298789,0.831717936,0.6001116380264201,0.8485242,0.8366666666666667,1.0,False,3.6739285610095744,1,0.002,0.019801369863013698
629900,太子山天然林保护区,0.8300882914660294,4,0.519258197533599,0.602596556,0.0,0.9938947,0.0,0.7066666666666667,False,0.504198911665907,0,0.014,0.06434658187599365
623024,迭部县,0.795409427995561,3,0.6058643814433706,0.5221332519999999,0.39614567137359347,0.9859755000000001,0.0,0.0,False,-0.41627479291642616,0,0.056,0.15522147651006712
620123,榆中县,0.8797025776450546,5,0.7699598822981467,0.794069924,0.6594951157987201,0.9026234,1.0,1.0,False,5.950790939748531,1,0.002,0.019801369863013698
620722,民乐县,0.8772085001581905,5,0.7155045582211679,0.8144994400000001,0.5412988301484528,0.85333,0.02666666666666667,1.0,False,2.135865502727799,1,0.002,0.019801369863013698
623025,玛曲县,0.9028093924894104,5,0.679662761128981,0.830367508,0.3988892657362856,0.9569951,0.0,1.0,False,9.832899006839437,1,0.002,0.019801369863013698
621126,岷县,0.8637776517771182,4,0.7052203769441509,0.7293373639999999,0.5313180780430953,0.9397192999999999,0.0,1.0,False,1.0648664423739564,0,0.094,0.21297335423197494
620826,静宁县,0.8477041821937488,4,0.7085380670514231,0.7659006399999999,0.5836025450560115,0.8044936,0.0,1.0,False,1.1922164517817537,1,0.006,0.04189855072463768
623027,夏河县,0.8965340339056604,5,0.6808985439984669,0.79847128,0.4109823243106807,0.9797845000000001,0.0,1.0,False,4.773622804456361,1,0.002,0.019801369863013698
620421,靖远县,0.8893289155981499,5,0.7471978524250285,0.821292536,0.5876427706787796,0.9062751,0.9133333333333333,1.0,False,7.106746951880035,1,0.002,0.019801369863013698
621228,两当县,0.7423827689175998,1,0.5576129287073781,0.43125448,0.33991828363366733,0.9529690999999999,0.0,0.0,False,0.44626344337860585,0,0.016,0.06997881996974281
620724,高台县,0.8615840426979193,4,0.6894949327121712,0.84366994,0.5309629511538181,0.7393345,0.0,0.9,False,0.5665907778071024,0,0.01,0.05294871794871795
621221,成县,0.7716629400928737,2,0.63949452394955,0.5236083119999999,0.5600078573891384,0.8825664,0.0,0.0,False,0.37177199609031947,0,0.218,0.38570257037943695
623022,卓尼县,0.8558388756076725,4,0.6648649388399707,0.678780696,0.4445979774394905,0.9813848,0.0,1.0,False,1.3000147469618306,0,0.02,0.08030555555555556
621002,西峰区,0.8475722300282658,4,0.763363892607694,0.745600692,0.7199782885738975,0.8352515,1.0,1.0,False,1.1479796103924813,0,0.018,0.07552685050798258
620522,秦安县,0.8380706540567221,4,0.6979435065462954,0.751834344,0.5803525789308103,0.7843664,0.0,1.0,False,0.589642045390411,0,0.078,0.1904543918918919
621223,宕昌县,0.8131207782520761,3,0.640058872259253,0.588527544,0.46163241410870204,0.9490156,0.0,0.5266666666666666,False,0.04123431807195016,0,0.624,0.8233610223642173
620825,庄浪县,0.8408326033526831,4,0.696313993007019,0.7307354599999999,0.5639197890224896,0.8276804,0.0,1.0,False,0.7438679496449032,0,0.022,0.0853718120805369
621021,庆城县,0.8702931403450375,4,0.7420671834249959,0.7605739359999999,0.6060302021652578,0.9264144000000001,0.8,1.0,False,3.530521986681418,1,0.002,0.019801369863013698
620821,泾川县,0.8383410484850752,4,0.6690619533233687,0.732734188,0.5003914968286642,0.8151803,0.0,1.0,False,0.8159436986987104,0,0.012,0.05889983022071307
620525,张家川回族自治县,0.8306886103292567,4,0.6513765185370869,0.6825577519999999,0.4638432858742251,0.861156,0.0,1.0,False,0.4034200600854809,0,0.12,0.24886657101865134
620822,灵台县,0.8241194525508319,3,0.6538450255291511,0.680032648,0.4883595986461746,0.8343775999999999,0.0,1.0,False,0.33881801319654253,0,0.264,0.4427053364269142
620982,敦煌市,0.858799696429591,4,0.6993830081516292,0.8589792319999999,0.5728266501542464,0.7057251,0.0,0.87,False,0.5741760061726409,1,0.006,0.04189855072463768
622923,永靖县,0.8759701638779366,5,0.7227094249145215,0.794520068,0.555239539515458,0.8842783,0.14,1.0,False,5.578821952093322,1,0.002,0.019801369863013698
620623,天祝藏族自治县,0.8781906968588209,5,0.7195999153398503,0.749488044,0.5421146175181595,0.9715263,0.06666666666666667,1.0,False,5.119864870674588,1,0.002,0.019801369863013698
622925,和政县,0.8551071116641441,4,0.6625410374160059,0.781428648,0.4567035363949267,0.8054067,0.0,1.0,False,0.9223932192907877,0,0.01,0.05294871794871795
620702,甘州区,0.875469168226954,5,0.7740080229013986,0.839827284,0.6952381538939063,0.8049657,1.0,1.0,False,1.7630666198156744,1,0.002,0.019801369863013698
620403,平川区,0.8875579389639378,5,0.7463221868109704,0.822422352,0.5894925506518749,0.8955655,0.8966666666666666,1.0,False,7.0796990383233105,1,0.002,0.019801369863013698
620902,肃州区,0.8614894879440399,4,0.757474172299986,0.839979348,0.70366521942965,0.7426831,1.0,0.98,False,0.6757068543271253,0,0.012,0.05889983022071307
620121,永登县,0.8888278514958529,5,0.7646275221507054,0.7968944,0.628284123067954,0.9458675000000001,1.0,1.0,False,6.892547772028727,1,0.002,0.019801369863013698
620881,华亭市,0.8313063891865023,4,0.7045113986040601,0.650942876,0.6016173948851499,0.9196741,0.0,1.0,False,0.7861001915467989,0,0.032,0.10807476635514018
440705,新会区,0.7978563744326249,3,0.7455247858692163,0.632629848,0.8641629474240738,0.7756670999999999,1.0,0.0,False,0.6525724732793978,0,0.016,0.06997881996974281
440111,白云区,0.8069707352020025,3,0.7725141329740844,0.6494701279999999,0.9918005292267384,0.7743220000000001,1.0,0.0,True,0.0075779669659802465,0,0.958,0.9828168914123492
441303,惠阳区,0.8072620850225748,3,0.7676304997595326,0.611235328,0.9330238303830457,0.8454635,1.0,0.0,False,0.2483744098825032,0,0.102,0.2235648218347233
441302,惠城区,0.806763374757154,3,0.7694567196114082,0.621113092,0.9540953667821183,0.8226743000000001,1.0,0.0,False,0.20551015460098612,0,0.23,0.3993573573573574
440104,越秀区,0.8108476393235851,3,0.7715773706791219,0.690790436,1.0,0.7187053999999999,1.0,0.29333333333333333,False,0.009024476905534094,0,0.852,0.9397680274704312
440205,曲江区,0.7560101096663377,2,0.6587251676738137,0.49162206799999997,0.6684480643167402,0.8663134,0.0,0.0,False,0.12288442877243339,0,0.14,0.28048510048510056
441423,丰顺县,0.7880718630676717,2,0.6681450889058123,0.516386896,0.6110925771540989,0.9626728,0.0,0.006666666666666667,False,0.14177831193262383,0,0.088,0.20417977528089887
440106,天河区,0.8187916977151459,3,0.7755870653403154,0.6703406279999999,1.0,0.7544093,1.0,0.9866666666666667,False,-0.0730839810996131,0,0.814,0.9273018867924528
441881,英德市,0.7611065689979094,2,0.6862200059001423,0.504665892,0.7547450565084848,0.857058,0.0,0.0,False,0.12367961970342513,0,0.112,0.23651716581446314
440304,福田区,0.8246821522300634,3,0.7832888009978511,0.68745148,1.0,0.7572517000000001,1.0,0.8666666666666667,False,-0.2731382784999751,0,0.038,0.12112238147739803
441223,广宁县,0.7686186424921738,2,0.6681837355972221,0.474689636,0.6556960112665942,0.9733061,0.0,0.11333333333333333,False,0.09080702125994652,0,0.05,0.14397410358565738
440232,乳源瑶族自治县,0.7491800931742018,2,0.6373306091398103,0.445353648,0.5942204102955375,0.9556053,0.0,0.0,False,0.2275132351679853,0,0.118,0.24559971202303815
441224,怀集县,0.7692418324721483,2,0.6853124437642473,0.487710176,0.7148690094729626,0.9461017,0.0,0.0,False,0.13534760433975332,0,0.222,0.39015319148936173
440303,罗湖区,0.808395573095976,3,0.7726717075485953,0.6102936880000001,0.9916308295477249,0.838089,1.0,0.0,False,0.19839528620644242,0,0.25,0.42690490253987007
440904,电白区,0.8117003945544927,3,0.7559854064563072,0.650628228,0.8410563371624475,0.8050594999999999,1.0,0.0,False,0.3441008712250428,0,0.08,0.1924126455906822
440282,南雄市,0.767796553020789,2,0.6542008351612087,0.508822192,0.6143174406027297,0.8942228,0.0,0.0,False,0.13795606106467914,0,0.342,0.5330037735849057
442000,中山市,0.8081525367685151,3,0.768780511040376,0.660627532,1.0,0.7450883,1.0,0.0,False,0.1989356109413947,2,0.006,0.04189855072463768
441624,和平县,0.7680195705527297,2,0.6556334649448514,0.484187648,0.6136955984069391,0.9503736,0.0,0.0033333333333333335,False,0.07898611134641377,0,0.302,0.4861258351893096
445222,揭西县,0.7984506014224063,3,0.7032727991586569,0.562000552,0.6957096614184152,0.9154623000000001,0.0,0.0,False,0.30897747703001593,0,0.052,0.14781907571288103
441826,连南瑶族自治县,0.7431761791626462,1,0.6179832179900353,0.42640223999999993,0.539269016681879,0.9725442,0.0,0.0,False,0.24696489892989587,0,0.164,0.3135740740740741
441521,海丰县,0.7978134514551857,3,0.7217234748438762,0.5862112879999999,0.7618235774547462,0.8604215000000001,0.0,0.0,False,0.5537614453304944,0,0.034,0.1125933562428408
441704,阳东区,0.7941040843486785,3,0.7107454694972789,0.56640588,0.7318504019244139,0.8880017,0.0,0.0,False,0.44984479824166,0,0.016,0.06997881996974281
441424,五华县,0.7919464682138075,3,0.6845331737568434,0.538928936,0.6522902457696567,0.9349874999999999,0.0,0.0,False,0.15614761749228048,0,0.228,0.3968380493678507
440513,潮阳区,0.8099912800573676,3,0.7378905479476744,0.67789882,0.7894964797080006,0.7543104,0.98,0.0,False,0.5472779326980951,2,0.006,0.04189855072463768
441900,东莞市,0.8305166128671363,4,0.7745540435702747,0.6690664040000001,1.0,0.7527522,1.0,1.0,False,-0.14696197930050633,0,0.798,0.92512
440115,南沙区,0.7901413965496528,3,0.745591312476705,0.6474112599999999,0.9679817482368404,0.7005251,0.9666666666666667,0.0,False,-0.17959839364903546,0,0.59,0.7896712962962962
440982,化州市,0.8044704387880427,3,0.7424331400163596,0.59939466,0.8116877557244966,0.8683310999999999,0.9366666666666666,0.0,False,0.2911067721648961,0,0.094,0.21297335423197494
441721,阳西县,0.794770286451765,3,0.6993147946730073,0.605289448,0.702143939423929,0.8106476,0.0,0.0,False,0.3940850253072334,0,0.08,0.1924126455906822
441781,阳春市,0.7868074805475239,2,0.7051170958367518,0.535008808,0.7364485561786689,0.9181979999999998,0.0,0.0,False,0.1878202290842617,0,0.15,0.29241402562373564
441523,陆河县,0.7917020736850652,3,0.6749126538222379,0.52688558,0.6229940887402393,0.9586623000000001,0.0,0.0,False,0.21011010745881278,0,0.016,0.06997881996974281
440514,潮南区,0.8142656529961101,3,0.7446861383350649,0.6542693399999999,0.7850925525454602,0.8133942,1.0,0.0,False,0.4912541498277016,0,0.012,0.05889983022071307
440804,坡头区,0.803598461297239,3,0.7140779656533025,0.7016041879999999,0.7480533589520223,0.6943576,0.0,0.0,False,0.39135886919702806,0,0.07,0.1786142983230362
440307,龙岗区,0.8173566383209843,3,0.7757020935412752,0.611365308,1.0,0.8461119,1.0,0.22333333333333333,True,-0.09816805894576594,0,0.066,0.1718972972972973
441821,佛冈县,0.7762625971533892,2,0.6703564947233014,0.510346648,0.6432337480368433,0.9296089999999999,0.0,0.0,False,0.17424394596752743,0,0.178,0.3337211413748378
440902,茂南区,0.8195625122087425,3,0.7682552442404287,0.728881928,0.8806496430424352,0.7200979000000001,1.0,0.0,False,0.05556080017704515,0,0.04,0.12488120950323973
440222,始兴县,0.763862988012567,2,0.6426437875592899,0.477218304,0.5801008886478486,0.9479272,0.0,0.0,False,0.1409530843117414,0,0.242,0.4156993464052287
440703,蓬江区,0.800263779060764,3,0.7457576727674082,0.651867212,0.8521265341949544,0.7596198999999999,1.0,0.0,False,0.166799002269597,0,0.488,0.6861906614785992
441823,阳山县,0.7550212098605155,2,0.6491403964389857,0.455395672,0.6218571347186256,0.9575001,0.0,0.0,False,0.21794570951163017,0,0.14,0.28048510048510056
441226,德庆县,0.7736752069948342,2,0.6632598912113896,0.499596948,0.6295582157373499,0.9350186,0.0,0.0033333333333333335,False,0.09233809943888645,0,0.212,0.37856207535515746
440606,顺德区,0.8077133017164462,3,0.7649804069085343,0.6883729239999999,1.0,0.7023985,1.0,0.08,False,-0.014150320719599528,0,0.764,0.9187703826955076
441602,源城区,0.7904922659440203,3,0.7229107744894031,0.579587312,0.7873105040797012,0.8462333000000001,0.0,0.0,False,0.3024070902382063,0,0.172,0.3260668852459016
445224,惠来县,0.8110514508043577,3,0.7313852688139818,0.654929416,0.7543473860587199,0.7975389,0.016666666666666666,0.0,False,0.5218022147670327,2,0.004,0.03285227272727273
440507,龙湖区,0.8102087247493518,3,0.73706923416782,0.7224708160000001,0.8081410048143659,0.6897721,0.72,0.0,False,0.4852231275426862,0,0.01,0.05294871794871795
440103,荔湾区,0.8034857429927784,3,0.7528285999772447,0.700099308,0.893365979489593,0.6994985,1.0,0.0,False,-0.019335278066089666,0,0.708,0.8899252173913044
445321,新兴县,0.7835959737990655,2,0.6980928933309686,0.5236630879999999,0.719798108717754,0.9307211,0.0,0.0,False,0.19304354435447327,0,0.11,0.23331621423330887
441422,大埔县,0.7792368667311278,2,0.6518101429874962,0.511649984,0.5845323234707847,0.9255336,0.0,0.16666666666666666,False,0.026753007747559454,0,0.252,0.42905300353356896
445103,潮安区,0.8057125294591144,3,0.742943749012752,0.593965708,0.8132795122570458,0.8800131,0.94,0.0,False,0.4547118654736631,0,0.022,0.0853718120805369
440608,高明区,0.7943973788548966,3,0.7463689799114531,0.580625084,0.8747149958678264,0.8568408,0.9566666666666667,0.0,False,0.24851921604903265,0,0.136,0.27437264480111656
440607,三水区,0.7965136719443021,3,0.7518695964943887,0.65676484,0.9166956784471925,0.7315925000000001,1.0,0.0,False,0.1340291214400854,0,0.372,0.5681204437400951
440784,鹤山市,0.792418180168228,3,0.722302783631973,0.576033832,0.7770448915173459,0.862712,0.0,0.0,False,0.2032113786192663,0,0.328,0.5173202400436443
445281,普宁市,0.807806432453519,3,0.7454257253670338,0.6005838480000001,0.8129583184050944,0.8787573,0.9766666666666667,0.0,False,0.38678267384555465,0,0.014,0.06434658187599365
440883,吴川市,0.816346796369218,3,0.7214282824037547,0.721583488,0.7187352578516771,0.7239813,0.0,0.0,False,0.22970206445306557,0,0.03,0.10449397590361445
441323,惠东县,0.7930562392040096,3,0.7324749629937178,0.543476856,0.8288839595364581,0.9203384,0.4166666666666667,0.0,False,0.2515994575419712,0,0.05,0.14397410358565738
440983,信宜市,0.7838942294677278,2,0.7149855162857391,0.50821368,0.7918497415127959,0.9590995,0.0,0.0,True,0.12495661753389421,0,0.15,0.29241402562373564
440811,麻章区,0.8065594909179274,3,0.7327666047906473,0.701777404,0.8027839703540555,0.701844,0.32,0.0,False,0.46679159028082756,0,0.066,0.1718972972972973
445322,郁南县,0.7741484345416683,2,0.6606027670772027,0.504989104,0.6226276332059999,0.9212259,0.0,0.08666666666666667,False,0.03473190989033053,0,0.544,0.745710763394974
440404,金湾区,0.783861899055482,2,0.7238046051893062,0.608761636,0.847819985982847,0.7474952,0.0,0.0,False,1.3709983236629177,2,0.006,0.04189855072463768
441621,紫金县,0.7839969592704615,2,0.6800153771907321,0.520169936,0.660683798453533,0.9340120000000001,0.0,0.07333333333333333,False,0.08857050357581511,0,0.066,0.1718972972972973
441225,封开县,0.7739497885515044,2,0.6694796951809215,0.500124776,0.6494241601140255,0.9352758,0.0,0.0,False,0.09021051140345807,0,0.396,0.59472
441623,连平县,0.7668465425844213,2,0.6459074324363047,0.48140842799999994,0.5837774066292123,0.9520555,0.0,0.0,False,0.14167440346594537,0,0.218,0.38570257037943695
440117,从化区,0.7790340032822368,2,0.704109640622579,0.517041692,0.7559275907563764,0.9233758000000001,0.0,0.0,False,0.10791452047763174,0,0.546,0.7473892045454545
441426,平远县,0.778783340344345,2,0.6492216188291853,0.5031748399999999,0.5683208390157951,0.9561694999999999,0.0,0.0,False,0.08383202804120558,0,0.38,0.5763798530954879
441702,江城区,0.8002042113159813,3,0.7316528431407009,0.645675276,0.797658373898417,0.7669577000000001,0.15,0.0,False,0.6365112819520595,0,0.02,0.08030555555555556
440523,南澳县,0.7967818068005196,3,0.6237676073754245,0.549224228,0.45909748100981546,0.9295122,0.0,0.0,False,0.5155652555513514,0,0.014,0.06434658187599365
445122,饶平县,0.7954847773970722,3,0.7111690290763178,0.5662032960000001,0.7359191394270975,0.8845081,0.0,0.0,False,0.3737349743501683,0,0.05,0.14397410358565738
441825,连山壮族瑶族自治县,0.7520142914222772,2,0.6098778475991352,0.44520925599999994,0.493288271605279,0.9697417,0.0,0.0033333333333333335,False,0.17159577274973395,0,0.086,0.20131659919028339
440605,南海区,0.8082207084653885,3,0.7674923789840364,0.6900219679999999,1.0,0.7078239000000001,1.0,0.31333333333333335,False,-0.04075908708862855,0,0.6,0.8004614674665436
445202,榕城区,0.8137503632141759,3,0.7443910920854218,0.693989168,0.7983582434362652,0.7478448999999999,1.0,0.0,False,0.45401078705395587,0,0.014,0.06434658187599365
440229,翁源县,0.7712716829584974,2,0.6591548663546203,0.500232288,0.6180999390716397,0.9302980999999999,0.0,0.0,False,0.16887957665403996,0,0.276,0.455952
441322,博罗县,0.7932344556912438,3,0.7378066761023904,0.573847776,0.8408528026410564,0.8645748,0.7033333333333334,0.0,False,0.14948964574564436,0,0.49,0.6879990286546867
440114,花都区,0.8011491791327489,3,0.7628519060320161,0.6257744679999999,0.9362194424238262,0.7994831,1.0,0.0,False,0.032848074286326266,0,0.84,0.9368981481481482
440783,开平市,0.7956222676547221,3,0.7250819788138164,0.595581592,0.7764212528069369,0.8400906,0.0,0.0,False,0.4447961875822761,0,0.048,0.14145565749235475
440515,澄海区,0.8115260487001871,3,0.7369273663661652,0.703947804,0.7898571175514764,0.7220025,0.85,0.0,False,0.6037028615656107,0,0.01,0.05294871794871795
440113,番禺区,0.8032974917296847,3,0.7637602346272433,0.679470684,0.9942160142300628,0.7098643,1.0,0.0,False,0.008220067739193633,0,0.992,0.9968272506082725
441581,陆丰市,0.7946404368170699,3,0.7141123042989029,0.623966108,0.7618795587563479,0.7707740000000001,0.0,0.0,False,0.9726036690823163,0,0.028,0.10030731102850063
445203,揭东区,0.8128419704490755,3,0.7410663921074758,0.65217456,0.7755288452207323,0.8135074,0.9966666666666667,0.0,False,0.4055066268906384,0,0.022,0.0853718120805369
440882,雷州市,0.8194920637925116,3,0.7341433090196055,0.6978941919999999,0.7442252380013743,0.7630083000000001,0.4066666666666667,0.0,False,0.37830395854161786,0,0.028,0.10030731102850063
440823,遂溪县,0.8191053518261725,3,0.7369093017320187,0.719575808,0.7564986169675584,0.735492,0.8966666666666666,0.0,False,0.17177531230875492,0,0.026,0.09624327784891165
440311,光明区,0.8130619423956646,3,0.7716213328044758,0.669839776,0.9155572401170003,0.7774197,1.0,0.0,False,-0.06941662744159494,0,0.586,0.786502321262767
445381,罗定市,0.7899858415593282,3,0.7056773274055576,0.5475428199999999,0.7264536575362508,0.9092754999999999,0.0,0.0,False,0.09915797982061973,0,0.666,0.8553558418480676
440803,霞山区,0.8141785948680866,3,0.7329753989119902,0.714569656,0.7653948252086475,0.7207927,0.27666666666666667,0.0,False,0.3333557210564938,0,0.066,0.1718972972972973
441802,清城区,0.7894996408624227,3,0.7318007809474192,0.58716678,0.8261057307699621,0.8283485,0.3233333333333333,0.0,False,0.20384689240102036,0,0.442,0.6424444444444445
440308,盐田区,0.7902939162374791,3,0.7326702902162074,0.5496121039999999,0.8424968140455813,0.8891101,0.42,0.0,False,0.42016029215826,0,0.2,0.36319095477386937
440224,仁化县,0.7601159722483292,2,0.6480569030034035,0.469632648,0.6057862666920291,0.9496053,0.0,0.0,False,0.13226362398091368,0,0.136,0.27437264480111656
441402,梅江区,0.790282164281264,3,0.7014148458276658,0.535265452,0.7147547847158549,0.932141,0.0,0.0,False,0.1658398652537471,0,0.254,0.4314418331374853
440403,斗门区,0.7952857308561556,3,0.7214029360410994,0.643684768,0.7828865397357491,0.7493139,0.0,0.0,False,0.9914263935502805,2,0.002,0.019801369863013698
441427,蕉岭县,0.7818928350216486,2,0.6587796147166062,0.5138750839999999,0.5929496271839922,0.9454573,0.0,0.0,False,0.09822258767199142,0,0.408,0.6058181818181818
441403,梅县区,0.7862824966808003,2,0.691964210104687,0.5289684319999999,0.694169504310393,0.9260256,0.0,0.0,False,0.09247242953182797,0,0.302,0.4861258351893096
440204,浈江区,0.7696237624319988,2,0.6758008730782271,0.5308213039999999,0.6838553022307301,0.8555768,0.0,0.0,False,0.22384287719478732,0,0.19,0.350089228808158
440511,金平区,0.8099344056987344,3,0.7396764544248238,0.698651124,0.8066286995731288,0.7218209,0.9766666666666667,0.0,False,0.6497531674899872,0,0.014,0.06434658187599365
441481,兴宁市,0.7920294531365732,3,0.6905466403358088,0.5484663599999999,0.6701454638897449,0.9172119999999999,0.0,0.0,False,0.14741432144601857,0,0.324,0.5124091903719913
440802,赤坎区,0.8098540377340773,3,0.7199104845863902,0.71381802,0.7422662531564833,0.704492,0.0,0.0,False,0.4202221624226031,0,0.042,0.12889808917197454
440604,禅城区,0.8071764695034007,3,0.766676448957479,0.703680692,0.9713714217869052,0.6999873000000001,1.0,0.0,False,-0.012273041844185397,0,0.736,0.9073671641791045
440825,徐闻县,0.8250696465147204,3,0.7202706496509735,0.7341541399999999,0.6924931036127951,0.7354716,0.0,0.0,False,0.41845185165006177,0,0.01,0.05294871794871795
440704,江海区,0.8041260653841952,3,0.7082774091275078,0.70168154,0.7152842326353888,0.7079599000000001,0.0,0.0,False,0.16992539310663443,0,0.07,0.1786142983230362
440402,香洲区,0.7954545791578499,3,0.7573054564128446,0.600087068,0.9921166567638803,0.7933215,1.0,0.0,False,0.998687007223358,0,0.014,0.06434658187599365
440310,坪山区,0.8099059861755898,3,0.7662417971747231,0.6290967,0.8983392245715073,0.8315189000000001,1.0,0.0,False,0.2418162917688305,0,0.172,0.3260668852459016
445302,云城区,0.7800056781077968,2,0.6893490893497958,0.516173156,0.7001092499547402,0.9292888,0.0,0.0,False,0.1347468450249687,0,0.176,0.3314762214983713
440305,南山区,0.8187984419121958,3,0.7681325866058342,0.628286268,1.0,0.7870298,1.0,0.75,True,-0.15770935651110501,0,0.312,0.4988893805309734
445102,湘桥区,0.8102394071096536,3,0.7220154937468684,0.6297479400000001,0.7217543556961784,0.8391342,0.0,0.0,False,0.5469424203359002,0,0.026,0.09624327784891165
441622,龙川县,0.7793712340656165,2,0.6744639320029611,0.508458452,0.6503025391979068,0.9452607,0.0,0.0,False,0.11688485043754036,0,0.348,0.5388687734333155
441202,端州区,0.7823880318380046,2,0.7104690630080506,0.564131356,0.7709815754797811,0.838803,0.0,0.0,False,0.5070346198326761,0,0.144,0.2839727148703956
440512,濠江区,0.808865317755977,3,0.6921158090136742,0.68726694,0.6542600598764768,0.7380346,0.0,0.0,False,0.6128301292768807,0,0.01,0.05294871794871795
441324,龙门县,0.7762043741153772,2,0.6764514165359953,0.500785296,0.6646049211763609,0.9487206000000001,0.0,0.0,False,0.16613558929949193,0,0.056,0.15522147651006712
441882,连州市,0.7599568686769165,2,0.6623078733929727,0.477108272,0.6549603373484002,0.9329346000000001,0.0,0.0,False,0.247706629251526,0,0.092,0.21058749010292951
440112,黄埔区,0.8070680005635779,3,0.769350356990364,0.6101542959999999,1.0,0.8211959999999999,1.0,0.0,False,0.0008936881534314229,0,0.95,0.9794757489300998
440118,增城区,0.7944506263833927,3,0.7514423109818849,0.574624684,0.9093410566106342,0.8626682999999999,0.9966666666666667,0.0,False,-0.042478340472832554,0,0.738,0.9078970212765958
440203,武江区,0.7668073523405616,2,0.6857454094897105,0.50016754,0.7207664502185646,0.9106369000000001,0.0,0.0,False,0.22673485688787903,0,0.246,0.4213187203791469
440309,龙华区,0.8201236934019241,3,0.786122336297573,0.685516128,1.0,0.7684511,1.0,0.0,True,-0.0038232677507186756,0,0.65,0.8460828455650609
440105,海珠区,0.8041982948643087,3,0.7639625633564437,0.690057512,0.9876549002810132,0.7011866,1.0,0.0,False,-0.011224556758236812,0,0.756,0.9160083822296731
440981,高州市,0.7966285069592693,3,0.7367791019281315,0.55917902,0.8292140800975372,0.9057405000000001,0.63,0.0,False,0.22963201284143356,0,0.128,0.26133333333333336
441204,高要区,0.7826207474939092,2,0.7161770784003779,0.540687508,0.7907797178182057,0.8866378,0.0,0.0,False,0.2648386431225576,0,0.152,0.29432819825853984
441502,城区,0.7986307095577184,3,0.6958532596643212,0.633835884,0.6848447129997971,0.7789388,0.0,0.0,False,0.703627981363374,0,0.032,0.10807476635514018
440781,台山市,0.7912997817103365,3,0.7219984785640942,0.586080656,0.7876205845530105,0.8305135,0.0,0.0,False,0.719550120675186,2,0.008,0.04758847736625514
440233,新丰县,0.7682410507541524,2,0.6388568444672803,0.47622363999999995,0.5564632945325979,0.9698065,0.0,0.07333333333333333,False,0.09994290328515548,0,0.098,0.21844101773323052
441803,清新区,0.7717449800995567,2,0.6895970865385397,0.500219772,0.7225965984752841,0.9298194,0.0,0.0,False,0.19655215032341847,0,0.18,0.3361627906976744
441284,四会市,0.7845859000891473,2,0.7272240612432738,0.553134436,0.8283953511015156,0.8699001000000001,0.15666666666666668,0.0,False,0.3554797060645998,0,0.058,0.15863576158940398
440281,乐昌市,0.753374707198484,2,0.6476474941763944,0.462708836,0.6232321341537848,0.9317329,0.0,0.0,False,0.18838951908589616,0,0.134,0.2709048951048951
440785,恩平市,0.7907328120622139,3,0.6932534658425941,0.564739072,0.6827738536104376,0.8785637000000001,0.0,0.0,False,0.4258316339529568,0,0.034,0.1125933562428408
441203,鼎湖区,0.7765825945166802,2,0.665414693855239,0.548726968,0.6376016557355166,0.8444113999999999,0.0,0.0,False,0.4400022917769384,0,0.2,0.36319095477386937
445303,云安区,0.7484221495411556,1,0.6262461278740358,0.508541056,0.6165325698255083,0.7727679,0.0,0.81,False,-0.3243606641610556,0,0.088,0.20417977528089887
440881,廉江市,0.8090579612786212,3,0.7406185771907982,0.648880048,0.7895099383274297,0.8016698,0.9933333333333333,0.0,False,0.37682537423144363,0,0.062,0.16414102564102565
440306,宝安区,0.8178616316161146,3,0.7769230330867295,0.665999856,1.0,0.7641998999999999,1.0,0.08,False,-0.004876084135282613,0,0.984,0.9932765363128492
441625,东源县,0.7739964161945261,2,0.6696064990329778,0.503430968,0.6503435620134272,0.9274804,0.0,0.0,False,0.22992539480396243,0,0.264,0.4427053364269142
451424,大新县,0.77515276455425,2,0.6529387394681619,0.51573106,0.5881387305872844,0.9178485,0.0,0.0,False,0.1439980361651534,0,0.396,0.59472
451002,右江区,0.7717359597644852,2,0.6931442027561932,0.495577052,0.7377725446205542,0.9376037,0.0,0.0,False,0.10250794575785566,0,0.508,0.7057318596828448
450302,秀峰区,0.7785972884234004,2,0.6500618646891756,0.5867014719999999,0.5850176999869836,0.7984261,0.0,0.0,False,0.3475247583504135,0,0.03,0.10449397590361445
450804,覃塘区,0.7778439381640506,2,0.6778007414365622,0.60096466,0.6892315622206512,0.7526844,0.0,0.0,False,0.18290050896408497,0,0.026,0.09624327784891165
450681,东兴市,0.7814523636803712,2,0.6464572080415761,0.5503488679999999,0.5614787847184027,0.8701579,0.0,0.0,False,0.5045610160147116,0,0.026,0.09624327784891165
450422,藤县,0.7758346027455082,2,0.6932568921644121,0.5047004559999999,0.7256071852520347,0.9364926,0.0,0.0,False,0.15479636109231196,0,0.202,0.3656743894802756
450222,柳城县,0.7769321151189632,2,0.6808656965937572,0.563845704,0.6788262441886476,0.8297870999999999,0.0,0.0,False,0.38943126517129306,0,0.034,0.1125933562428408
450403,万秀区,0.7812718014128869,2,0.6892440631461446,0.526218032,0.6958379460087798,0.9137176,0.0,0.0,False,0.16301360805374096,0,0.364,0.5585583864118896
450903,福绵区,0.7902643225517594,3,0.6728783498859499,0.5679422719999999,0.6187883268461201,0.8749081,0.0,0.0,False,0.295872032442237,0,0.194,0.3551956934768841
451203,宜州区,0.763340275723897,2,0.6612186461508925,0.49785122000000004,0.6432771594925958,0.9045972,0.0,0.0,False,0.2561583894422576,0,0.152,0.29432819825853984
450423,蒙山县,0.7595255119445199,2,0.6357512426679434,0.47055017600000004,0.565588411450936,0.9466692999999999,0.0,0.0,False,0.2097934677190724,0,0.102,0.2235648218347233
450503,银海区,0.8152245358050704,3,0.7102653708894038,0.718657436,0.6875023027103954,0.7254741,0.0,0.0,False,0.16599663979775522,0,0.09,0.20748803827751197
451029,田林县,0.7647038480209988,2,0.6448524095824412,0.47655500000000006,0.5849715548459663,0.9534457,0.0,0.0,False,0.16168540541475135,0,0.224,0.3927131594906004
451221,南丹县,0.7436265332638927,1,0.6462751136937185,0.43729445599999994,0.6327231404021085,0.9597452000000001,0.0,0.0033333333333333335,False,0.08628979042992255,0,0.288,0.47093212669683254
450312,临桂区,0.7573875521060011,2,0.6745576310311245,0.489925776,0.7077329692305745,0.8913741000000001,0.0,0.0,False,0.3720926813323575,0,0.078,0.1904543918918919
450203,鱼峰区,0.774768040090509,2,0.7053706745893283,0.535504128,0.7710596029033575,0.8686827,0.0,0.0,False,0.40452924858588196,0,0.032,0.10807476635514018
451227,巴马瑶族自治县,0.7629441319849374,2,0.6342450716830534,0.4737769679999999,0.5500226694234991,0.9589593999999999,0.0,0.043333333333333335,False,0.048594343820004375,0,0.44,0.6411491935483871
450327,灌阳县,0.7409543377415704,1,0.6216901816038553,0.43001520000000004,0.5575746317782687,0.9566794,0.0,0.0,False,0.4475103460056801,0,0.022,0.0853718120805369
450330,平乐县,0.7658158286078002,2,0.6580528972217448,0.501557104,0.6294855287456059,0.9030530999999999,0.0,0.0,False,0.38983773279700096,0,0.036,0.1168080808080808
450923,博白县,0.7895965443784153,3,0.7083012123336601,0.544094644,0.7376299019063455,0.9138103,0.0,0.0,False,0.22983738058397069,0,0.142,0.28195192307692307
451322,象州县,0.780368271977456,2,0.6613529276217464,0.5545528959999999,0.6076860655279988,0.8607588,0.0,0.0,False,0.4221763461570348,0,0.036,0.1168080808080808
450481,岑溪市,0.7821477212589449,2,0.6889182693361972,0.507641212,0.6939575651789045,0.9579481,0.0,0.0033333333333333335,False,0.08984781022691475,0,0.254,0.4314418331374853
450324,全州县,0.7523489329928016,2,0.6633879711273467,0.47099540800000006,0.6787391437237691,0.9134308,0.0,0.0,False,0.4027771865818468,0,0.058,0.15863576158940398
451324,金秀瑶族自治县,0.7461598613041509,1,0.6120185109685345,0.43126550799999996,0.5126279239908228,0.9740748,0.0,0.0,False,0.27914179959777485,0,0.076,0.18763108454312555
451024,德保县,0.7727903631073186,2,0.663063249268822,0.502342388,0.6254879019491819,0.935362,0.0,0.14,False,0.010083964945017869,0,0.492,0.690136826783115
450521,合浦县,0.8038836185312588,3,0.7209808025695379,0.634895044,0.7394649711446528,0.8048196,0.0,0.0,False,0.35300467879405456,0,0.16,0.30673740053050397
450108,良庆区,0.7907250470341363,3,0.7147230596709191,0.5608120799999999,0.7548250310782735,0.8861036,0.0,0.0,False,0.3261449765497164,0,0.052,0.14781907571288103
451030,西林县,0.7784318680049878,2,0.6334459656297818,0.5077828799999999,0.5190499191724475,0.9463846,0.0,0.0,False,0.12006364551781754,0,0.32,0.5083076923076923
450124,马山县,0.7691780236066033,2,0.6481937500916194,0.49769485599999996,0.5848445677168334,0.9315454000000001,0.0,0.0,False,0.1379461338038857,0,0.202,0.3656743894802756
450323,灵川县,0.7502924265964512,2,0.6588851893761548,0.45756388000000003,0.6678493728208497,0.9331119,0.0,0.0,False,0.3731075358825994,0,0.032,0.10807476635514018
450304,象山区,0.7810344620093979,2,0.6766876865245267,0.599727108,0.6600655779510634,0.7846986,0.0,0.0,False,0.31312484811337576,0,0.03,0.10449397590361445
450105,江南区,0.7975962462366386,3,0.734219680830965,0.6121068239999999,0.802636657064269,0.8203318,0.4866666666666667,0.0,False,0.3240615443316292,0,0.058,0.15863576158940398
450181,横州市,0.786594800004433,2,0.5112016671267906,0.566744472,0.11700903824674502,0.8624877,0.0,0.0,False,0.3843611632376182,0,0.088,0.20417977528089887
451229,大化瑶族自治县,0.7644985595337733,2,0.6310319311788798,0.47966558000000004,0.5361013490273328,0.9539956,0.0,0.11666666666666667,False,0.027800180590601988,0,0.414,0.6128387096774194
450802,港北区,0.7859011876983454,2,0.7074670827765884,0.581075668,0.7447238654983064,0.8287540999999999,0.0,0.0,False,0.36676059199934485,0,0.044,0.132366285119667
450202,城中区,0.7781837742699175,2,0.7072379556472729,0.5712969640000001,0.7702614264110476,0.8140456,0.0,0.0,False,0.48119058733358716,0,0.078,0.1904543918918919
450303,叠彩区,0.7803211107726947,2,0.6459638125650796,0.611511532,0.5764611548552362,0.7624146,0.0,0.0,False,0.32742159099545637,0,0.028,0.10030731102850063
451003,田阳区,0.776755550955377,2,0.6666105087307231,0.5247327479999999,0.6315471091306905,0.9006154000000001,0.0,0.0,False,0.06732608313817354,0,0.676,0.8620714600794
451103,平桂区,0.7706132235694433,2,0.6810374910055019,0.5024027719999999,0.6937838924972605,0.9220763999999999,0.0,0.0,False,0.2331105583310608,0,0.14,0.28048510048510056
451226,环江毛南族自治县,0.7372970025902617,1,0.6229172594869924,0.42427052,0.565278082666258,0.9616250000000001,0.0,0.0,False,0.15648558180016894,0,0.146,0.28732879509870657
450204,柳南区,0.7744733502629928,2,0.7050984413489365,0.5501294879999999,0.7725509214031621,0.8382879999999999,0.0,0.0,False,0.31937023415853616,0,0.034,0.1125933562428408
450223,鹿寨县,0.7653128015210293,2,0.6674000616052881,0.49482903999999994,0.6605578793236742,0.9158624,0.0,0.0,False,0.28910653580294887,0,0.022,0.0853718120805369
450325,兴安县,0.7454999864204157,1,0.6495102324758731,0.44597684,0.6453718173464662,0.9397105,0.0,0.0,False,0.36399649088159025,0,0.06,0.1612081784386617
450512,铁山港区,0.8116061163416118,3,0.7368512126847127,0.714257288,0.7892382421164502,0.7118005,0.81,0.0,False,0.10985157860179075,0,0.13,0.26466901408450705
451422,宁明县,0.7818972118830376,2,0.6628200926498438,0.5255029920000001,0.6060789321328863,0.9218393,0.0,0.0,False,0.28315547613115616,0,0.05,0.14397410358565738
451123,富川瑶族自治县,0.760049931146876,2,0.6376582735600053,0.5375920519999999,0.6016859294945455,0.7952256999999999,0.0,0.0,False,0.43014045400361756,0,0.01,0.05294871794871795
450981,北流市,0.7892715725696373,3,0.7135074275627444,0.537774,0.7588888817226385,0.9249735,0.0,0.0,False,0.17535730142188766,0,0.196,0.35817699115044244
450103,青秀区,0.7934907712662794,3,0.7506775638315133,0.583494768,0.9037030990950121,0.8457371,0.9966666666666667,0.0,False,0.3049122666311644,0,0.058,0.15863576158940398
451228,都安瑶族自治县,0.7568005805173942,2,0.6341526091460432,0.462918096,0.5622147244901654,0.9578654,0.0,0.016666666666666666,False,0.07267895599586578,0,0.296,0.4796726457399103
451222,天峨县,0.7321192775309859,1,0.6047810548077311,0.40860716399999997,0.5144474446774907,0.9703075999999999,0.0,0.0,False,0.17506799186121108,0,0.358,0.5511064962726305
450405,长洲区,0.7805988814288756,2,0.6842511856227077,0.524662616,0.6806682732898726,0.9142775000000001,0.0,0.0,False,0.1699394298812332,0,0.37,0.5662625727898359
451402,江州区,0.7898310382481833,3,0.69839785351834,0.5750652759999999,0.6995573326459892,0.8592774,0.0,0.0,False,0.24216825579180085,0,0.242,0.4156993464052287
451122,钟山县,0.7722660696932127,2,0.6641831476989833,0.517923048,0.6327703630483347,0.8988732,0.0,0.0,False,0.34699196857397596,0,0.04,0.12488120950323973
451302,兴宾区,0.7829035999212126,2,0.7126222350165148,0.574999692,0.7729536414057341,0.8269200999999999,0.0,0.0,False,0.2819121518267164,0,0.092,0.21058749010292951
450902,玉州区,0.8040619594070835,3,0.736512354558261,0.6598890559999999,0.7922256058626507,0.7697034,0.8266666666666667,0.0,False,0.21186413133146562,0,0.06,0.1612081784386617
450102,兴宁区,0.7886651785137365,2,0.7135514284435642,0.568367264,0.7544513774525545,0.8658351,0.0,0.0,False,0.3281817605186312,0,0.062,0.16414102564102565
450921,容县,0.7814136158532815,2,0.6846418274613553,0.509687708,0.6800393146191174,0.9511210999999999,0.0,0.0,False,0.13875263121852105,0,0.17,0.3233355263157895
451421,扶绥县,0.7948932639771513,3,0.7087479055458609,0.596446704,0.7197039985341633,0.8405299,0.0,0.0,False,0.2994217928141555,0,0.098,0.21844101773323052
450205,柳北区,0.7824611959093307,2,0.7172679824325476,0.5990277159999999,0.7957399351067126,0.7832809,0.0,0.0,False,0.3288622870707529,0,0.054,0.15127325581395348
451027,凌云县,0.7543760797468785,2,0.6174057740783185,0.45122865200000006,0.5117599787410116,0.9704514999999999,0.0,0.006666666666666667,False,0.10333348665661624,0,0.274,0.4544658634538153
451022,田东县,0.7795906819020382,2,0.6784253466436992,0.526009676,0.6610294228158122,0.9121666,0.0,0.0,False,0.05030936670106695,0,0.716,0.8941494600431966
450602,港口区,0.7787460332723256,2,0.7108614001595479,0.629822708,0.8167754012906896,0.7042763000000001,0.0,0.0,False,0.5387141354367211,0,0.036,0.1168080808080808
451321,忻城县,0.7634198664638424,2,0.6381196643454062,0.493201964,0.5695409849454812,0.9117851,0.0,0.0,False,0.13623842397200076,0,0.094,0.21297335423197494
450206,柳江区,0.7740851552963386,2,0.6896820985875051,0.528880188,0.7131114912300566,0.883883,0.0,0.0,False,0.3011702000782299,0,0.052,0.14781907571288103
450107,西乡塘区,0.795545045925966,3,0.7444754488157043,0.633999592,0.8635123345275899,0.7706931,1.0,0.0,False,0.204488245174429,0,0.062,0.16414102564102565
451031,隆林各族自治县,0.7734584994227633,2,0.6516136636059587,0.50186198,0.5866335170134848,0.9394905,0.0,0.0,False,0.116329445009088,0,0.266,0.44554229432213216
450406,龙圩区,0.78532529995281,2,0.6883385453489941,0.5256679959999999,0.6810109834373475,0.9350514999999999,0.0,0.0,False,0.13477910115362807,0,0.3,0.4842546063651591
450125,上林县,0.7751225259337142,2,0.6526993688960727,0.53216528,0.5908978905796567,0.8831777000000001,0.0,0.0,False,0.3394197817427397,0,0.108,0.23110880829015545
451102,八步区,0.7625297715635773,2,0.6825262747895843,0.479778112,0.7254349520469978,0.9302271,0.0,0.0,False,0.15449532601234886,0,0.17,0.3233355263157895
450702,钦南区,0.7864177529662519,2,0.7060974830780515,0.57717498,0.7462237745298749,0.8276802999999999,0.0,0.0,False,0.33740967055447413,0,0.06,0.1612081784386617
450421,苍梧县,0.768177672147018,2,0.6367478931547226,0.47965077999999994,0.5516905950811978,0.9592682,0.0,0.12666666666666668,False,0.055150889303691074,0,0.168,0.3205861386138614
450603,防城区,0.769983299933201,2,0.6616199484107147,0.497326056,0.6334609181074761,0.9237262,0.0,0.0,False,0.3800866604827429,0,0.032,0.10807476635514018
451121,昭平县,0.7589226620388576,2,0.6406273426277357,0.45865329599999993,0.5820649235320929,0.9695861,0.0,0.006666666666666667,False,0.13078112026951902,0,0.078,0.1904543918918919
450109,邕宁区,0.7933507126871395,3,0.685059420327276,0.583938992,0.6486920463881589,0.8581506,0.0,0.0,False,0.3644702806750071,0,0.048,0.14145565749235475
450110,武鸣区,0.7835024699611857,2,0.7091111858655248,0.557468604,0.7556837441195263,0.8640185,0.0,0.0,False,0.29393097558516484,0,0.11,0.23331621423330887
450329,资源县,0.7379615433570794,1,0.6115568691273529,0.4195908119999999,0.5235642717184489,0.9742221,0.0,0.023333333333333334,False,0.15146423497082476,0,0.068,0.17521212121212124
450703,钦北区,0.7914076696452971,3,0.7149535995525624,0.55794922,0.7534794023086091,0.8953056,0.0,0.0,False,0.3320106556150702,0,0.04,0.12488120950323973
450821,平南县,0.7623977200932799,2,0.6747738443883923,0.534136248,0.7186284735429636,0.8016633,0.0,0.0,False,0.07547204790225699,0,0.094,0.21297335423197494
450305,七星区,0.7832591349379469,2,0.6929669842070754,0.61312142,0.7074217301679864,0.7696646,0.0,0.0,False,0.30166836160911376,0,0.03,0.10449397590361445
450502,海城区,0.8182421523635516,3,0.74610896679486,0.735438408,0.7947093216618688,0.7128343,1.0,0.0,False,0.049858699595135676,0,0.05,0.14397410358565738
450326,永福县,0.7498702197166516,2,0.6385263177824388,0.453160888,0.5976967220970637,0.9413991,0.0,0.0,False,0.228037847318382,0,0.094,0.21297335423197494
450922,陆川县,0.7936934411198571,3,0.6986297953253432,0.562872916,0.6908087251054132,0.896642,0.0,0.0,False,0.2778931248610074,0,0.092,0.21058749010292951
451224,东兰县,0.7501293637919108,2,0.6143271012291656,0.452354716,0.5121120169261814,0.9508672,0.0,0.0,False,0.08286294073602612,0,0.44,0.6411491935483871
450881,桂平市,0.7836951249737124,2,0.706072402425546,0.558698676,0.7450509117265804,0.8615432000000001,0.0,0.0,False,0.32729556167805335,0,0.1,0.2211935730680949
450722,浦北县,0.7826797738750788,2,0.6926205033378133,0.517959976,0.7031825724311639,0.9396178999999999,0.0,0.0,False,0.2225219812170143,0,0.034,0.1125933562428408
450225,融水苗族自治县,0.7322966430636128,1,0.6353302638897117,0.414292248,0.6221059259462612,0.9596852999999999,0.0,0.0,False,0.22184163850272906,0,0.14,0.28048510048510056
451202,金城江区,0.74570633379986,1,0.6639218678559557,0.442292832,0.6950758104536104,0.9522832,0.0,0.0,False,0.10280814733662927,0,0.452,0.652061876247505
451323,武宣县,0.7807265796775205,2,0.6705344087151206,0.549022028,0.6350472145574215,0.8708918,0.0,0.0,False,0.3716978894455943,0,0.104,0.2257237237237237
451423,龙州县,0.7809823842994644,2,0.6587375847879441,0.537739964,0.5957750451259888,0.8953761,0.0,0.0,False,0.17783151341113007,0,0.398,0.5961751295336788
450381,荔浦市,0.7672078856124096,2,0.6567812756289879,0.508718756,0.621289129297639,0.8963902,0.0,0.0,False,0.4230725661958423,0,0.05,0.14397410358565738
451028,乐业县,0.7506131466940534,2,0.6020940268629612,0.44718642799999997,0.46981586158023614,0.9622329000000001,0.0,0.0,False,0.14673605934500436,0,0.17,0.3233355263157895
450621,上思县,0.7843011396807961,2,0.653621214088757,0.529765368,0.5722402968082589,0.9229981,0.0,0.0,False,0.32611804640756464,0,0.03,0.10449397590361445
450224,融安县,0.7511407747013903,2,0.6428610969751859,0.45366554000000003,0.6063514691093959,0.9505954999999999,0.0,0.0,False,0.1714210361519313,0,0.054,0.15127325581395348
450311,雁山区,0.7762055504233928,2,0.6055475786596933,0.562732512,0.45651002351562026,0.8303579,0.0,0.0,False,0.3813451085333578,0,0.036,0.1168080808080808
450226,三江侗族自治县,0.7423043640407906,1,0.6253782185185822,0.437784132,0.5662603905070202,0.9487582,0.0,0.0,False,0.14569207135238785,0,0.142,0.28195192307692307
451223,凤山县,0.7549697749142893,2,0.5992105209899284,0.460640044,0.4513031782301308,0.9549315,0.0,0.0,False,0.0912133336402175,0,0.352,0.5441882352941176
451225,罗城仫佬族自治县,0.7512249272422237,2,0.6267871601602091,0.465204352,0.5549904090133331,0.9254614,0.0,0.0,False,0.28283821556080724,0,0.082,0.19543446001648807
451381,合山市,0.7722222950267841,2,0.6131361745482932,0.553951116,0.493552466943942,0.821006,0.0,0.0,False,0.23021612801080663,0,0.086,0.20131659919028339
450332,恭城瑶族自治县,0.7500618676704072,2,0.6322526231284925,0.45581309200000003,0.5778247719451752,0.9344617000000001,0.0,0.0,False,0.5189096487363607,0,0.024,0.09105511811023623
450126,宾阳县,0.7847589463668242,2,0.6978583948546857,0.5826330559999999,0.7166544030957743,0.8213999000000001,0.0,0.0,False,0.3107205346485983,0,0.044,0.132366285119667
450721,灵山县,0.7890795050124683,3,0.7076612788362917,0.5486103999999999,0.7349646622082006,0.9044051,0.0,0.0,False,0.2859521458509223,0,0.042,0.12889808917197454
450328,龙胜各族自治县,0.724434170897331,1,0.6084580962603151,0.390451808,0.5405271001974359,0.9814789,0.0,0.0,False,0.22611095355515032,0,0.122,0.25211007862759116
450803,港南区,0.7905175101755545,3,0.6904023284195625,0.612170844,0.6815179659166816,0.792287,0.0,0.0,False,0.29497261943147934,0,0.054,0.15127325581395348
451026,那坡县,0.7631491136751435,2,0.6187423966512011,0.46973488399999996,0.501229090941005,0.9630691,0.0,0.0,False,0.12326307078551076,0,0.426,0.6280295767465579
451481,凭祥市,0.7783564096439979,2,0.6476295638020861,0.5150006279999999,0.5651970003434504,0.9300740000000001,0.0,0.0,False,0.16647168472248203,0,0.206,0.3710566978193146
450123,隆安县,0.7683796190688563,2,0.6484461640261977,0.533630784,0.607628335215025,0.8368671999999999,0.0,0.0,False,0.06440482385503288,0,0.182,0.33924049000644746
451082,平果市,0.778734720397436,2,0.6853634758252996,0.52396,0.6856461405176226,0.9136917,0.0,0.0,False,0.04165637349397898,0,0.49,0.6879990286546867
451081,靖西市,0.7756215550392317,2,0.6736584005374933,0.5182604359999999,0.6526665736679457,0.9157785999999999,0.0,0.06333333333333334,False,0.01338712851032214,0,0.472,0.6698831615120274
450924,兴业县,0.7882642027567844,2,0.685994926280355,0.5547909959999999,0.6635454395716323,0.8913661,0.0,0.0,False,0.2939458827451867,0,0.078,0.1904543918918919
451425,天等县,0.7731646819858927,2,0.6388141218683255,0.527758164,0.5558529160299884,0.8791402,0.0,0.39666666666666667,False,-0.06086846270068482,0,0.292,0.47505458638154185
450321,阳朔县,0.7653149558559159,2,0.652093169784501,0.5029418400000001,0.6102849563038303,0.9005096,0.0,0.0,False,0.4099983631254867,0,0.048,0.14145565749235475
522723,贵定县,0.7393876067066385,1,0.6374043110016497,0.445687704,0.6127292772082991,0.9252775,0.0,0.0,False,0.14104883824203157,0,0.29,0.47313205417607224
522702,福泉市,0.7433004973464153,1,0.6605756596421014,0.47541152,0.6931401657807501,0.8698558999999999,0.0,0.0,False,0.21167508370203145,0,0.098,0.21844101773323052
520623,石阡县,0.7356651995432634,1,0.6337652763624199,0.44761967599999997,0.6122108320985162,0.9036926,0.0,0.0,False,0.34481293616487146,0,0.062,0.16414102564102565
522301,兴义市,0.7857131552429519,2,0.7202904917385239,0.558655568,0.7905552668073854,0.8701955,0.0,0.0,False,0.09434485077900692,0,0.192,0.35287476160203435
522726,独山县,0.7529863753904029,2,0.646099844466835,0.4784383,0.6121829974195964,0.9113194,0.0,0.0,False,0.13567635738777908,0,0.192,0.35287476160203435
520527,赫章县,0.7677349815601218,2,0.6617047990832909,0.5196181,0.6337267041069938,0.8819643,0.0,0.0,False,0.36361032292883655,0,0.032,0.10807476635514018
520602,碧江区,0.7334798608945393,1,0.6561208216124811,0.436302924,0.6964773996493966,0.9173696,0.0,0.0,False,0.3053856935093365,0,0.092,0.21058749010292951
522627,天柱县,0.7388691457083046,1,0.622918977824017,0.4363985,0.5640972049010752,0.9413341999999999,0.0,0.0,False,0.14397934133411222,0,0.262,0.4413997668997669
520181,清镇市,0.7572077623766864,2,0.676709979167571,0.531136192,0.7197628257095263,0.8128062,0.0,0.0,False,0.22655927565308523,0,0.214,0.38025445605408725
520526,威宁彝族回族苗族自治县,0.8052942782032491,3,0.7202854852982319,0.620844808,0.723554973897319,0.8440197,0.0,0.0,False,0.22814531161496218,0,0.06,0.1612081784386617
520113,白云区,0.7623566717022964,2,0.68631334698219,0.5365505559999999,0.7317467912130788,0.8296098000000001,0.0,0.0,False,0.157461977241485,0,0.27,0.44963709677419356
522601,凯里市,0.751315579894938,2,0.674637855852282,0.491580032,0.7194762723623199,0.872158,0.0,0.0,False,0.2527077275831019,0,0.102,0.2235648218347233
520121,开阳县,0.7408302721148607,1,0.6663345142531554,0.46248871599999997,0.716999620436647,0.8899235999999999,0.0,0.0,False,0.3074740580522606,0,0.124,0.25533048433048433
522701,都匀市,0.740930270696492,1,0.6589388069931988,0.45255458800000004,0.6879634246231837,0.9124797,0.0,0.0,False,0.18353920724050224,0,0.204,0.3681423220973783
520102,南明区,0.7691719909590067,2,0.7247589694639314,0.55602928,0.8686759067255687,0.8139476,0.06333333333333334,0.0,False,0.046235425891969405,0,0.228,0.3968380493678507
520330,习水县,0.720328902878872,1,0.6456978759714552,0.424979492,0.6995020065195033,0.8806338,0.0,0.0,False,0.5686022802987467,2,0.004,0.03285227272727273
520423,镇宁布依族苗族自治县,0.7633537842191123,2,0.652019314449339,0.5191740119999999,0.6141987981613916,0.866205,0.0,0.0,False,0.28745797401839385,0,0.126,0.2583446808510638
522326,望谟县,0.7536388213456446,2,0.6417990514035156,0.46986138,0.600193379339407,0.9236398,0.0,0.0,False,0.27971690782794323,0,0.164,0.3135740740740741
522725,瓮安县,0.7436891482942374,1,0.6490305391905346,0.473368796,0.6482270715981466,0.8808408,0.0,0.0,False,0.33142607135152297,0,0.07,0.1786142983230362
522634,雷山县,0.7203621275394418,1,0.5914087633087163,0.39291554799999995,0.4877830149483038,0.9654046000000001,0.0,0.0,False,0.2173203072697271,0,0.106,0.22869104477611937
520204,水城区,0.7634006531101424,2,0.5087503370299639,0.511388728,0.14581046303308665,0.8784493999999999,0.0,0.0,False,0.468839740462137,0,0.068,0.17521212121212124
520525,纳雍县,0.7485004940463647,1,0.6529221946660253,0.4919050439999999,0.6619796578542423,0.8481533000000001,0.0,0.0,False,0.29336015463125004,0,0.04,0.12488120950323973
520502,七星关区,0.7499162106998915,2,0.6911229550791315,0.48830299599999993,0.7915213091127706,0.8671352999999999,0.0,0.0,False,0.4189018668310335,0,0.018,0.07552685050798258
520381,赤水市,0.6982132320002077,1,0.6115227032174027,0.355910736,0.6049139682432656,0.9621495,0.0,0.0,False,0.4674118519076683,0,0.046,0.13709896907216493
520203,六枝特区,0.7500602474701228,2,0.6426261756622821,0.502788684,0.6269721710255779,0.8328975,0.0,0.0,False,0.3402521123165825,0,0.034,0.1125933562428408
520523,金沙县,0.7411326989893329,1,0.6583524905264114,0.487186488,0.7006496003926751,0.8298021,0.0,0.0,False,0.3141354932118956,0,0.04,0.12488120950323973
522631,黎平县,0.7348902027928839,1,0.628054773851994,0.42139647999999996,0.5877330918373734,0.9595904000000001,0.0,0.0,False,0.10188589123249726,0,0.246,0.4213187203791469
520403,平坝区,0.7571813128467896,2,0.6455117195886421,0.546415804,0.625095235730798,0.7836721,0.0,0.0,False,0.14893005788536098,0,0.212,0.37856207535515746
522325,贞丰县,0.7734348299333365,2,0.6672196520292503,0.5597930879999999,0.644386253525149,0.8254095,0.0,0.0,False,0.251931730568309,0,0.062,0.16414102564102565
520521,大方县,0.7499400912536945,2,0.6661851112232935,0.49345427999999997,0.6980501904516446,0.857441,0.0,0.0,False,0.32063118038704075,0,0.052,0.14781907571288103
522623,施秉县,0.7388352777175631,1,0.5942717358554237,0.45048686800000004,0.4734756190631784,0.9121486000000001,0.0,0.0,False,0.24000116935055768,0,0.09,0.20748803827751197
520626,德江县,0.7346735222736317,1,0.640267285965545,0.46085831999999993,0.6400752072554096,0.872242,0.0,0.0,False,0.5130639010220305,0,0.01,0.05294871794871795
522732,三都水族自治县,0.7327014600850588,1,0.6230502188447612,0.424964456,0.5781542232803553,0.9404178000000001,0.0,0.0,False,0.18738593872171155,0,0.218,0.38570257037943695
520424,关岭布依族苗族自治县,0.765237433524239,2,0.6485680175785233,0.53363964,0.6015647551147393,0.845942,0.0,0.0,False,0.3289918903383196,0,0.068,0.17521212121212124
520112,乌当区,0.7445237797781205,1,0.6549299661415858,0.466813492,0.6647694659008639,0.8980554,0.0,0.0,False,0.18060881037525753,0,0.228,0.3968380493678507
520621,江口县,0.7120896272639027,1,0.6051671936799369,0.382987488,0.5538261186856177,0.9556374,0.0,0.0,False,0.36491466062980854,0,0.036,0.1168080808080808
520627,沿河土家族自治县,0.7247557958436356,1,0.6295398636823321,0.43623487999999994,0.6253126079118033,0.8837240000000001,0.0,0.0,False,0.6698968722469174,0,0.024,0.09105511811023623
522727,平塘县,0.7488898914227657,2,0.6328654169190947,0.46342328,0.5756556726660651,0.9274217000000001,0.0,0.0,False,0.11869805812905689,0,0.276,0.455952
520322,桐梓县,0.7169188484581833,1,0.6313471203770274,0.42092595999999993,0.6560687592367912,0.8762164000000001,0.0,0.0,False,0.5364810012551663,0,0.028,0.10030731102850063
520325,道真仡佬族苗族自治县,0.7103638540216409,1,0.6056364133464648,0.40177057199999994,0.5705163631384472,0.9025377,0.0,0.0,False,0.8283523912064148,0,0.012,0.05889983022071307
522632,榕江县,0.7261787804122608,1,0.6181732804577659,0.40414081999999996,0.5711237398687857,0.9627403,0.0,0.0,False,0.14782981669990156,0,0.142,0.28195192307692307
520425,紫云苗族布依族自治县,0.7579523564755338,2,0.637256758898254,0.48415313599999993,0.5711237398687857,0.9207188000000001,0.0,0.0,False,0.13845806464317342,0,0.104,0.2257237237237237
522327,册亨县,0.7611476972324194,2,0.6352307004967255,0.482720956,0.5623116006523018,0.92703,0.0,0.0,False,0.22566319915461042,0,0.17,0.3233355263157895
520329,余庆县,0.7397113816846663,1,0.6251559685587128,0.464397148,0.5778369893581339,0.8840224999999999,0.0,0.0,False,0.3864311317086689,0,0.052,0.14781907571288103
522625,镇远县,0.7296817010807877,1,0.603777228629205,0.439064224,0.5339498195763516,0.8869985,0.0,0.0,False,0.10608825629291402,0,0.142,0.28195192307692307
520123,修文县,0.7530431209151379,2,0.6590296876946454,0.5072299520000001,0.663262208349886,0.8482591,0.0,0.0,False,0.3040036783245166,0,0.108,0.23110880829015545
520603,万山区,0.7356233030582846,1,0.6197644712645873,0.4391444,0.5622147244901654,0.922897,0.0,0.0,False,0.25702664256560787,0,0.116,0.24336429608127721
522629,剑河县,0.7173375392164563,1,0.6017043000945349,0.38499976,0.5295322577286281,0.9704124999999999,0.0,0.0,False,0.1997733517173713,0,0.22,0.38758074344911636
520422,普定县,0.7569863126770393,2,0.6501970315409701,0.5319602239999999,0.6348616339118154,0.8100262,0.0,0.0,False,0.2576985544356452,0,0.052,0.14781907571288103
522722,荔波县,0.7410827978418744,1,0.6210845437587239,0.43448703199999994,0.548995725410757,0.9591683999999999,0.0,0.02,False,0.07004589401324621,0,0.274,0.4544658634538153
520622,玉屏侗族自治县,0.7545063045220515,2,0.6341580162359899,0.515423816,0.5826305268531699,0.8381767,0.0,0.0,False,0.25287088503683347,0,0.172,0.3260668852459016
520201,钟山区,0.7846659921558004,2,0.7067717091487,0.581609108,0.7377759388906021,0.8335566999999999,0.0,0.0,False,0.18408525302053286,0,0.064,0.16835668789808916
522633,从江县,0.732344313157881,1,0.6158018674351907,0.42109992399999996,0.55477017448481,0.9449371,0.0,0.0,False,0.19263430674829185,0,0.24,0.41398568019093074
522324,晴隆县,0.761878904023395,2,0.635310609920626,0.52200918,0.5710592655597191,0.8495857000000001,0.0,0.0,False,0.5259289241022664,0,0.078,0.1904543918918919
522730,龙里县,0.7383325251101549,1,0.6541282791158249,0.445621188,0.6776836801359984,0.9156783000000001,0.0,0.0,False,0.08967189151220283,0,0.268,0.44733718244803694
522628,锦屏县,0.7304270994332039,1,0.6044033410553397,0.415052504,0.5156190897349253,0.9554445,0.0,0.0,False,0.12349777004800346,0,0.398,0.5961751295336788
520326,务川仡佬族苗族自治县,0.7186465717122139,1,0.6100342549563923,0.417010396,0.5665816605818387,0.904808,0.0,0.0,False,0.582690570829511,2,0.004,0.03285227272727273
520323,绥阳县,0.7234543066743937,1,0.6257205374013344,0.42623782399999993,0.6115877081698203,0.9016887,0.0,0.0,False,0.4450507461116541,0,0.01,0.05294871794871795
522635,麻江县,0.7412014799234905,1,0.598881619232608,0.46199253599999995,0.48910768566636564,0.8940906000000001,0.0,0.0,False,0.2234093985173373,0,0.126,0.2583446808510638
520402,西秀区,0.7662907857879331,2,0.696521621356633,0.54841884,0.7596831719366334,0.8196623000000001,0.0,0.0,False,0.20152018056647056,0,0.15,0.29241402562373564
520103,云岩区,0.7685693906508723,2,0.7233232913468027,0.554586188,0.8643219921338456,0.8142438,0.03666666666666667,0.0,False,0.08195453511676529,0,0.204,0.3681423220973783
522636,丹寨县,0.7325286014728979,1,0.5959559258897936,0.42854485200000003,0.4877076117339024,0.9326207,0.0,0.0,False,0.23722608625548414,0,0.128,0.26133333333333336
520111,花溪区,0.7631728298097473,2,0.712221391969843,0.53015122,0.8340937684492971,0.8386799,0.0,0.0,False,0.12288251883559917,0,0.376,0.5724149552395998
522302,兴仁市,0.7783182218390534,2,0.6704226191381932,0.55672598,0.6369556576932958,0.8545775999999999,0.0,0.0,False,0.23521717476194715,0,0.086,0.20131659919028339
520302,红花岗区,0.7477937825999632,1,0.6750014454807945,0.5054658679999999,0.7353424836392422,0.8289306999999999,0.0,0.0,False,0.3493789730922133,0,0.04,0.12488120950323973
520625,印江土家族苗族自治县,0.7192919412489794,1,0.6250007816998797,0.40423921999999995,0.6138421930373689,0.9338556,0.0,0.0,False,0.4186041034637794,0,0.032,0.10807476635514018
522731,惠水县,0.752509828370158,2,0.6528257425618492,0.47579918800000004,0.6352788032121415,0.9151336,0.0,0.0,False,0.09551837447902937,0,0.346,0.5372105263157895
520624,思南县,0.7428780149711848,1,0.6493303387113498,0.488631004,0.657070304242371,0.8441586999999999,0.0,0.0,False,0.45784271870415044,0,0.038,0.12112238147739803
520304,播州区,0.750538792478333,2,0.6776722083328518,0.518758296,0.7429291827124112,0.8094616,0.0,0.0,False,0.30274190641134074,0,0.036,0.1168080808080808
522624,三穗县,0.7359046895141838,1,0.6048404954357469,0.430248964,0.507198406028032,0.9455452,0.0,0.0,False,0.12730119636186202,0,0.166,0.3169788639365918
522328,安龙县,0.7795838088272241,2,0.6741986440515529,0.544260332,0.6427188966651736,0.8850507,0.0,0.0,False,0.15507090877664118,0,0.114,0.2402142857142857
520581,黔西市,0.7585803964115027,2,0.49708637124369714,0.53271642,0.13324224104800492,0.8225085000000001,0.0,0.0,False,0.3342045175168613,0,0.094,0.21297335423197494
520324,正安县,0.7252233302421475,1,0.6301783820349989,0.43404133999999994,0.6244324277231724,0.8918005999999999,0.0,0.0,False,0.553193089269201,0,0.016,0.06997881996974281
522728,罗甸县,0.7427664684889819,1,0.6249423491562607,0.44354414799999997,0.5638241528923083,0.9398524,0.0,0.0,False,0.19737029052128283,0,0.256,0.4338194607268464
520524,织金县,0.7498626970182034,2,0.6654078240350586,0.482495884,0.692380864821765,0.8814052,0.0,0.0,False,0.2404585353264392,0,0.08,0.1924126455906822
522630,台江县,0.7291625936323146,1,0.5952364667326395,0.41294754799999994,0.4858586253330406,0.9562995,0.0,0.0,False,0.1716810460356992,0,0.116,0.24336429608127721
522622,黄平县,0.7446552705688111,1,0.6157530776283976,0.47353203999999993,0.536425160255187,0.8860091,0.0,0.0,False,0.2819409828527139,0,0.054,0.15127325581395348
520281,盘州市,0.7892185282477517,3,0.729538675799637,0.567003084,0.815353757271763,0.8677959,0.23333333333333334,0.0,False,0.13658257791607292,0,0.072,0.18053078924544666
522626,岑巩县,0.7321462958466957,1,0.605053634505656,0.43747237599999994,0.5252880779871166,0.9078509000000001,0.0,0.0,False,0.16195444419208488,0,0.112,0.23651716581446314
520115,观山湖区,0.7610254334996572,2,0.7100970096699789,0.525940028,0.8335069468366075,0.8375881,0.0,0.0,False,0.16665306114845713,0,0.214,0.38025445605408725
520328,湄潭县,0.7327112159642577,1,0.6332362701850985,0.447777968,0.618206092186871,0.8919984,0.0,0.0,False,0.405802696983941,0,0.028,0.10030731102850063
520382,仁怀市,0.7512939986351346,2,0.7176038211518093,0.498745984,0.9361369704169419,0.8355918000000001,0.023333333333333334,0.0,False,0.37647220788100905,0,0.026,0.09624327784891165
520327,凤冈县,0.734864351023419,1,0.6233835452630867,0.45549207599999997,0.5808782908250716,0.8857074999999999,0.0,0.0,False,0.3907518591556174,0,0.018,0.07552685050798258
522729,长顺县,0.7568056289351615,2,0.6370920618917826,0.48951728399999994,0.5741045002110842,0.9057018,0.0,0.0,False,0.10786073210774595,0,0.254,0.4314418331374853
520122,息烽县,0.7494595874155906,2,0.653096761527881,0.5026110159999999,0.6544520357581838,0.8415231,0.0,0.0,False,0.3450862801710735,0,0.082,0.19543446001648807
522323,普安县,0.7644671258699314,2,0.6444309794091486,0.525394428,0.5977175615274762,0.8461310000000001,0.0,0.0,False,0.2771763782007391,0,0.06,0.1612081784386617
520303,汇川区,0.7372238944357159,1,0.6782579569683993,0.46079962399999996,0.7764511391984776,0.8759520000000001,0.0,0.0,False,0.4323031836252765,0,0.046,0.13709896907216493
520628,松桃苗族自治县,0.7319555841719844,1,0.6453815890313799,0.43527269599999996,0.6600782253367796,0.9152302,0.0,0.0,False,0.3490365881723757,0,0.032,0.10807476635514018
469023,澄迈县,0.823834251439358,3,0.7492911453954535,0.625278596,0.7751570054450388,0.8981343,1.0,0.0,False,0.29576070516340264,0,0.06,0.1612081784386617
460107,琼山区,0.8256270287844685,3,0.7375374543622876,0.664351384,0.7252812393706989,0.8435197999999999,0.88,0.0,False,0.3855760715695407,0,0.056,0.15522147651006712
469026,昌江黎族自治县,0.8193920322850293,3,0.6952921773067644,0.669772516,0.6367508865031989,0.7916757999999999,0.0,0.0,False,0.13775254892428188,0,0.148,0.28988346883468835
469001,五指山市,0.8209100523744277,3,0.6435403162634097,0.576066528,0.4674728231218851,0.9802831000000001,0.0,0.09666666666666666,False,0.10551711015640301,0,0.08,0.1924126455906822
469021,定安县,0.8212945433792023,3,0.6951387946132569,0.62449338,0.6135763634286222,0.8947613,0.0,0.0,False,0.3387651618003197,0,0.052,0.14781907571288103
469028,陵水黎族自治县,0.8307931905978843,4,0.7304813221016702,0.666575952,0.6918622826159018,0.8588124,0.16,0.0,False,0.33992796906411626,0,0.128,0.26133333333333336
469005,文昌市,0.8265510173758015,3,0.7428032219091489,0.697220224,0.7420925921201088,0.7952316,1.0,0.0,False,0.38235624379716854,0,0.03,0.10449397590361445
460204,天涯区,0.8365708064161397,4,0.7382148179819652,0.6362690040000001,0.7066271551451241,0.9321504999999999,0.7633333333333333,0.0,False,0.28635080927436374,0,0.032,0.10807476635514018
460322,南沙区,0.6605477796238455,1,0.4446009419439788,0.320835348,0.12730816605020626,0.8268547,0.0,0.0,False,10.063151175520558,2,0.002,0.019801369863013698
469027,乐东黎族自治县,0.8375613671053206,4,0.7284264513273617,0.67992536,0.6701279618057019,0.8626790999999999,0.08666666666666667,0.0,False,0.3039209039035334,0,0.18,0.3361627906976744
460202,海棠区,0.8408770658224788,4,0.7199107309630101,0.700304088,0.6394278299723648,0.8443806,0.0,0.0,False,0.4601942629274288,0,0.06,0.1612081784386617
469030,琼中黎族苗族自治县,0.811467464864209,3,0.6613846066540101,0.555423476,0.5399161952178033,0.9812795,0.0,0.12333333333333334,False,0.0753576995813112,0,0.18,0.3361627906976744
460203,吉阳区,0.8425932807688471,4,0.7546645312056205,0.666902864,0.7355015888588537,0.9029216,1.0,0.0,False,0.3249414092512523,0,0.084,0.19872667757774143
469029,保亭黎族苗族自治县,0.8245273136802361,3,0.671655262468695,0.5909907480000001,0.5427634319998639,0.9671896,0.0,0.04,False,0.1254763479452573,0,0.042,0.12889808917197454
469006,万宁市,0.8197027981177235,3,0.730763901119219,0.6249178360000001,0.723870275562252,0.884376,0.21,0.0,False,0.29073048288258113,0,0.118,0.24559971202303815
469007,东方市,0.8367230561851937,4,0.7329765959736037,0.7071006120000001,0.689236568947582,0.813358,0.33666666666666667,0.0,False,0.30361900409856246,0,0.174,0.32856564337034616
460321,西沙区,0.5112656244193249,1,0.3427422801377298,0.131585348,0.0,0.6962647,0.0,0.0,False,16.125220557622672,2,0.002,0.019801369863013698
469002,琼海市,0.8196754997043063,3,0.7361961383666207,0.617980852,0.7422531550851542,0.896742,0.64,0.0,False,0.308010420430127,0,0.072,0.18053078924544666
460205,崖州区,0.8457402313431931,4,0.7136890566741663,0.718800628,0.6118857075033712,0.8371994,0.0,0.0,False,0.36854558630265283,0,0.092,0.21058749010292951
460106,龙华区,0.8281322771998683,4,0.721213351237266,0.679920104,0.6712990469979133,0.8300769,0.0,0.0,False,0.4245389406901113,0,0.028,0.10030731102850063
469024,临高县,0.8294531103084402,4,0.7292072806122464,0.654656136,0.6910408767974449,0.8746064,0.10666666666666667,0.0,False,0.34155316631820737,0,0.08,0.1924126455906822
460108,美兰区,0.828674197806878,4,0.7603033192574521,0.724753236,0.8010987055659459,0.7592419,1.0,0.0,False,0.39106737244123646,0,0.034,0.1125933562428408
469022,屯昌县,0.817648263848059,3,0.6820585652688496,0.5833124639999999,0.5862229513183369,0.9551488000000001,0.0,0.0,False,0.1477154875137162,0,0.052,0.14781907571288103
469025,白沙黎族自治县,0.8198328383985248,3,0.6638469874884816,0.577708912,0.5298555958201125,0.9725994,0.0,0.06,False,0.09158988290988831,0,0.204,0.3681423220973783
460400,儋州市,0.8304453041464752,4,0.7778974119612574,0.643328156,0.8631210799470278,0.8873063000000001,1.0,0.0,False,0.22447272662409756,0,0.246,0.4213187203791469
460105,秀英区,0.8299780590339872,4,0.7657745894304286,0.684888408,0.8044806224452556,0.8250809,1.0,0.0,False,0.36150406439380406,0,0.056,0.15522147651006712
130702,桥东区,0.8484738777151188,4,0.7505132002947331,0.746640816,0.6857950881853104,0.8340679,1.0,1.0,False,1.1699812464842712,0,0.014,0.06434658187599365
130524,柏乡县,0.8079348862279745,3,0.6376079300109749,0.725639916,0.5085461635287924,0.6951443,0.0,0.0,False,0.0008948981591968095,0,0.886,0.9507891610987379
130881,平泉市,0.819946346165238,3,0.7067199381819589,0.6263226,0.6421654258635453,0.8992415,0.0,0.0,False,0.00011234900603045216,0,0.882,0.9489624116114627
130626,定兴县,0.8080931879365856,3,0.6949819005789535,0.7238803159999999,0.6657099024794392,0.6969152000000001,0.0,0.0,False,0.0003297647048220805,0,0.924,0.9664558610709117
130636,顺平县,0.8198266471946309,3,0.6822605848423743,0.6872397640000001,0.577077240399096,0.8043117000000001,0.0,0.5966666666666667,False,0.0797993675492623,0,0.384,0.5812272251308901
130581,南宫市,0.8135331314676001,3,0.6811660095912454,0.738394184,0.6145908014264921,0.6971556,0.0,0.0,False,0.001826767513661892,0,0.814,0.9273018867924528
130924,海兴县,0.8012343902002478,3,0.6414858953869681,0.7061183,0.5432639548601143,0.6847311,0.0,0.0,False,0.13808076871194458,0,0.554,0.7544107395195478
130503,信都区,0.8126892433735692,3,0.721653334929949,0.645609392,0.7050253341352254,0.8352510000000001,0.0,0.8066666666666666,False,0.021824484976023968,0,0.778,0.9188997555012225
130709,崇礼区,0.8439722931471265,4,0.6641163313193825,0.6593354040000001,0.464025770494798,0.9651201,0.0,1.0,False,1.4596814389568324,1,0.008,0.04758847736625514
130722,张北县,0.863023394493818,4,0.7420327878220887,0.771923848,0.62587102170926,0.8658919,0.8433333333333334,1.0,False,2.172114864668017,1,0.002,0.019801369863013698
130608,清苑区,0.8061670656528211,3,0.6851213112813139,0.726767964,0.6468216684738117,0.6845217,0.0,0.0,False,0.007229986123038232,0,0.758,0.9172783591460862
130107,井陉矿区,0.8134813521690484,3,0.6607270852225111,0.706589968,0.5492417344269455,0.7414402,0.0,0.0,False,-0.03195659563818878,0,0.402,0.5996811145510836
130828,围场满族蒙古族自治县,0.8348189703715377,4,0.7280830649263242,0.64045984,0.6645683262203608,0.9488768,0.13333333333333333,0.9733333333333334,False,0.6921872254569504,0,0.03,0.10449397590361445
130203,路北区,0.8127540262002364,3,0.7429793928224155,0.7351426400000001,0.808171914820144,0.6941441,0.9866666666666667,0.0,False,0.012047961374518234,0,0.696,0.879045871559633
130102,长安区,0.8081036628636388,3,0.7425398651907219,0.721029852,0.8233070715826759,0.6950116,0.9866666666666667,0.0,False,0.0027074539290743308,0,0.816,0.9273018867924528
130922,青县,0.8156909741639559,3,0.7083772149526184,0.743758148,0.6872024211319522,0.6960396,0.0,0.0,False,-0.001325018007782887,0,0.998,0.9986908965039806
130408,永年区,0.8074663128861508,3,0.7059650500480351,0.724674552,0.7016508325424436,0.6921256,0.0,0.0,False,0.005108047335999163,0,0.746,0.9115325443786982
130630,涞源县,0.827625117918866,4,0.6857844481368551,0.63018588,0.5588327380354542,0.9410944,0.0,0.9866666666666667,False,0.42808356838767087,0,0.152,0.29432819825853984
130826,丰宁满族自治县,0.8300186629001103,4,0.7176867619449905,0.628084632,0.6465400893546109,0.9509697,0.0033333333333333335,0.9433333333333334,False,0.4571324069662627,0,0.108,0.23110880829015545
130623,涞水县,0.7979589331977347,3,0.6695477748026487,0.570988104,0.5858568674022134,0.9082858,0.0,0.0,False,-0.03614160348511396,0,0.586,0.786502321262767
130131,平山县,0.8044285826126707,3,0.717486801681357,0.61235886,0.7222242509225143,0.8480498,0.0,0.4866666666666667,False,0.09344362351350363,0,0.252,0.42905300353356896
130724,沽源县,0.8578822650341886,4,0.7071118289140808,0.757878284,0.5517207157486032,0.8626558,0.0,1.0,False,2.0666747495843136,1,0.002,0.019801369863013698
130109,藁城区,0.8069810282970017,3,0.6978697801853142,0.726514396,0.6808825773219697,0.6873569,0.0,0.0,False,0.005726433078886531,0,0.746,0.9115325443786982
130183,晋州市,0.8113010928571952,3,0.6974431780734678,0.732310272,0.6650432262292558,0.6970959000000001,0.0,0.0,False,0.0042281966301556916,0,0.764,0.9187703826955076
130531,广宗县,0.8107590864715473,3,0.6498141401462386,0.732587028,0.5357082402939705,0.6956106,0.0,0.0,False,0.00169919652806174,0,0.832,0.934170476559473
130628,高阳县,0.8104305652301231,3,0.6751612231319091,0.731292124,0.6052381159419224,0.6957119,0.0,0.0,False,0.0009613814327867196,0,0.904,0.9594214390602056
130825,隆化县,0.8153194217166476,3,0.704911740322385,0.58994238,0.6511068579983218,0.9475593999999999,0.0,0.43666666666666665,False,0.06377421743121614,0,0.324,0.5124091903719913
131028,大厂回族自治县,0.8066897295403327,3,0.6834516222078065,0.726317168,0.6404753461765632,0.6866955,0.0,0.0,False,0.011073515505747304,0,0.522,0.721713055954089
130803,双滦区,0.8049021807409718,3,0.6894682288499779,0.6112245479999999,0.6362621176348116,0.8523063000000001,0.0,0.76,False,-0.03542059012088815,0,0.914,0.9633153481589501
130728,怀安县,0.8518501304133704,4,0.7096328517278289,0.754173928,0.572189179211779,0.8414503,0.0,1.0,False,1.8956424729761219,1,0.008,0.04758847736625514
130804,鹰手营子矿区,0.7904197952527598,3,0.6264575646107827,0.532838324,0.47473718841618595,0.9431829,0.0,0.0,False,0.05419217391358773,0,0.56,0.7611471556182418
130322,昌黎县,0.8135028394501064,3,0.7227123672529432,0.732231912,0.7358260879198645,0.7008997,0.0,0.0,False,0.0008638168783216327,0,0.98,0.9927049754730203
130133,赵县,0.8095100337495875,3,0.688775030737606,0.7280554960000001,0.6446441079507134,0.6967554,0.0,0.0,False,0.0032334320686405295,0,0.804,0.9267799043062201
130926,肃宁县,0.8145277335993429,3,0.6888003261472578,0.741035704,0.6335704279178385,0.6969432,0.0,0.0,False,0.0020786448433405126,0,0.852,0.9397680274704312
130681,涿州市,0.8062300291874231,3,0.7197876763883053,0.72273526,0.7500012604464036,0.6886848999999999,0.0,0.0,False,0.00019285596587555683,0,0.98,0.9927049754730203
130984,河间市,0.815751675494077,3,0.7161236685760355,0.745334376,0.7105673018594374,0.6939328,0.0,0.0,False,0.0043766080879623056,0,0.766,0.9188997555012225
130424,成安县,0.8095002052117797,3,0.696182650205486,0.727916808,0.6658307348898891,0.6965891,0.0,0.0,False,0.006131797303224007,0,0.734,0.9064476719350706
130427,磁县,0.8089853064342376,3,0.6753437278890295,0.68591818,0.5949149334649155,0.7556136,0.0,0.0,False,0.022578393787388636,0,0.554,0.7544107395195478
130204,古冶区,0.7939494326186979,3,0.6812111433228683,0.731372536,0.6931644261570201,0.6240425,0.0,0.82,False,-0.029710364673008,0,0.874,0.9481178236397748
130921,沧县,0.8149485517079436,3,0.7084759927010535,0.750656916,0.6955669682551575,0.6818821,0.0,0.0,False,0.004501891222556706,0,0.862,0.9446709628506444
130111,栾城区,0.8070863042713009,3,0.6924581146953313,0.7264258800000001,0.6640058565358019,0.6887295,0.0,0.0,False,0.006064148113618003,0,0.754,0.9158882352941176
131121,枣强县,0.8148940224961738,3,0.6834347728156295,0.742903332,0.6184446072902792,0.6956627,0.0,0.0,False,0.0021506731944437216,0,0.878,0.9485756897837434
130602,竞秀区,0.8082764530712478,3,0.7230960657825806,0.7248583120000001,0.7518707424340306,0.6944025,0.0,0.0,False,0.005572300490092335,0,0.776,0.9188997555012225
130127,高邑县,0.8081438469667882,3,0.6632981281173489,0.7247649119999999,0.5773228260956619,0.6967943,0.0,0.0,False,0.0006211988947867717,0,0.908,0.9604932308818149
131126,故城县,0.80492222014313,3,0.6690211641412298,0.743562336,0.6171137213035109,0.6528841,0.0,0.37666666666666665,False,0.010017484380792106,0,0.874,0.9481178236397748
130125,行唐县,0.8149788457570821,3,0.6921827597829554,0.7181554,0.6289674197220395,0.7353166,0.0,0.25666666666666665,False,0.07462884191011719,0,0.356,0.5486119402985075
130529,巨鹿县,0.8101281573764316,3,0.6706029803768137,0.7293147799999999,0.5926678770256119,0.6977487,0.0,0.0,False,0.0018949799756509717,0,0.826,0.9317073741708934
130821,承德县,0.8041217802638599,3,0.687654910282646,0.5702678919999999,0.629178160827928,0.9297536,0.0,0.0,False,0.0005067090831751292,0,0.99,0.9962025757048382
130283,迁安市,0.8106409674033225,3,0.7598770618743249,0.7116541319999999,0.8918896931754207,0.7080467,1.0,0.0,False,-0.0038863874960909602,0,1.0,1.0
130703,桥西区,0.8373874882409097,4,0.7266600276066136,0.7479972159999999,0.6612460147314803,0.7793015999999999,0.016666666666666666,0.9966666666666667,False,0.9480911069055665,1,0.004,0.03285227272727273
131123,武强县,0.8168867290442868,3,0.6644399650739174,0.747464732,0.5621731831182272,0.6972745,0.0,0.0,False,0.0015051107594711327,0,0.846,0.9374419317746263
130434,魏县,0.809468988283044,3,0.7007164667623438,0.72704146,0.6785647603315548,0.6976848999999999,0.0,0.0,False,0.005472443558471129,0,0.666,0.8553558418480676
130632,安新县,0.8037027456848018,3,0.7109649157287492,0.7030789479999999,0.7258536339447489,0.7042992000000001,0.0,0.0,False,-0.020052201566738186,0,0.796,0.92512
130110,鹿泉区,0.806575231451935,3,0.7227347361007828,0.6967623439999999,0.7477278236315377,0.7251647,0.0,0.0,False,-0.006116596688713497,0,0.688,0.8735212999560825
131022,固安县,0.8087220772561935,3,0.7162010464517539,0.7252823079999999,0.7278101613402015,0.6961686,0.0,0.0,False,0.005911653478808022,0,0.722,0.8989242032730406
130629,容城县,0.8084698249332715,3,0.683874743175602,0.7243090799999999,0.6331631922066615,0.697897,0.0,0.0,False,0.00019576108249200547,0,0.872,0.9481178236397748
130481,武安市,0.8074398032346397,3,0.7498044235569732,0.673411896,0.8352436526036946,0.7583462999999999,1.0,0.9066666666666666,False,0.08793181631261066,0,0.528,0.7282671755725191
130528,宁晋县,0.8069965545940496,3,0.7112778567815151,0.730752992,0.7246494088367696,0.6800111,0.0,0.0,False,0.006521376456752803,0,0.782,0.9197567127746136
130209,曹妃甸区,0.7876913341189257,2,0.727103614956835,0.6599854199999999,0.8701074523777366,0.6820980999999999,0.08333333333333333,0.0,False,-0.059005552262022594,0,0.79,0.9242776203966007
130683,安国市,0.811033780237498,3,0.6806961051435377,0.7314135239999999,0.6182679731922924,0.6980353,0.0,0.0,False,0.0023710298537053436,0,0.808,0.9269555555555556
130708,万全区,0.8423947858661007,4,0.6926140755110906,0.758110164,0.5589038422259859,0.7893504,0.0,1.0,False,1.1494114063711773,1,0.004,0.03285227272727273
131081,霸州市,0.8099890963156078,3,0.7282227563377589,0.727674304,0.7637543605704289,0.6959005,0.006666666666666667,0.0,False,0.0015281271247377496,0,0.894,0.9558261834319527
130184,新乐市,0.8077859753036715,3,0.6891225435751078,0.72487988,0.6510049010299775,0.6939145,0.0,0.0,False,0.0054657606119264904,0,0.604,0.804683870967742
130631,望都县,0.8085693034510081,3,0.6537062960552682,0.72712634,0.5508290877216251,0.6951776000000001,0.0,0.0,False,0.009726146088884932,0,0.552,0.7534617563739378
130802,双桥区,0.8095242553316458,3,0.700254127188961,0.606320096,0.6522565898507203,0.8855636,0.0,0.0,False,0.0010055364820058144,0,0.984,0.9932765363128492
131024,香河县,0.8091829765453357,3,0.7062402734329633,0.72680594,0.6969866154473615,0.6955475,0.0,0.0,False,0.003973214687587974,0,0.598,0.7988992606284658
130824,滦平县,0.8033054585990806,3,0.6960376713576186,0.5641202599999999,0.6564924693454591,0.9404060999999999,0.0,0.2633333333333333,False,-0.007838492097547686,0,0.808,0.9269555555555556
130633,易县,0.8085594842414239,3,0.6877507345137277,0.61237918,0.6134937493950964,0.8792173,0.0,0.0,False,-0.004141900183026971,0,0.586,0.786502321262767
130902,新华区,0.819232860721974,3,0.7371534406264435,0.7510467999999999,0.765943265699135,0.6976327,0.7533333333333333,0.0,False,-0.0008253038825725621,0,0.986,0.993560822586267
130532,平乡县,0.809704185349587,3,0.6681340214413855,0.728742148,0.5869973345656588,0.697075,0.0,0.0,False,0.0018409041686696494,0,0.834,0.934170476559473
130582,沙河市,0.8078972694978884,3,0.7036896107460038,0.670233064,0.6740280057824259,0.7735249,0.0,0.0,False,-0.0018984483461810236,0,0.658,0.8534221624046657
131125,安平县,0.8125246617706431,3,0.6896093901583805,0.736507688,0.6407783013705424,0.6956349,0.0,0.0,False,0.0022045564282530627,0,0.804,0.9267799043062201
130423,临漳县,0.808473033170028,3,0.6936394272997644,0.72549444,0.6611548676143637,0.696161,0.0,0.0,False,0.004726719836380686,0,0.692,0.8770591845681718
130522,临城县,0.799223977722623,3,0.6344727258249403,0.676214524,0.5156592958803007,0.7255496,0.0,0.0,False,0.004040953477984964,0,0.852,0.9397680274704312
130637,博野县,0.8111445150169406,3,0.6523783116540945,0.732388772,0.5411514207827743,0.6975817,0.0,0.0,False,0.0017352877234040253,0,0.822,0.9304628034455756
130132,元氏县,0.8115198660632156,3,0.7019213372089946,0.7045469679999999,0.6656373468737629,0.7381215999999999,0.0,0.0,False,-0.002703712595940536,0,0.78,0.9188997555012225
130624,阜平县,0.8222787149591155,3,0.6687776392411704,0.614546584,0.5215290137159906,0.9487355,0.0,0.9966666666666667,False,0.5854471728636836,0,0.096,0.21547826086956523
131122,武邑县,0.8157180991341245,3,0.6692366230810194,0.7455655800000001,0.5782273168068534,0.6952198,0.0,0.0,False,0.002838380146291946,0,0.768,0.9188997555012225
130903,运河区,0.8175832095711253,3,0.7257121165786489,0.7510499159999999,0.7369484066602132,0.6913482,0.0,0.0,False,0.0029750920567785497,0,0.844,0.9374419317746263
130723,康保县,0.8701244067778501,4,0.7152953669981271,0.783287448,0.5451827678183081,0.8824273,0.013333333333333334,1.0,False,4.190960188574018,1,0.002,0.019801369863013698
130731,涿鹿县,0.8237668134348126,3,0.6889717975265311,0.6304823639999999,0.579752480291858,0.9154486000000001,0.0,0.8233333333333334,False,0.2234051964864412,0,0.22,0.38758074344911636
130930,孟村回族自治县,0.8177110442113541,3,0.674776122124201,0.75038234,0.5890242908378795,0.6956786,0.0,0.0,False,-0.0032342962704279255,0,0.804,0.9267799043062201
130725,尚义县,0.8696245501429977,4,0.7052912067205283,0.769422364,0.5191672327428003,0.9049214,0.0,1.0,False,3.1376064487318835,1,0.002,0.019801369863013698
130105,新华区,0.80922015251768,3,0.7367017073319064,0.7261591079999999,0.7963699569773385,0.6942549,0.6933333333333334,0.0,False,0.012948762069224656,0,0.694,0.8784387040280209
130130,无极县,0.8091089139866084,3,0.685715301419367,0.728444544,0.637934307137209,0.6943724,0.0,0.0,False,0.003137277713032103,0,0.8,0.92512
130129,赞皇县,0.8097233821783006,3,0.6742236344395207,0.645167144,0.5788953547521161,0.8243676,0.0,0.0,False,-0.033894671294646884,0,0.666,0.8553558418480676
131182,深州市,0.8143382252710715,3,0.6949507454038063,0.7414589439999999,0.6517844520994583,0.6953115999999999,0.0,0.0,False,0.0018004348754353024,0,0.872,0.9481178236397748
130732,赤城县,0.8329143569853051,4,0.6815031486340004,0.635754296,0.5367141760903721,0.9529231,0.0,0.9933333333333333,False,0.5732812223865577,0,0.096,0.21547826086956523
130682,定州市,0.8073833169654767,3,0.7200396682123736,0.727228728,0.7485587583879002,0.6865034000000001,0.0,0.0,False,0.005121082115044591,0,0.864,0.944714069591528
130321,青龙满族自治县,0.8066734295173704,3,0.6882518483897542,0.579225676,0.6226873620859058,0.9270939,0.0,0.0,False,0.023563100147086898,0,0.56,0.7611471556182418
130303,山海关区,0.8090950195607496,3,0.6659418578195012,0.672628044,0.5703089207544395,0.7697881,0.0,0.0,False,0.10762135123825302,0,0.662,0.854012494422133
130202,路南区,0.8103505483486176,3,0.718379837118913,0.728808916,0.7324646237991318,0.6947978,0.0,0.0,False,0.00686977655481205,0,0.738,0.9078970212765958
130525,隆尧县,0.806650713822898,3,0.6717365043779517,0.724999388,0.6064389441161335,0.6895485,0.0,0.0,False,0.0023489527695421974,0,0.84,0.9368981481481482
130426,涉县,0.8151516195528111,3,0.7134163071261604,0.640719684,0.671785560836179,0.856414,0.0,1.0,False,0.34591676830214146,0,0.224,0.3927131594906004
130402,邯山区,0.8046731760047263,3,0.6985881050701941,0.72479522,0.6914055198059161,0.6805663,0.0,0.0,False,0.010833197797631672,0,0.816,0.9273018867924528
130224,滦南县,0.8080370341590792,3,0.7093801108505325,0.73467674,0.7194880614920665,0.6758697,0.0,0.0,False,-0.004248560416832241,0,0.828,0.9325079859758473
130730,怀来县,0.828894531711388,4,0.7096513752673476,0.6767127559999999,0.6280391796357992,0.8529881,0.0,0.006666666666666667,False,0.07683932263961048,0,0.204,0.3681423220973783
130535,临西县,0.811016639981802,3,0.6625229886416093,0.734315992,0.5702829662107615,0.6936033,0.0,0.0,False,0.002704330786956318,0,0.84,0.9368981481481482
131026,文安县,0.8102040503670538,3,0.7039936950946373,0.72866002,0.6878115944689709,0.6964176,0.0,0.0,False,0.00015986581158939953,0,0.954,0.9818490566037734
130121,井陉县,0.8012126250682985,3,0.6738921901446018,0.6258530360000001,0.6043520873310398,0.8122773,0.0,0.8866666666666667,False,0.06858084884641677,0,0.668,0.8567826086956523
130304,北戴河区,0.8144770499455352,3,0.6545375070114839,0.736059044,0.540246785183089,0.7023375000000001,0.0,0.0,False,0.01640168305592951,0,0.706,0.8885703090988245
130181,辛集市,0.8132016605268438,3,0.7284788736906063,0.7369819639999999,0.7551975700313885,0.6954271000000001,0.04,0.0,False,0.005397956296027967,0,0.778,0.9188997555012225
130229,玉田县,0.8114979767151835,3,0.719394457798223,0.725029824,0.7269247434877885,0.7065055,0.0,0.0,False,-0.00313467048313054,0,0.982,0.9932765363128492
130302,海港区,0.8109536427069568,3,0.7458363007739838,0.6520664359999999,0.8000682767376414,0.8051543999999999,1.0,0.0,False,0.07617430440223029,0,0.65,0.8460828455650609
130505,任泽区,0.8091168164198684,3,0.6884149881600267,0.725785216,0.6436969676820218,0.6988415,0.0,0.0,False,0.002033443661350099,0,0.878,0.9485756897837434
131128,阜城县,0.8180007241241786,3,0.6705918077371885,0.751699716,0.5772860190158287,0.6950555,0.0,0.0,False,0.002443528901583641,0,0.774,0.9188997555012225
130425,大名县,0.8100851692136266,3,0.6957105143821859,0.728958184,0.6627742855436642,0.6974266,0.0,0.0,False,0.0033702504018029364,0,0.79,0.9242776203966007
130982,任丘市,0.8110820103812872,3,0.7451953814286778,0.728953776,0.8232899588335629,0.6948337,0.9966666666666667,0.0,False,-0.0005327925626994263,0,0.958,0.9828168914123492
130502,襄都区,0.8082493526237602,3,0.7398503744927601,0.722660728,0.8118093173354003,0.6944684999999999,0.91,0.0,False,0.006742439831893445,0,0.734,0.9064476719350706
130227,迁西县,0.7993756049576003,3,0.7135128600439241,0.620218224,0.7295623835246038,0.809803,0.0,0.0,False,-0.014199587311370708,0,0.838,0.9368981481481482
130923,东光县,0.8193179520374293,3,0.7004492299178057,0.754443232,0.6562318948399475,0.6953504,0.0,0.0,False,0.0020178347773792947,0,0.874,0.9481178236397748
131082,三河市,0.8095338439871337,3,0.7386204544307228,0.722876544,0.8011804468789326,0.6988983,0.8633333333333333,0.0,False,0.0092596234611987,0,0.732,0.9059126712328767
130523,内丘县,0.8022527221099182,3,0.6510569653889168,0.667160512,0.5474782525451323,0.7527088,0.0,0.0,False,0.0012304483114105931,0,0.756,0.9160083822296731
130108,裕华区,0.8091080959999325,3,0.7320074868431339,0.726229388,0.779530629518588,0.6946256,0.26,0.0,False,0.005208057938428453,0,0.862,0.9446709628506444
130684,高碑店市,0.8082631206904906,3,0.7017379828568067,0.724444028,0.684994819011478,0.696568,0.0,0.0,False,0.0007431604339718615,0,0.878,0.9485756897837434
130430,邱县,0.8107545085066732,3,0.6747227504145784,0.730537424,0.6023603340024599,0.6983642,0.0,0.0,False,0.0014816916514688845,0,0.822,0.9304628034455756
130506,南和区,0.8077186294282879,3,0.6964862667982918,0.72565716,0.6725777102022203,0.6925605,0.0,0.0,False,0.00404681935178915,0,0.8,0.92512
130205,开平区,0.7968869856491665,3,0.6664071582761065,0.725081468,0.6330847251689199,0.6448125,0.0,0.0,False,0.009881832094375041,0,0.718,0.8958731117824773
130403,丛台区,0.8068308852570601,3,0.714142741197599,0.722927636,0.7289081779666975,0.6914426,0.0,0.0,False,0.005136829972998514,0,0.754,0.9158882352941176
130533,威县,0.8119682356757986,3,0.6774925349158636,0.73602102,0.608816038255757,0.6944893,0.0,0.0,False,0.00193913463148018,0,0.846,0.9374419317746263
130534,清河县,0.8141271227551795,3,0.6922032416830407,0.740172768,0.6441925127022899,0.6964157,0.0,0.0,False,0.003053105008242275,0,0.732,0.9059126712328767
130638,雄县,0.808542406025811,3,0.6755429965477731,0.7269918479999999,0.6107926768848916,0.6946135,0.0,0.0,False,-0.00021356729201733396,0,0.914,0.9633153481589501
131003,广阳区,0.8102975998017913,3,0.7352905209361287,0.724525136,0.7847877705565413,0.7010756,0.5633333333333334,0.0,False,0.01785294387688977,0,0.442,0.6424444444444445
130928,吴桥县,0.8180963955726717,3,0.6715902615186985,0.7519368639999999,0.579752480291858,0.6950953,0.0,0.0,False,0.003282512809675105,0,0.78,0.9188997555012225
130284,滦州市,0.8122055406385515,3,0.7265924192177006,0.726678044,0.7506022288183805,0.7037497,0.0,0.0,False,0.008258585060905163,0,0.668,0.8567826086956523
130925,盐山县,0.8177783886444605,3,0.6882026820272317,0.7493818440000001,0.6249445253433321,0.6971443,0.0,0.0,False,-0.0057078551940273345,0,0.626,0.8256231751824817
131102,桃城区,0.8086927215381202,3,0.702208912531536,0.7356630239999999,0.6948031720731841,0.6778687000000001,0.0,0.0,False,0.0018845840340544068,0,0.81,0.9273018867924528
130407,肥乡区,0.8053319928946463,3,0.6879093353608504,0.727189852,0.6586153143482439,0.6800781,0.0,0.0,False,0.008252729380663414,0,0.834,0.934170476559473
130822,兴隆县,0.7839476318757573,2,0.6671150492175812,0.514305648,0.6169351933439319,0.9496363999999999,0.0,0.08333333333333333,False,0.0273488557663511,0,0.72,0.8968203360620423
130635,蠡县,0.8115817826271372,3,0.6823646614182158,0.733837724,0.6223542225079367,0.6963253,0.0,0.0,False,0.002727202774045893,0,0.756,0.9160083822296731
130827,宽城满族自治县,0.7995352168949766,3,0.6859545304308203,0.555038444,0.6356176915787464,0.9398226999999999,0.0,0.0,False,0.020350017493541983,0,0.886,0.9507891610987379
130609,徐水区,0.8094393360600974,3,0.6981691070736358,0.723749124,0.6695665960214905,0.7025947,0.0,0.0,False,0.001078734023694017,0,0.884,0.9500535315985131
130983,黄骅市,0.8053039963914906,3,0.7395245705113236,0.7131673079999999,0.8350880385194376,0.6860885,0.87,0.0,False,0.056605966994048997,0,0.658,0.8534221624046657
130281,遵化市,0.8095601800236506,3,0.7405860818882963,0.68051092,0.7905241229268883,0.7587802,1.0,0.0,False,0.009340498068049114,0,0.858,0.9435062761506277
130306,抚宁区,0.8107587970261145,3,0.6872423753089958,0.6798352799999999,0.6254294979390845,0.7651223,0.0,0.0,False,0.0406971717387152,0,0.742,0.9101069155706406
131002,安次区,0.8076458469064406,3,0.7022949953848294,0.728432012,0.692824351251196,0.6866143,0.0,0.0,False,0.0061612865038001,0,0.724,0.8990910652920961
131023,永清县,0.8082959894436164,3,0.7012004312081993,0.7264786839999999,0.6852018315519733,0.6928472,0.0,0.0,False,0.004865101208511657,0,0.782,0.9197567127746136
130706,下花园区,0.8462140634136835,4,0.6425341491728277,0.72609732,0.41028323523107896,0.8577802,0.0,1.0,False,0.9172787428169948,0,0.042,0.12889808917197454
130634,曲阳县,0.816837834993555,3,0.6923631488978266,0.715614448,0.62240553263115,0.7466381000000001,0.0,0.9966666666666667,False,0.20611070771460963,0,0.406,0.603468380462725
130207,丰南区,0.8075451225911294,3,0.7486836917527401,0.7254737680000001,0.8652500180356087,0.6801972000000001,1.0,0.0,False,-0.0019279256752954192,0,0.932,0.9709592792792794
130927,南皮县,0.8181498808952617,3,0.6851694950928993,0.750404992,0.6167564097966356,0.6961208,0.0,0.0,False,-0.00146452153149289,0,0.77,0.9188997555012225
130433,馆陶县,0.8107374782990107,3,0.6725314435210289,0.731440808,0.5969232081819886,0.6968923,0.0,0.0,False,0.0024120235740739317,0,0.858,0.9435062761506277
130324,卢龙县,0.8108102803949433,3,0.6802869988500008,0.717068192,0.6172028896660692,0.7118351,0.0,0.0,False,0.0005470822283356191,0,0.91,0.9612020460358056
130431,鸡泽县,0.8092362929016588,3,0.6721581011733043,0.726955228,0.5986931126472248,0.6979063000000001,0.0,0.0,False,0.002636706977432273,0,0.772,0.9188997555012225
130726,蔚县,0.8254433750711864,3,0.6838723095533715,0.693408828,0.5731061097665529,0.8089120000000001,0.0,1.0,False,0.6819998896839462,0,0.018,0.07552685050798258
131103,冀州区,0.8116640839831135,3,0.6782193397703781,0.732641876,0.6118019670406637,0.6965084,0.0,0.0,False,-0.005850146247952421,0,0.762,0.9187703826955076
130225,乐亭县,0.8009093550573242,3,0.7185004339759058,0.713917604,0.7777936046793982,0.6701376,0.0,0.0,False,0.031957104915456926,0,0.824,0.9305406249999999
131025,大城县,0.8144278277872711,3,0.7023064100596783,0.740591748,0.6721305342225624,0.6965287,0.0,0.0,False,0.0014925918292523984,0,0.92,0.964715270221255
130606,莲池区,0.8094123465969302,3,0.7387300122031074,0.725119372,0.8015272517852754,0.6968225,0.8666666666666667,0.0,False,0.0021403050692408473,0,0.828,0.9325079859758473
130406,峰峰矿区,0.8067109899168987,3,0.6966924875155435,0.71870276,0.6748565423043473,0.6974134,0.0,0.03666666666666667,False,0.024836826812871506,0,0.668,0.8567826086956523
130435,曲周县,0.8099343106221012,3,0.680660800331831,0.72866404,0.620631708488857,0.6978423,0.0,0.0,False,0.002608020633935178,0,0.742,0.9101069155706406
130705,宣化区,0.8438782585509991,4,0.7324388353677473,0.740806944,0.6522565898507203,0.8213345000000001,0.38,1.0,False,1.549271488089751,1,0.006,0.04189855072463768
130404,复兴区,0.8070366126257285,3,0.6958783632452756,0.723153012,0.6721305342225624,0.693567,0.0,0.0,False,0.007840724952960888,0,0.614,0.8135077910174152
130104,桥西区,0.8109141796317024,3,0.7544886533426844,0.727094452,0.8615499860669072,0.6962584,1.0,0.02666666666666667,False,0.006912433616334952,0,0.862,0.9446709628506444
130208,丰润区,0.8135792988474144,3,0.7593706621508907,0.7187507280000001,0.8632901529525667,0.7163671,1.0,0.0,False,0.0072480421959288015,0,0.814,0.9273018867924528
130123,正定县,0.8072239485534435,3,0.7169142556818728,0.721486136,0.7358191924566531,0.6943843000000001,0.0,0.0,False,0.00043720272752982537,0,0.686,0.8717476923076923
130126,灵寿县,0.8082530255304196,3,0.6886079708716545,0.6553764,0.6265593432563755,0.7989566,0.0,0.0,False,-0.04400307173198499,0,0.38,0.5763798530954879
130607,满城区,0.8103725616854385,3,0.6900560918107941,0.68711822,0.6308514079412288,0.7596214,0.0,0.0,False,0.014500477558176314,0,0.576,0.777774871555348
130530,新河县,0.8119026617837158,3,0.6437583482519618,0.734304968,0.516620380269607,0.6974271,0.0,0.0,False,0.000652468270588548,0,0.814,0.9273018867924528
130627,唐县,0.8205828469460895,3,0.7052492408094612,0.675863928,0.6345672327031074,0.8253424,0.0,1.0,False,0.2530923850359275,0,0.376,0.5724149552395998
130128,深泽县,0.8110726662024146,3,0.661462713188765,0.731695612,0.5658576371377421,0.6979416,0.0,0.0,False,0.0012865212789056296,0,0.822,0.9304628034455756
131124,饶阳县,0.8148088416551524,3,0.6595306405962803,0.7428580359999999,0.5536779631498431,0.6958884000000001,0.0,0.0,False,0.0016994387477924642,0,0.826,0.9317073741708934
130929,献县,0.8180608054792642,3,0.7077014523528954,0.75014268,0.6791197605574449,0.6965946,0.0,0.0,False,0.0028868843166806337,0,0.868,0.9458680738786279
130727,阳原县,0.8448290649873205,4,0.67797785687337,0.754510596,0.5131006834375873,0.8067827,0.0,1.0,False,0.9721401282705858,1,0.008,0.04758847736625514
130432,广平县,0.8100364689046945,3,0.6659538735537228,0.729630972,0.5803525789308103,0.6970926,0.0,0.0,False,0.002591331202633372,0,0.84,0.9368981481481482
131127,景县,0.8085410431076321,3,0.6710603104315107,0.7483740919999999,0.61167159238226,0.6605857,0.0,0.19666666666666666,False,0.012341020384051025,0,0.794,0.92512
130981,泊头市,0.8193369748732233,3,0.7193850019727611,0.7523420319999999,0.7099326171914964,0.6976703,0.0,0.0,False,0.0029545013360462507,0,0.772,0.9188997555012225
410404,石龙区,0.8023790250788104,3,0.62498552449535,0.7073183759999999,0.4836706224697917,0.7013406000000001,0.0,0.0,False,-0.002014399913135262,0,0.458,0.6577635370094387
410106,上街区,0.8035769723216142,3,0.684806565517085,0.705373156,0.6446369525124385,0.7065584,0.0,0.0,False,7.089509395645966e-05,0,0.984,0.9932765363128492
410422,叶县,0.7977589869876928,3,0.6960510224914297,0.692189068,0.6939913068371316,0.7020235000000001,0.0,0.0,False,0.010233874473601747,0,0.7,0.8829406631762652
410883,孟州市,0.8032082198243475,3,0.6958387729768111,0.71120926,0.6811713056347227,0.6955534999999999,0.0,0.0,False,0.0015337870820067328,0,0.696,0.879045871559633
411303,卧龙区,0.795522216361156,3,0.7290558445802277,0.687788964,0.8132776580169891,0.6974586,0.07,0.0,False,-0.005497743075452623,0,0.776,0.9188997555012225
410327,宜阳县,0.8014117941339653,3,0.7135282141261353,0.667979364,0.7269025274080684,0.7494012,0.0,0.0,False,0.03170382060548614,0,0.726,0.9008008583690987
410104,管城回族区,0.8069039504543798,3,0.764911450338997,0.709386956,0.9457224904388719,0.6987732,1.0,0.5533333333333333,False,0.026739436433844965,0,0.766,0.9188997555012225
410523,汤阴县,0.80163213546289,3,0.6831623111835637,0.713497172,0.6509981009381434,0.6866561,0.0,0.0,False,0.005545133849939027,0,0.8,0.92512
410703,卫滨区,0.7965552568853538,3,0.6664517728033976,0.7077118760000001,0.619577933648544,0.6750407,0.0,0.0,False,-0.0008957019092042052,0,0.976,0.9907359550561797
411728,遂平县,0.7982713567195135,3,0.6960219284502749,0.690240768,0.6904324153257666,0.7075762,0.0,0.0,False,0.0015277247359981685,0,0.864,0.944714069591528
410825,温县,0.8041653511091404,3,0.6925439312262058,0.7136056239999999,0.6682349983734687,0.6967426,0.0,0.0,False,-0.0008666683954279827,0,0.922,0.9650622737146994
411325,内乡县,0.7796464734253938,2,0.6921959650803537,0.56516994,0.7125145717754785,0.8312817,0.0,0.0,False,0.15958560286847714,0,0.446,0.6453383383383383
410307,偃师区,0.8023897104389242,3,0.48093501663073795,0.6854543559999999,0.0,0.7316897,0.0,0.0,False,0.0125654008048431,0,0.94,0.9743779132305486
411203,陕州区,0.7979563838573756,3,0.7058907840580827,0.6216910440000001,0.7065225725835309,0.8065356,0.0,0.0,False,0.1888968557370696,0,0.228,0.3968380493678507
411281,义马市,0.8026792907871417,3,0.6741042896567571,0.6951198839999999,0.615984710521566,0.7155999000000001,0.0,0.0,False,0.03331172578093879,0,0.37,0.5662625727898359
411102,源汇区,0.8000697887183511,3,0.6955955641146342,0.704129528,0.687877410201301,0.6949025,0.0,0.0,False,4.07381581493585e-05,0,0.92,0.964715270221255
410185,登封市,0.7932349065644858,3,0.7168547411479188,0.6587411599999999,0.7737908251154043,0.7251778,0.0,0.0,False,0.003024956208936607,0,0.964,0.9861726822363764
410402,新华区,0.7986998859418896,3,0.6927626110664633,0.703316168,0.6844926332215979,0.6906459,0.0,0.0,False,-0.015051696386547585,0,0.6,0.8004614674665436
411081,禹州市,0.8034756061585012,3,0.7416321853473749,0.6974849240000001,0.8287267641115207,0.7118283000000001,0.9866666666666667,0.0,False,0.010858350825364902,0,0.76,0.918161303802758
411329,新野县,0.7951088525882464,3,0.7020848406205257,0.689342908,0.7189248714568884,0.6984305,0.0,0.0,False,-0.00037659299036558053,0,0.956,0.9828168914123492
411527,淮滨县,0.7982751185602475,3,0.6959961212729132,0.6980297919999999,0.6930382207026635,0.6969331,0.0,0.0,False,-0.0002410017137072328,0,0.93,0.9699242424242425
411724,正阳县,0.7989530139089562,3,0.6990528300771786,0.699897052,0.6995296726466609,0.6977343,0.0,0.0,False,-0.007819977060166919,0,0.724,0.8990910652920961
410581,林州市,0.8073127983975008,3,0.7469086448100076,0.63218678,0.8092202440712144,0.8307654,1.0,0.0,False,-0.02159071071155619,0,0.564,0.7662236842105262
410305,涧西区,0.8048724833526738,3,0.7399744553301162,0.7125505919999999,0.8228150011429138,0.6964205,0.9166666666666666,0.0,False,-0.00998747901410889,0,0.786,0.9222102272727273
410602,鹤山区,0.8059236310502368,3,0.6665941921331971,0.663555364,0.5714327540356348,0.7814838000000001,0.0,0.0,False,-0.0024615612364292183,0,0.812,0.9273018867924528
411526,潢川县,0.7972082730680844,3,0.7042187548457545,0.693525788,0.7208908523446765,0.6986546,0.0,0.0,False,0.007100793361794129,0,0.456,0.6555425161611139
411321,南召县,0.7711894493638531,2,0.6706504242212009,0.536186972,0.6664451681017519,0.8474523,0.0,0.0,False,0.13986789190769422,0,0.55,0.7510864430798301
411323,西峡县,0.7652375208896423,2,0.6822296918531824,0.484920724,0.7179540223468314,0.9286557000000001,0.0,0.0,False,0.16444024714154382,0,0.152,0.29432819825853984
411381,邓州市,0.7951216977817578,3,0.7188289114118203,0.688546448,0.7745769400615766,0.6981826,0.0,0.0,False,-0.009593556170983565,0,0.75,0.9125631313131313
411121,舞阳县,0.7993952203262685,3,0.6942818339792267,0.704982264,0.6872380379759689,0.6907866,0.0,0.0,False,-0.001416290740599595,0,0.996,0.9984174757281554
410481,舞钢市,0.7899387353934735,3,0.673842594892409,0.642317432,0.6415948278147994,0.7430082,0.0,0.0,False,0.07269489391645931,0,0.612,0.8127202572347266
410103,二七区,0.8038587739267903,3,0.7441630724868955,0.702882148,0.8398106344698921,0.7056198,0.9966666666666667,0.0,False,0.00478722898501,0,0.758,0.9172783591460862
411727,汝南县,0.7942854235793253,3,0.6928431228181993,0.685378372,0.6955003222729256,0.6977291999999999,0.0,0.0,False,0.0086383846562331,0,0.974,0.9900963431786216
411324,镇平县,0.7837596484522228,2,0.6885794585018901,0.655510232,0.7156373058414076,0.6962481,0.0,0.0,False,0.006403505625124389,0,0.45,0.6501499250374813
411282,灵宝市,0.7950940578733349,3,0.7237330122946426,0.598596336,0.7723014565045455,0.8340911,0.0,0.0,False,0.15410930734947412,0,0.286,0.4695207268597387
410922,清丰县,0.806837341237811,3,0.6989912943631595,0.722192564,0.6811819864666192,0.6944281,0.0,0.0,False,0.004183503761780257,0,0.832,0.934170476559473
411002,魏都区,0.8032396804972229,3,0.7226169082824844,0.709781936,0.7633042017032808,0.6974875,0.0,0.0,False,0.007595094390983512,0,0.674,0.8606598939929329
410704,凤泉区,0.7981663158674751,3,0.6471281412460643,0.704662744,0.5576608155542615,0.6873956,0.0,0.0,False,0.0004847751397842439,0,0.932,0.9709592792792794
410212,祥符区,0.7996850365531722,3,0.7014496779410286,0.709346348,0.7112575522426481,0.6841844,0.0,0.0,False,0.003056658770364532,0,0.872,0.9481178236397748
410329,伊川县,0.8001870092362798,3,0.7149415038634845,0.705072692,0.7525209179310545,0.6895054,0.0,0.0,False,-0.008103251007036944,0,0.882,0.9489624116114627
411481,永城市,0.8072107506926147,3,0.7428278653165198,0.723184956,0.8308694363032193,0.6885213,0.9766666666666667,0.0,False,0.010643149820441577,0,0.714,0.8935818181818181
410502,文峰区,0.8055517925052204,3,0.70330352024758,0.7170062319999999,0.6960372382477168,0.6971385,0.0,0.0,False,0.004699689176849737,0,0.728,0.9028948948948949
410503,北关区,0.8063796814957495,3,0.688649565754028,0.7188722359999999,0.650923275478976,0.6982909,0.0,0.0,False,0.002906372138214581,0,0.744,0.9106282811176969
410325,嵩县,0.7805834266794764,2,0.6838357424884773,0.529657048,0.6773592370154855,0.9071370999999999,0.0,0.0,False,0.22165203458842236,0,0.256,0.4338194607268464
410811,山阳区,0.8043478275072921,3,0.7139631789107536,0.712424788,0.7320460025212991,0.6980298,0.0,0.0,False,-0.002773619280218704,0,0.938,0.9740510057471263
410603,山城区,0.8004220613280363,3,0.6644348948710536,0.7096067399999999,0.6002138063103296,0.6884563,0.0,0.0,False,0.002869725205235033,0,0.834,0.934170476559473
410105,金水区,0.8068035160455489,3,0.7680914248655397,0.7000270839999999,1.0,0.6992888,1.0,0.6,False,0.02054158907650367,0,0.768,0.9188997555012225
411104,召陵区,0.8014198881503876,3,0.7318752033694036,0.704894336,0.8028928301195921,0.696165,0.24666666666666667,0.0,False,0.006948992766325264,0,0.808,0.9269555555555556
411221,渑池县,0.7979989169848263,3,0.6992690964652942,0.6294422479999999,0.6860316039500564,0.795983,0.0,0.0,False,0.23096645764033547,0,0.176,0.3314762214983713
410882,沁阳市,0.795678896559832,3,0.704583752413917,0.681573688,0.7320708751794799,0.7013798,0.0,0.0,False,0.011301199344454482,0,0.844,0.9374419317746263
411403,睢阳区,0.804470197824852,3,0.7106116918591258,0.714541236,0.7217736484840641,0.6958857,0.0,0.0,False,0.00471059208657318,0,0.798,0.92512
410182,荥阳市,0.7977581859785721,3,0.7229693629181612,0.6985000319999999,0.7907264194538919,0.686907,0.0,0.0,False,4.043272112735973e-05,0,0.846,0.9374419317746263
419001,济源市,0.7913121886066071,3,0.7324426488212329,0.617231688,0.8331437204956913,0.7770887,0.31666666666666665,0.0,False,0.07815599541723961,0,0.748,0.9120489245044284
411702,驿城区,0.7952775256104272,3,0.727694315084937,0.6660382119999999,0.8018365227257592,0.7258966,0.0,0.0,False,0.02999462348943299,0,0.708,0.8899252173913044
411322,方城县,0.7940010387281277,3,0.7014714116233338,0.66540172,0.7159934247258657,0.7250066000000001,0.0,0.0,False,0.048952019203091654,0,0.318,0.5059647771051183
410323,新安县,0.7967514363236502,3,0.7183090333163751,0.64594788,0.756962298171564,0.7612695,0.0,0.0,False,0.08014448730564681,0,0.716,0.8941494600431966
410423,鲁山县,0.7876767604191222,2,0.6811546654064617,0.588362236,0.6544189575161402,0.8259484,0.0,0.0,False,0.1856322012528005,0,0.404,0.6011137416366444
410311,洛龙区,0.8019388609521043,3,0.7252514221731216,0.700769216,0.7772603283584697,0.7020676,0.0,0.0,False,0.0007949814962720443,0,0.986,0.993560822586267
410927,台前县,0.8064227849832669,3,0.6737452913313983,0.718103564,0.6113170306613115,0.6968738999999999,0.0,0.0,False,0.0037491571662425283,0,0.958,0.9828168914123492
410202,龙亭区,0.8003238423468625,3,0.7104663257855732,0.702082224,0.7338978392028171,0.6962591,0.0,0.0,False,-0.004211363929651671,0,0.768,0.9188997555012225
411422,睢县,0.8037004051450534,3,0.7018567890002566,0.711480656,0.6957714445233589,0.6984545,0.0,0.0,False,0.0032942004177398945,0,0.77,0.9188997555012225
410505,殷都区,0.7976088871376029,3,0.6741514531705046,0.7182405279999999,0.6444220984940959,0.6621477,0.0,0.07333333333333333,False,0.006235054677129095,0,0.83,0.9340326975476838
411523,新县,0.7696771681231603,2,0.6652533723722254,0.49686147999999997,0.6408520815253868,0.9325497,0.0,0.0,False,0.1882684441462205,0,0.128,0.26133333333333336
411082,长葛市,0.803534651392283,3,0.7340029215793843,0.709254648,0.8028867848437126,0.6978545,0.44,0.0,False,0.009470696078651347,0,0.698,0.8811868995633187
410411,湛河区,0.7758617521818623,2,0.667613282737048,0.635022548,0.6801255132672038,0.6889564,0.0,0.0,False,-0.06389699894728362,0,0.77,0.9188997555012225
411425,虞城县,0.8063672443455887,3,0.7142673281373605,0.7209008,0.7292502461622464,0.6933904000000001,0.0,0.0,False,0.00564035352107767,0,0.766,0.9188997555012225
410205,禹王台区,0.8018232028883195,3,0.6587958532850783,0.7105218799999999,0.5792703164247015,0.6938198,0.0,0.0,False,0.0031327509205569567,0,0.808,0.9269555555555556
410727,封丘县,0.8016238922038058,3,0.6937301564108699,0.706566684,0.6782426011751241,0.6967585,0.0,0.0,False,-0.001265652113003497,0,0.816,0.9273018867924528
411722,上蔡县,0.8001648452457992,3,0.7026711391078572,0.703003944,0.7074174019369329,0.6976386,0.0,0.0,False,0.001790511763890707,0,0.844,0.9374419317746263
410822,博爱县,0.8039968073339038,3,0.6883253088398126,0.677837936,0.645229463057518,0.7466184,0.0,0.0,False,0.014223910522964685,0,0.942,0.9754018624641833
411528,息县,0.7977727569981395,3,0.7001856484417599,0.697241496,0.706927343056939,0.696453,0.0,0.0,False,-0.0018313609839230708,0,0.938,0.9740510057471263
411503,平桥区,0.7900631661407346,3,0.706904936823382,0.6706795799999999,0.7548487174146254,0.6988571,0.0,0.0,False,0.03892175545376564,0,0.3,0.4842546063651591
411423,宁陵县,0.8041898108943061,3,0.6883634204690272,0.715841796,0.6567070347512798,0.6941134,0.0,0.0,False,0.0049517322829619285,0,0.776,0.9188997555012225
410702,红旗区,0.8029974116811308,3,0.7328951653379392,0.70800802,0.8003791215288452,0.6979094,0.3333333333333333,0.0,False,0.00543016081541007,0,0.802,0.9259512779552717
411525,固始县,0.7991046957755752,3,0.7203197999975729,0.684388428,0.763268229495236,0.7167459,0.0,0.0,False,0.015352555817241667,0,0.778,0.9188997555012225
411426,夏邑县,0.8079536380204706,3,0.7119481813596563,0.72290196,0.7161186342025375,0.697191,0.0,0.0,False,0.003484860858661461,0,0.78,0.9188997555012225
410823,武陟县,0.8031388380805021,3,0.7115050246845231,0.7109943320000001,0.7285030361714142,0.6955771,0.0,0.0,False,0.0021239719710380916,0,0.842,0.9374419317746263
410821,修武县,0.7888482278048136,3,0.6704424652783474,0.627158388,0.6347222672189313,0.7577574,0.0,0.0,False,0.005456024658443477,0,0.988,0.9948826192964124
410506,龙安区,0.802485196862008,3,0.683400293605623,0.711325136,0.647466901087151,0.6932465,0.0,0.0,False,0.0007504279149536454,0,0.736,0.9073671641791045
411524,商城县,0.7843742434264497,2,0.6884101178612956,0.573474236,0.6837559481044048,0.8397369,0.0,0.0,False,0.17513908684456703,0,0.522,0.721713055954089
410326,汝阳县,0.791021225207611,3,0.6870249723929661,0.584614696,0.6610607958310398,0.8475101,0.0,0.0,False,0.10546035538367313,0,0.67,0.8578255093002657
411424,柘城县,0.8034270555627544,3,0.7049514329173722,0.710951592,0.7059939641203824,0.6979930000000001,0.0,0.0,False,0.003725197997077395,0,0.74,0.9088105352591335
410225,兰考县,0.8043496648375642,3,0.7196823764040576,0.711956912,0.7507438488036061,0.6979751,0.0,0.0,False,0.0008334771729412376,0,0.808,0.9269555555555556
410783,长垣市,0.8035299090087226,3,0.7233114381512232,0.7097266999999999,0.7652635090804513,0.6978379,0.0,0.0,False,0.0015763036819283766,0,0.764,0.9187703826955076
411502,浉河区,0.7753731886134777,2,0.6932807768780862,0.543614616,0.7291993591804206,0.8512409000000001,0.0,0.0,False,0.26096862540916455,0,0.188,0.34817937219730943
410926,范县,0.8068502631010599,3,0.7000358165504372,0.719075324,0.6834941115375276,0.6981474,0.0,0.0,False,-0.0006945494997550622,0,0.922,0.9650622737146994
411621,扶沟县,0.801189296617022,3,0.6971845447499642,0.7063825159999999,0.6886594755196884,0.6966588,0.0,0.0,False,0.005057911295066186,0,0.758,0.9172783591460862
410102,中原区,0.8058257898078315,3,0.7580427899041868,0.710095984,0.9043217856783878,0.6981034,1.0,0.13333333333333333,False,0.011336767823346298,0,0.77,0.9188997555012225
410527,内黄县,0.8047800782519161,3,0.6871004564716444,0.7189813519999999,0.6528007021234121,0.6914441,0.0,0.0,False,0.00806373658497112,0,0.718,0.8958731117824773
411622,西华县,0.798701594365045,3,0.694792937074176,0.704104924,0.6910902151436507,0.6893036,0.0,0.0,False,0.005400510353920666,0,0.764,0.9187703826955076
410622,淇县,0.8002625142703489,3,0.7017937452443793,0.665160732,0.6909273245712135,0.7532545,0.0,0.0,False,0.002121273399239399,0,0.902,0.9580022042615725
410721,新乡县,0.7960028831488764,3,0.6915294237315057,0.708919452,0.6964206917305578,0.6699589,0.0,0.04666666666666667,False,0.0010252189060192991,0,0.938,0.9740510057471263
411327,社旗县,0.7994324819492361,3,0.6899623126361988,0.697934088,0.6697013199534348,0.7028193,0.0,0.0,False,-0.004106821902072627,0,0.63,0.8282537517053206
410726,延津县,0.8019570386628339,3,0.6857684218808563,0.708721532,0.6534625247349882,0.6965758,0.0,0.0,False,0.001390853617029222,0,0.91,0.9612020460358056
411402,梁园区,0.8037181023281929,3,0.712433317289366,0.717831364,0.7340028335645231,0.6866668,0.0,0.0,False,0.006578495373310158,0,0.798,0.92512
410184,新郑市,0.8061402428905653,3,0.7610751457880333,0.7057826519999999,0.9177210355132478,0.7040158,1.0,0.15333333333333332,False,0.028894768834188327,0,0.61,0.8115554532903819
410902,华龙区,0.8051430508957386,3,0.7397749216854501,0.716263028,0.8240083844469323,0.6914839,0.89,0.0,False,0.007802798345935359,0,0.77,0.9188997555012225
410222,通许县,0.8018950459685033,3,0.7026078952029385,0.709082456,0.7041193462525589,0.694725,0.0,0.0,False,0.003947476363916484,0,0.774,0.9188997555012225
411224,卢氏县,0.7807896216245742,2,0.6677139602678646,0.514751704,0.6210299958109413,0.9446789000000001,0.0,0.0,False,0.07836054805405035,0,0.318,0.5059647771051183
411729,新蔡县,0.7993244656492903,3,0.7024229264045588,0.7006806839999999,0.7089531255418382,0.6977008,0.0,0.0,False,0.000896319195221571,0,0.93,0.9699242424242425
411421,民权县,0.8016385887306878,3,0.6993646177349885,0.71422832,0.7001780684247437,0.684118,0.0,0.0,False,0.005345356429537804,0,0.746,0.9115325443786982
410621,浚县,0.8030896354157598,3,0.7032298763208534,0.711025692,0.7020807134710958,0.6966854,0.0,0.0,False,0.004709962239348656,0,0.78,0.9188997555012225
411521,罗山县,0.791306140412722,3,0.6904793420636226,0.636608924,0.6807861860154591,0.7611665,0.0,0.0,False,0.14042452390559204,0,0.366,0.5610318133616119
410223,尉氏县,0.8027744250840164,3,0.7226045196340977,0.708799484,0.7646087768807123,0.6972881,0.0,0.0,False,0.008505456067198443,0,0.716,0.8941494600431966
410308,孟津区,0.8013085092874388,3,0.47833577953299833,0.6976191399999999,0.0,0.7087397,0.0,0.0,False,0.025732307584437997,0,0.83,0.9340326975476838
411721,西平县,0.7998597373418141,3,0.7012227821893245,0.701278536,0.7042259600494075,0.6981814,0.0,0.0,False,-0.0016455094783321173,0,0.97,0.9884631653154741
410526,滑县,0.8024675626001729,3,0.7176061141365767,0.712075616,0.7520343609329595,0.6907864,0.0,0.0,False,0.005349336988376143,0,0.81,0.9273018867924528
411725,确山县,0.7925602995503342,3,0.6879226475369471,0.64400106,0.6725718584103134,0.7527710000000001,0.0,0.0,False,0.09473008287282479,0,0.422,0.6227677386421644
410108,惠济区,0.7989963476260353,3,0.7055334400907606,0.69660452,0.7222934302908002,0.6981136,0.0,0.0,False,-0.022071077695327578,0,0.63,0.8282537517053206
411328,唐河县,0.7979382990088792,3,0.7183645107944433,0.690362756,0.7621646736894591,0.7056573,0.0,0.0,False,-0.0014157931743480326,0,0.812,0.9273018867924528
411681,项城市,0.7990394676417124,3,0.7068409502772663,0.701285308,0.7247323306767733,0.6949955999999999,0.0,0.0,False,0.004210794673295393,0,0.802,0.9259512779552717
411025,襄城县,0.8023350996367872,3,0.7214272316097255,0.705315364,0.7612483175481499,0.7002455,0.0,0.0,False,-0.002412462557643157,0,0.9,0.9576370997423629
410724,获嘉县,0.7994499919629112,3,0.684786950527921,0.7106867,0.6624024332993126,0.6822803,0.0,0.0,False,0.006217976378074621,0,0.806,0.926867939538584
410328,洛宁县,0.7945768011089362,3,0.6939944969436758,0.592838832,0.6731256015308895,0.8472077,0.0,0.0,False,0.18763849736696692,0,0.374,0.5702710970464134
410923,南乐县,0.8087413443065951,3,0.6934144330329921,0.725208028,0.6591834317435615,0.6978555,0.0,0.0,False,0.002546017421660384,0,0.806,0.926867939538584
411202,湖滨区,0.8073945315676131,3,0.7148643419951121,0.708092916,0.7235853991103961,0.7130467,0.0,0.0,False,0.08086218612055546,0,0.154,0.29661159227181877
410928,濮阳县,0.8030947202661852,3,0.7075991904568332,0.7164740039999999,0.7207080940344825,0.6863212000000001,0.0,0.0,False,0.005356807701270659,0,0.79,0.9242776203966007
410122,中牟县,0.8047927856840181,3,0.7581432881888978,0.707043828,0.912248816945078,0.6974357,1.0,0.13333333333333333,False,0.019500762122671187,0,0.696,0.879045871559633
411103,郾城区,0.8011729635475631,3,0.7026466991228075,0.7062650239999999,0.7055949361972661,0.6961423,0.0,0.0,False,0.0038216406637478703,0,0.772,0.9188997555012225
411122,临颍县,0.802000985829718,3,0.7142240224479237,0.707719648,0.7393778765207395,0.6966087000000001,0.0,0.0,False,0.005510713634976668,0,0.806,0.926867939538584
411302,宛城区,0.7959918123463734,3,0.7201095486667424,0.693225248,0.7796666117993025,0.6929078,0.0,0.0,False,-0.004258179693955201,0,0.898,0.9576237550719292
410803,中站区,0.798716166938553,3,0.6777869543093,0.649720744,0.6263855478066344,0.7664456,0.0,0.0,False,0.013429334790206079,0,0.956,0.9828168914123492
410303,西工区,0.8054830139546876,3,0.7330884855679805,0.713994408,0.7925521936043087,0.6987684000000001,0.3566666666666667,0.0,False,-0.008428931598804094,0,0.802,0.9259512779552717
410302,老城区,0.8042585413927278,3,0.6882139689304685,0.713279384,0.6547757396999209,0.6982062,0.0,0.0,False,-0.0022274326233346323,0,0.876,0.9485078651685394
411627,太康县,0.8023139482389754,3,0.7128253188221252,0.7076691319999999,0.7332554548986163,0.6982343,0.0,0.0,False,0.004611838667429921,0,0.764,0.9187703826955076
410204,鼓楼区,0.8028514234719947,3,0.6722135969127696,0.709387368,0.6122426031734545,0.699483,0.0,0.0,False,0.000913833171210651,0,0.77,0.9188997555012225
410221,杞县,0.803528458575018,3,0.7178977802891141,0.7104513,0.7462047398352252,0.6983694,0.0,0.0,False,0.005063307487830556,0,0.81,0.9273018867924528
410482,汝州市,0.8049124439251842,3,0.7327820634107586,0.688399028,0.782146421898563,0.7330395000000001,0.21,0.0,False,-0.0029615532791375312,0,0.8,0.92512
410611,淇滨区,0.8020134102619626,3,0.7079442502300998,0.677719836,0.7078408571737489,0.7402398000000001,0.0,0.0,False,0.00200193811566976,0,0.822,0.9304628034455756
411628,鹿邑县,0.8036861383467507,3,0.7252651585946642,0.709871328,0.7704784299677498,0.6988156,0.0,0.0,False,0.00470286997727399,0,0.798,0.92512
410183,新密市,0.8013680600498612,3,0.7386890445981659,0.69015496,0.826189364552309,0.7129238999999999,0.8866666666666667,0.0,False,0.0021718672560957965,0,0.78,0.9188997555012225
410181,巩义市,0.8021779491885435,3,0.7502576619374705,0.670128844,0.8641172925437018,0.7424979,1.0,0.0,False,0.0036675966922244865,0,0.986,0.993560822586267
410802,解放区,0.8060856117302413,3,0.6887615832771912,0.707516824,0.6473269164446969,0.7138152,0.0,0.0,False,-0.006994404996167518,0,0.846,0.9374419317746263
411726,泌阳县,0.7976591808409644,3,0.7097518423025223,0.656044264,0.723151138456945,0.7552915,0.0,0.0,False,0.06562054457412417,0,0.57,0.7714747191011235
410711,牧野区,0.799701283736928,3,0.69305291904086,0.70070796,0.6807754712761598,0.6978865000000001,0.0,0.0,False,-0.001452446124652029,0,0.876,0.9485078651685394
411624,沈丘县,0.8003176345024434,3,0.7112523302037299,0.703466328,0.7348847921614445,0.6962735,0.0,0.0,False,0.003952159936389854,0,0.784,0.9209849654611946
410304,瀍河回族区,0.8045100557361905,3,0.6804514013142328,0.715005904,0.632249929201328,0.6972517,0.0,0.0,False,-0.004844476010874983,0,0.806,0.926867939538584
411522,光山县,0.7935416756870772,3,0.69289791592104,0.667736508,0.6903728941967261,0.721928,0.0,0.0,False,0.061096971999723255,0,0.434,0.6362545638945233
411024,鄢陵县,0.802163585112736,3,0.7163614401933206,0.70614632,0.7446756981441343,0.6995288,0.0,0.0,False,0.005085596262995373,0,0.75,0.9125631313131313
411003,建安区,0.8023873440447157,3,0.7299557095485242,0.7095473,0.7942091703475391,0.6930054999999999,0.11333333333333333,0.0,False,0.008580884294198038,0,0.778,0.9188997555012225
411625,郸城县,0.8025942904512613,3,0.7132537086608883,0.70816916,0.7337927564917555,0.6984931999999999,0.0,0.0,False,0.004723605064489171,0,0.766,0.9188997555012225
411603,淮阳区,0.8013250037187981,3,0.727367677157903,0.703708304,0.7854917063789089,0.6983817,0.0,0.0,False,0.004857149169046261,0,0.856,0.9431006097560976
410203,顺河回族区,0.7999885273866829,3,0.6709263797600692,0.710986008,0.6205449559418064,0.6846004,0.0,0.0,False,0.004895381125652797,0,0.798,0.92512
410781,卫辉市,0.8002393245391566,3,0.7185085635444942,0.670548088,0.7456164083296848,0.7433044,0.0,0.0,False,1.5248480224326524e-05,0,0.966,0.9864733309784529
410782,辉县市,0.7974218348807353,3,0.732099502722833,0.629342504,0.7962425064272824,0.7923777000000001,0.26666666666666666,0.0,False,-0.02350926811606033,0,0.834,0.934170476559473
410425,郏县,0.7953283103697649,3,0.6826091706552252,0.706210644,0.6717337325364282,0.6705744,0.0,0.08666666666666667,False,-0.019108912261309487,0,0.85,0.9389950324799389
410324,栾川县,0.770919410524236,2,0.6847109127205936,0.47995936799999994,0.7101064182597827,0.9702478000000001,0.0,0.013333333333333334,False,0.1181854989835861,0,0.122,0.25211007862759116
410403,卫东区,0.8005469351612264,3,0.7099775904368033,0.6980574399999999,0.7280929078937101,0.7042949,0.0,0.0,False,-0.00017423328436151655,0,0.832,0.934170476559473
410522,安阳县,0.7967437507441133,3,0.6904152270040846,0.7099403360000001,0.694980215634033,0.6671649,0.0,0.74,False,0.01691105614550188,0,0.8,0.92512
411330,桐柏县,0.7903740137863865,3,0.688684540100661,0.5978429,0.6691027384869712,0.8224567,0.0,0.0,False,0.1654562333187115,0,0.414,0.6128387096774194
410725,原阳县,0.8009853443635173,3,0.7017048078686922,0.70498588,0.704181548694888,0.6959947,0.0,0.0,False,-0.001996209158082068,0,0.764,0.9187703826955076
410421,宝丰县,0.7989693375134481,3,0.7093936886993052,0.702951764,0.7371634791712892,0.6893013,0.0,0.0,False,-0.01942611307048137,0,0.622,0.8218473491773309
411602,川汇区,0.7987935124270221,3,0.704497529162531,0.69891664,0.7178823961409923,0.696956,0.0,0.0,False,-0.00047691092934892994,0,0.702,0.885077191452246
411623,商水县,0.7970218632479699,3,0.7039345378716361,0.703143604,0.7264387912779128,0.6831404999999999,0.0,0.0,False,0.007472402152995289,0,0.814,0.9273018867924528
410804,马村区,0.7971608585518222,3,0.6456909713835427,0.7144391800000001,0.5632213286165022,0.6670439,0.0,0.0033333333333333335,False,-0.012443301773816879,0,0.884,0.9500535315985131
411326,淅川县,0.7767724654230871,2,0.685086354533809,0.568951548,0.7011603216216832,0.8104148999999999,0.0,0.0,False,0.4252198369084649,0,0.23,0.3993573573573574
411723,平舆县,0.7990222607787612,3,0.7034506131485774,0.700018736,0.7128714084018097,0.6975932,0.0,0.0,False,0.00020416279074923915,0,0.908,0.9604932308818149
230281,讷河市,0.8007393838582274,3,0.6685032748736276,0.685388804,0.6018372323115561,0.7242423,0.0,0.0,False,0.004754729742738491,0,0.948,0.9777623974313234
231282,肇东市,0.8026821398873009,3,0.6951644414585313,0.70695088,0.6785865715771708,0.7003618,0.0,0.0,False,3.9286486964523355e-05,0,0.92,0.964715270221255
230184,五常市,0.7850228862772685,2,0.696281305845969,0.579504908,0.7066271551451241,0.8327554,0.0,0.0,False,0.2519539310415586,0,0.184,0.34164675658317273
230603,龙凤区,0.7887950109041865,3,0.6446241346188568,0.682187288,0.581911297421028,0.6736805,0.0,0.0,False,0.028697107298456127,0,0.844,0.9374419317746263
230406,东山区,0.7638751391613163,2,0.6433585139216732,0.49555777199999995,0.5841410211145057,0.9109577,0.0,0.0,False,0.08355603937225299,0,0.538,0.7395901093675702
230622,肇源县,0.8057387074414417,3,0.6884253409651376,0.7067169919999999,0.6501940966335646,0.7103657,0.0,0.0,False,0.021725348423481835,0,0.8,0.92512
230604,让胡路区,0.8054422070562978,3,0.6925878370988601,0.709406712,0.6640058565358019,0.7054965,0.0,0.8366666666666667,False,-0.07707068579034712,0,0.584,0.7860074487895716
231182,五大连池市,0.7928836782194512,3,0.664194777483808,0.6068582359999999,0.5892809362919686,0.8211268,0.0,0.0,False,0.10040691152760503,0,0.454,0.6536424302788846
231004,爱民区,0.7623622560870731,2,0.6102772035565336,0.499498396,0.4917156036022119,0.8874448,0.0,0.0,False,0.09853686140667132,0,0.144,0.2839727148703956
231281,安达市,0.8029977063733588,3,0.6884401367048244,0.697390384,0.655381252974045,0.7141605000000001,0.0,0.0,False,0.0016387709163342922,0,0.946,0.9777623974313234
231225,明水县,0.806085183970137,3,0.6367173334795554,0.710725292,0.5041723083733497,0.7122475,0.0,0.0033333333333333335,False,-0.010659766361031891,0,0.9,0.9576370997423629
230882,富锦市,0.7940892769859289,3,0.6799622303087098,0.681691108,0.6537289361138022,0.705581,0.0,0.0,False,0.015288592455560981,0,0.338,0.5281935135135135
230224,泰来县,0.8126135380640065,3,0.6539376414297308,0.720595824,0.5377794398847631,0.7184711,0.0,0.0,False,0.0015122734327469164,0,0.914,0.9633153481589501
230621,肇州县,0.8083976915904514,3,0.6876322329120781,0.715107772,0.6384617058126077,0.7126452,0.0,0.0,False,-0.011818662901283526,0,0.792,0.9247463651050081
230104,道外区,0.7911910952506104,3,0.705647322042513,0.673424748,0.7482969547564643,0.6981055,0.0,0.0,False,0.04585831584382513,0,0.848,0.9382196708763872
230404,南山区,0.7903186269117767,3,0.6270188316762492,0.670329992,0.5117721505955506,0.7110192000000001,0.0,0.0,False,0.024457337454789202,0,0.318,0.5059647771051183
230883,抚远市,0.786353773617716,2,0.6388874909146571,0.652510468,0.5547848688763616,0.7174528,0.0,0.0,False,0.11402773740816323,0,0.374,0.5702710970464134
230826,桦川县,0.7899072216741695,3,0.6357019084769816,0.6653977719999999,0.5383338296367259,0.7129421,0.0,0.0,False,0.07771526866317366,0,0.26,0.43828571428571433
230781,铁力市,0.7752795527633197,2,0.6495790814122451,0.529173952,0.5798366679008825,0.8906332,0.0,0.0,False,0.1721466228793001,0,0.332,0.5227734204793029
232701,漠河市,0.742423309237393,1,0.6023105098188931,0.424484628,0.48395594467325975,0.9783922,0.0,0.32666666666666666,False,0.0018123527487895806,0,0.902,0.9580022042615725
230208,梅里斯达斡尔族区,0.8124456901244178,3,0.6214872421651224,0.7163039840000001,0.446465842142484,0.7280152000000001,0.0,0.16,False,0.001553858411638329,0,0.904,0.9594214390602056
230502,尖山区,0.7860327004450334,2,0.6283768857649535,0.605001496,0.5092815667091549,0.7940313,0.0,0.0,False,0.12166372785083251,0,0.502,0.7000877954655089
231124,孙吴县,0.7767746478975962,2,0.5908873365271516,0.5454162,0.4049846335535549,0.8640957,0.0,0.0,False,0.1481355953847502,0,0.446,0.6453383383383383
230205,昂昂溪区,0.8013929305899533,3,0.6100570603574037,0.7011607679999999,0.4493701657516487,0.6990933,0.0,0.0,False,-0.004361700403067629,0,0.798,0.92512
231123,逊克县,0.7645460029161331,2,0.6128942459345444,0.487725124,0.4836706224697917,0.9307681000000001,0.0,0.0,False,0.08094062582158983,0,0.438,0.6395242424242424
231005,西安区,0.7893512337917248,3,0.6407931891607844,0.612390556,0.5364902352017187,0.7952368,0.0,0.0,False,0.2356927548807298,0,0.198,0.3609192938209332
230223,依安县,0.80374552356482,3,0.6503491679451918,0.7099709879999999,0.5496251559331137,0.7022936,0.0,0.0,False,0.001442595846702232,0,0.88,0.9485756897837434
231226,绥棱县,0.7826493846573293,2,0.63080339954232,0.562949988,0.5125867297676364,0.8557215,0.0,0.0,False,0.14110514085875758,0,0.584,0.7860074487895716
231283,海伦市,0.7984150294443011,3,0.6715630414132773,0.677632908,0.6145999031564956,0.7274372000000001,0.0,0.0,False,0.03167274753088377,0,0.67,0.8578255093002657
230606,大同区,0.8011213293094103,3,0.6529187632397675,0.697193116,0.5662469863008722,0.7034296,0.0,0.0,False,0.028157740077508184,0,0.754,0.9158882352941176
230204,铁锋区,0.8016538134011043,3,0.6535755553235907,0.695579744,0.5648856961570425,0.7088669999999999,0.0,0.0,False,-0.012513800315936373,0,0.678,0.8634792951541851
230881,同江市,0.789029360862242,3,0.6558648751462667,0.660735376,0.5960815518438839,0.7157377,0.0,0.0,False,0.08968833954469216,0,0.342,0.5330037735849057
230127,木兰县,0.7835122815125436,2,0.6468580198599904,0.57694252,0.5606543971762393,0.8332269999999999,0.0,0.0,False,0.2537498198158674,0,0.232,0.4023467306538692
231221,望奎县,0.800589208748532,3,0.6479551331167983,0.70471224,0.5512227933281723,0.6976936,0.0,0.0,False,-0.0015334070319368827,0,0.94,0.9743779132305486
230306,城子河区,0.7795923145118914,2,0.58075489121686,0.567538064,0.3777992161611507,0.8315005,0.0,0.0,False,0.25270615578733685,0,0.186,0.34513863928112964
230112,阿城区,0.7872705601419582,2,0.6935541903542076,0.586291472,0.69264422254917,0.8288837000000001,0.0,0.0,False,0.07794905288001075,0,0.76,0.918161303802758
230110,香坊区,0.8014309239870999,3,0.7371468265112324,0.7024974639999999,0.8229986827366663,0.6982832,0.7266666666666667,0.0,False,-0.015083318335586982,0,0.762,0.9187703826955076
230724,丰林县,0.7508263358708405,2,0.570418758319153,0.43783365999999996,0.353470208677853,0.9888433000000001,0.0,0.21333333333333335,False,0.005959572008029386,0,0.71,0.8908897569444443
231083,海林市,0.7628503721137744,2,0.6523392623943782,0.47833783199999996,0.6139337273714949,0.9427092,0.0,0.0,False,0.13349127731513,0,0.184,0.34164675658317273
230113,双城区,0.7997863048320698,3,0.6931621416423334,0.7045596679999999,0.6829898411669573,0.6921498,0.0,0.0,False,0.0002550757380101101,0,0.938,0.9740510057471263
230111,呼兰区,0.7804650058826266,2,0.637254856934966,0.6811959599999999,0.5888006913395445,0.6443382,0.0,0.0,False,0.003988071012941196,0,0.888,0.9518754171301447
230230,克东县,0.7995308325774639,3,0.6465539856165844,0.6816648759999999,0.5431027149584928,0.7266640999999999,0.0,0.0,False,0.013820037691463618,0,0.794,0.92512
232722,塔河县,0.7390284683770995,1,0.5761174878591435,0.42277453200000004,0.40400555926012793,0.9653591,0.0,0.3333333333333333,False,-0.003287276712521633,0,0.998,0.9986908965039806
230183,尚志市,0.7742985620219838,2,0.6730672853542151,0.525878676,0.6568174247368768,0.8911629,0.0,0.0,False,0.25970355853445737,0,0.092,0.21058749010292951
230103,南岗区,0.804057797096735,3,0.7515056472501562,0.705461656,0.8744766854664957,0.7012071,1.0,0.0033333333333333335,False,-0.024696479316494886,0,0.744,0.9106282811176969
230124,方正县,0.7725481929073377,2,0.6337490831758238,0.531704984,0.5413151982311103,0.8718062,0.0,0.0,False,0.33716464314378125,0,0.076,0.18763108454312555
230902,新兴区,0.7835598044573531,2,0.6461936564572156,0.576458632,0.5587127832475136,0.833956,0.0,0.0,False,0.20636150375362472,0,0.268,0.44733718244803694
230123,依兰县,0.7832723073836283,2,0.65877156617379,0.6015978399999999,0.6025007954947647,0.7886812999999999,0.0,0.0,False,0.2729779223869937,0,0.106,0.22869104477611937
230521,集贤县,0.7882575529283201,2,0.6395548244565467,0.648886552,0.5496710875046938,0.730003,0.0,0.0,False,0.05171224368348389,0,0.56,0.7611471556182418
230225,甘南县,0.8086415656972147,3,0.6669655148668282,0.71404946,0.5809498076466063,0.7148486,0.0,0.0,False,0.0009511490915948212,0,0.82,0.9296549019607843
230109,松北区,0.7985555372669767,3,0.7282438734390662,0.6897865639999999,0.7990791453683996,0.7040344000000001,0.0,0.0,False,0.0044770175562732165,0,0.966,0.9864733309784529
230503,岭东区,0.7411939537066697,1,0.5193072606049765,0.47535019199999995,0.27015639914351086,0.8245734,0.0,0.6266666666666667,False,-0.1558114536093937,0,0.192,0.35287476160203435
230523,宝清县,0.780970220949698,2,0.6605385656651724,0.601478608,0.6198487574197445,0.7730313000000001,0.0,0.0,False,0.12038447684857945,0,0.32,0.5083076923076923
231086,东宁市,0.7684615077312003,2,0.637106126714992,0.48468088400000003,0.5504949799822557,0.9538724000000001,0.0,0.0,False,0.08673018967146383,0,0.268,0.44733718244803694
230903,桃山区,0.7739814286640059,2,0.5984210111418544,0.591363868,0.46387371850175646,0.7578728,0.0,0.0,False,0.19179419230775827,0,0.126,0.2583446808510638
230102,道里区,0.7988518232862616,3,0.7345722885654684,0.69076892,0.8236829599909841,0.7023739999999999,0.48,0.0,False,0.005054651800106259,0,0.972,0.9891066525871173
230231,拜泉县,0.8012995351938851,3,0.6432457168518515,0.702836952,0.5355026477880088,0.7030965,0.0,0.0,False,-0.0019445154824521654,0,0.902,0.9580022042615725
230751,金林区,0.7465201316935554,1,0.573283268868405,0.43948334399999994,0.38436375409899126,0.9559168,0.0,0.3233333333333333,False,-0.01650032844665804,0,0.53,0.7299809433063363
230203,建华区,0.810427779863708,3,0.6691886550951519,0.715231332,0.5824187256946795,0.7192019,0.0,0.0,False,0.00488980366277228,0,0.862,0.9446709628506444
231002,东安区,0.7675225944434904,2,0.6094118395136012,0.491967512,0.46765008402667524,0.9320411,0.0,0.0,False,0.10884559470874587,0,0.298,0.48210296586457746
230822,桦南县,0.7859114349266461,2,0.6698386228693254,0.5929964919999999,0.6239688931430447,0.8148498,0.0,0.0,False,0.20336515137328157,0,0.292,0.47505458638154185
230304,滴道区,0.7649809237387281,2,0.5697260900300497,0.562654264,0.3999598932432733,0.7656999,0.0,0.0,False,0.049922198129465196,0,0.11,0.23331621423330887
230305,梨树区,0.7706746006844605,2,0.5654478299176772,0.508429124,0.3250246334769726,0.9109465,0.0,0.0,False,0.16795868518166365,0,0.154,0.29661159227181877
230202,龙沙区,0.8050138999901684,3,0.675230391787707,0.705188472,0.6161825763391258,0.7087195000000001,0.0,0.0,False,-0.02722664312722534,0,0.656,0.8523577528089888
232721,呼玛县,0.7401705661352006,1,0.5634435341142494,0.43592306799999997,0.37222050905077464,0.9305781,0.0,0.43,False,-0.0076606441239621854,0,0.958,0.9828168914123492
230129,延寿县,0.7838579065738573,2,0.640934816813224,0.5851685719999999,0.544211055858477,0.8208903000000001,0.0,0.0,False,0.3374818581972556,0,0.064,0.16835668789808916
230227,富裕县,0.8111984936750553,3,0.6634541739924346,0.712134832,0.56107425732672,0.7297819,0.0,0.33666666666666667,False,0.0020285162698198927,0,0.906,0.9601341642228739
230723,汤旺县,0.7506750029745229,2,0.5356725067338479,0.43573061199999996,0.22373902772118978,0.9929212999999999,0.0,0.24333333333333335,False,0.005227464753133153,0,0.5,0.6983091787439614
231085,穆棱市,0.774557641536407,2,0.6643922662430641,0.51161634,0.6263192763429459,0.9227171999999999,0.0,0.0,False,0.14996336131292012,0,0.27,0.44963709677419356
231222,兰西县,0.8024968256652774,3,0.6498331156534611,0.706784552,0.5509352075465479,0.7021584000000001,0.0,0.0,False,-0.0026532106737351714,0,0.992,0.9968272506082725
231102,爱辉区,0.7630811440872216,2,0.6330122317835752,0.488515644,0.5540775804075124,0.9186962000000001,0.0,0.0,False,0.0673447751158344,0,0.41,0.607851282051282
230717,伊美区,0.7518509913697861,2,0.5875368843453335,0.442464488,0.4139035504503122,0.9805203,0.0,0.19,False,0.006455548304416773,0,0.828,0.9325079859758473
230803,向阳区,0.7828743496976551,2,0.6476189353846931,0.65302164,0.5929985827392054,0.7006011000000001,0.0,0.0,False,0.1424375143849737,0,0.5,0.6983091787439614
230804,前进区,0.7907952415577246,3,0.6338386509349433,0.675946668,0.5328801741531948,0.7022916,0.0,0.0,False,0.06271030458184011,0,0.246,0.4213187203791469
230522,友谊县,0.7939607228259823,3,0.6165754466930676,0.680595904,0.4771680250005057,0.7076575,0.0,0.0,False,0.017712187486944173,0,0.482,0.6797375609756098
230805,东风区,0.7797948784973266,2,0.5872783367344984,0.660956952,0.43777501192711493,0.6759364999999999,0.0,0.0,False,0.11151343869394828,0,0.336,0.5270623982637005
230828,汤原县,0.7733447608289395,2,0.6270775559416446,0.59108012,0.5443229486026283,0.7598322,0.0,0.0,False,0.09106222945969251,0,0.542,0.7436744186046512
230402,向阳区,0.7896022877643176,3,0.5836882533672648,0.671823496,0.39317975756469103,0.7064244000000001,0.0,0.0,False,0.014718771984391914,0,0.284,0.46676748152359293
231003,阳明区,0.7745264699425196,2,0.616081065976427,0.556275416,0.4959289475367156,0.8266374000000001,0.0,0.0,False,0.1644307697490436,0,0.208,0.373495652173913
230108,平房区,0.8004026898560093,3,0.696049263971846,0.703990712,0.6880139936809538,0.6962614,0.0,0.0,False,-0.006889110761111118,0,0.756,0.9160083822296731
230307,麻山区,0.7797077275986618,2,0.5443131316461672,0.5700915719999999,0.2642785949047477,0.8269719,0.0,0.0,False,0.22284099488335815,0,0.17,0.3233355263157895
231081,绥芬河市,0.7691673344419158,2,0.6275064685142132,0.490686916,0.5187561521904553,0.9445824,0.0,0.0,False,0.11521169716351197,0,0.19,0.350089228808158
230421,萝北县,0.778797088829085,2,0.6557076849022678,0.568459112,0.597529881342178,0.8295671,0.0,0.0,False,0.11265540434782176,0,0.662,0.854012494422133
230405,兴安区,0.7872538883823114,2,0.5820108837298442,0.634518728,0.3821625249184728,0.7536797000000001,0.0,0.0,False,0.09005083574362806,0,0.452,0.652061876247505
230602,萨尔图区,0.7937004309776994,3,0.6962595481830066,0.67605822,0.7113909806656529,0.7019506999999999,0.0,0.0,False,0.028692875538650384,0,0.972,0.9891066525871173
230206,富拉尔基区,0.7974791606624902,3,0.6431401190839753,0.718090284,0.560542195653456,0.6586973,0.0,0.73,False,-0.012152871983719563,0,0.97,0.9884631653154741
230321,鸡东县,0.782995462010629,2,0.6536354040994877,0.569928532,0.5805081333728025,0.8432528,0.0,0.0,False,0.2995373114676137,0,0.118,0.24559971202303815
230524,饶河县,0.781780406762227,2,0.6367391234618386,0.573045004,0.5348321249171275,0.8338454,0.0,0.0,False,0.19091221768726846,0,0.462,0.6605548961424332
230422,绥滨县,0.7878783948225062,2,0.6240976331959736,0.669249112,0.5154581355815573,0.6977791,0.0,0.0,False,0.06732247782054002,0,0.39,0.5881533646322379
230128,通河县,0.7687815445748523,2,0.6410034164880555,0.5106162599999999,0.5668620954979124,0.9006151,0.0,0.0,False,0.2619400137455596,0,0.102,0.2235648218347233
230718,乌翠区,0.7522232992697055,2,0.5844751696286281,0.448050472,0.40864560571919845,0.9640782999999999,0.0,0.25333333333333335,False,0.001485720611698209,0,0.662,0.854012494422133
231224,庆安县,0.7829994034372719,2,0.6513195451785474,0.562026504,0.5714198937002691,0.8587471000000001,0.0,0.0,False,0.15748646961829094,0,0.47,0.669015263417036
231202,北林区,0.7982358929703663,3,0.6928588074899356,0.702212692,0.6866413896998707,0.6898449,0.0,0.0,False,-0.013119747033209991,0,0.65,0.8460828455650609
230407,兴山区,0.7825012333717855,2,0.5743348172534845,0.5919499559999999,0.3555143656158748,0.8065962000000001,0.0,0.0,False,0.125744589435668,0,0.568,0.7702101313320825
230506,宝山区,0.7842324111184271,2,0.6387021024370261,0.6131920399999999,0.5487844133649706,0.7696943,0.0,0.0,False,0.10929235427438483,0,0.462,0.6605548961424332
230726,南岔县,0.754622241394491,2,0.5805909594281127,0.453314308,0.3881509786300558,0.9674598,0.0,0.07666666666666666,False,0.03947104506505928,0,0.532,0.7323866666666667
230207,碾子山区,0.8093875599791448,3,0.5728896668231788,0.676817784,0.307154159130887,0.7705936999999999,0.0,0.0,False,-0.012810893029001546,0,0.846,0.9374419317746263
231084,宁安市,0.7782337111898971,2,0.661476974416643,0.537697412,0.6112796497476277,0.8840395000000001,0.0,0.0,False,0.19773188741135228,0,0.304,0.4890728992765721
231183,嫩江市,0.7902944267173153,3,0.6954293160055478,0.598298928,0.6887265221553089,0.8230322,0.0,0.0,False,0.10006104179266184,0,0.542,0.7436744186046512
230904,茄子河区,0.770529976856333,2,0.6127075722223064,0.581921204,0.5138982512303721,0.7573239999999999,0.0,0.0,False,0.113302673468917,0,0.094,0.21297335423197494
230605,红岗区,0.8050183988592821,3,0.6349938947815739,0.7150865519999999,0.5079275734335984,0.697374,0.0,0.0,False,-0.019887366183988807,0,0.674,0.8606598939929329
230505,四方台区,0.7913909930942679,3,0.5881850186310691,0.635429444,0.38865216643371364,0.7674848000000001,0.0,0.0,False,0.1057915298118534,0,0.476,0.6745666666666666
230623,林甸县,0.8089302678938157,3,0.6678671959570681,0.7112181879999999,0.5807948027358917,0.7208747000000001,0.0,0.0,False,-0.002848834498115533,0,0.968,0.9874693013408609
230624,杜尔伯特蒙古族自治县,0.8056775532820358,3,0.6743357265807698,0.681903512,0.6042532505340665,0.7447286,0.0,0.0,False,0.04911544668306576,0,0.806,0.926867939538584
230719,友好区,0.7542594011320216,2,0.5561547907717779,0.44723350799999995,0.2990192579978535,0.9810148000000001,0.0,0.16666666666666666,False,0.013001200953337701,0,0.664,0.8550663697104677
230229,克山县,0.8014032323628068,3,0.6431162055353968,0.696945352,0.5329212750727308,0.7118023,0.0,0.0,False,0.002052707065093272,0,0.898,0.9576237550719292
231025,林口县,0.7740244630175578,2,0.6373685727286704,0.527343576,0.5463200613636271,0.8878541,0.0,0.0,False,0.2038665790517376,0,0.178,0.3337211413748378
230126,巴彦县,0.7965911213261673,3,0.6702357094124628,0.672652268,0.6151357344502655,0.7278157000000001,0.0,0.0,False,0.0406790435576475,0,0.628,0.826752276867031
230302,鸡冠区,0.7927840018162412,3,0.6737663327325742,0.647874936,0.6294208825495423,0.7507761,0.0,0.0,False,0.13845094544533254,0,0.12,0.24886657101865134
230221,龙江县,0.8119212991239059,3,0.6823276008239537,0.716919144,0.6153982687676433,0.720677,0.0,0.0,False,0.0028197318681601013,0,0.868,0.9458680738786279
231181,北安市,0.7916207402144123,3,0.6752773841981529,0.608143684,0.6265593432563755,0.8114513,0.0,0.0,False,0.11953954961152488,0,0.478,0.6764062652961331
230125,宾县,0.7901784728825103,3,0.683131596105395,0.619673024,0.6578516359186706,0.7845133,0.0,0.0,False,0.16238719433639945,0,0.36,0.5533014354066985
230921,勃利县,0.7838003809393599,2,0.6339080792269495,0.586980364,0.5258265560063703,0.8160773000000001,0.0,0.0,False,0.25907112742689203,0,0.16,0.30673740053050397
230303,恒山区,0.7725196897549552,2,0.5705490367188818,0.546414108,0.36184912496151517,0.8364499999999999,0.0,0.0,False,0.17395159771603952,0,0.142,0.28195192307692307
230811,郊区,0.7846175614359585,2,0.6684437160671208,0.631204432,0.6370713981805729,0.7430926000000001,0.0,0.0,False,0.1346044439810925,0,0.29,0.47313205417607224
230381,虎林市,0.788609866350348,2,0.6759742312332249,0.614872324,0.6395694979245483,0.7875463,0.0,0.0,False,0.2348002819900505,0,0.19,0.350089228808158
230382,密山市,0.7785679269548429,2,0.6592400687432053,0.607561536,0.6283656642307968,0.7502306999999999,0.0,0.0,False,0.4898064237987084,0,0.142,0.28195192307692307
231223,青冈县,0.8046182754410254,3,0.6563173278082501,0.71062704,0.5624636829463292,0.7056996000000001,0.0,0.0,False,-0.00616528731243918,0,0.976,0.9907359550561797
230722,嘉荫县,0.7603649795509644,2,0.5910190703560018,0.4905617,0.4301995040019062,0.902328,0.0,0.0,False,0.0771587972257112,0,0.694,0.8784387040280209
230403,工农区,0.7905274037652193,3,0.6551652765757365,0.672777484,0.5897425843863395,0.7080492,0.0,0.0,False,0.016515491187170266,0,0.278,0.45899371787549975
230725,大箐山县,0.751694202017302,2,0.5589378058210411,0.439010488,0.3109622386079768,0.9892488,0.0,0.20333333333333334,False,0.0138487702874067,0,0.392,0.5908613138686131
420802,东宝区,0.7750488996876758,2,0.703545905169951,0.56127626,0.7673251740826434,0.8187004999999999,0.0,0.0,False,0.2434529540354129,0,0.266,0.44554229432213216
422822,建始县,0.7234137967418357,1,0.6307704437618373,0.40395350399999996,0.6281943662506674,0.9442204,0.0,0.0,False,1.008299530640249,2,0.004,0.03285227272727273
421122,红安县,0.7907297411370027,3,0.6968268302547269,0.604905644,0.6949754339716175,0.8105173999999999,0.0,0.0,False,0.2758062367008666,0,0.144,0.2839727148703956
421022,公安县,0.7844621985272833,2,0.7000788454934638,0.664744792,0.7498657686788067,0.6892886,0.0,0.0,False,0.06709325037382022,0,0.264,0.4427053364269142
429006,天门市,0.7946225964963398,3,0.7302264847301669,0.6841993719999999,0.8204284932095736,0.699164,0.14,0.0,False,0.0029632997193815755,0,0.646,0.8427734657039712
421083,洪湖市,0.7753890601720806,2,0.6869598007962284,0.633900736,0.738749669254445,0.6930406,0.0,0.0,False,0.5067535697230231,0,0.05,0.14397410358565738
420602,襄城区,0.7830660703734375,2,0.7080381622323585,0.6332633879999999,0.7720308543106461,0.729011,0.0,0.0,False,0.1085770214211151,0,0.43,0.6323143438453712
422823,巴东县,0.719402991434347,1,0.6283440704286904,0.398689376,0.6346060093798535,0.9311303000000001,0.0,0.0,False,1.5465370069811961,2,0.008,0.04758847736625514
420325,房县,0.7414360497388013,1,0.6482183927471488,0.4224209,0.6519870154633478,0.9712021,0.0,0.0,False,0.5084414598845635,0,0.016,0.06997881996974281
420115,江夏区,0.7784463654819472,2,0.7258374333728649,0.6255174960000001,0.8823910084483845,0.7091558,0.056666666666666664,0.0,False,0.5696848681774404,0,0.026,0.09624327784891165
429021,神农架林区,0.7014705981583476,1,0.5751286867542643,0.34523667999999996,0.46616516419488,0.9857152,0.0,0.0,False,1.2049042324506225,0,0.01,0.05294871794871795
420506,夷陵区,0.7519534887022878,2,0.699273996202225,0.45766927599999996,0.8321258136052508,0.9309127,0.0,0.0,False,0.4775844062397766,0,0.012,0.05889983022071307
420526,兴山县,0.7153652693141711,1,0.6266442212626616,0.37695954,0.6342876846251456,0.964108,0.0,0.0,False,1.1500060500223461,2,0.004,0.03285227272727273
420922,大悟县,0.7847904149034043,2,0.6869672808516383,0.567338624,0.6760919116279114,0.8543864,0.0,0.0,False,0.2954128855388176,0,0.136,0.27437264480111656
420529,五峰土家族自治县,0.7082127770174586,1,0.612433124548101,0.36501842,0.5906224961963222,0.9721846999999999,0.0,0.0,False,0.9883188738796012,2,0.004,0.03285227272727273
421224,通山县,0.7527741381101231,2,0.6486253896376375,0.45982718,0.6266089547063256,0.9373708000000001,0.0,0.0,False,0.5168679524276164,0,0.014,0.06434658187599365
420324,竹溪县,0.7249521745045593,1,0.6230714659103945,0.398297452,0.5985689977258369,0.9578819,0.0,0.0,False,1.025683588680841,2,0.006,0.04189855072463768
421102,黄州区,0.7876796120048789,2,0.6959972502312586,0.664132516,0.727508349071232,0.6982158,0.0,0.0,False,0.3917639031224676,0,0.026,0.09624327784891165
421181,麻城市,0.7835694448320047,2,0.7111802812502364,0.5686540959999999,0.7673385685123602,0.838286,0.0,0.0,False,0.3030997868338319,0,0.064,0.16835668789808916
420684,宜城市,0.7858023655739029,2,0.711725428641431,0.633593204,0.7725843170058078,0.7399420999999999,0.0,0.0,False,0.14375480112765884,0,0.288,0.47093212669683254
421088,监利市,0.7850083435286742,2,0.5021696721719905,0.661891496,0.14751870439534154,0.6987472,0.0,0.0,False,0.26316416107403884,0,0.03,0.10449397590361445
420702,梁子湖区,0.7706345099712418,2,0.6322606773431366,0.6076194880000001,0.5801488687796297,0.7147771,0.0,0.0,False,0.8194837449748257,0,0.022,0.0853718120805369
420822,沙洋县,0.7880529940814097,2,0.6962654155757527,0.668657804,0.7227345073304434,0.6987673,0.0,0.0,False,0.06377160275648715,0,0.438,0.6395242424242424
421223,崇阳县,0.7586342513563172,2,0.6619895681518085,0.479106032,0.6585641207891537,0.9211397,0.0,0.0,False,0.4568954186618219,0,0.014,0.06434658187599365
420203,西塞山区,0.7675725338790648,2,0.6652193098544346,0.582343112,0.6832107100513818,0.7395374,0.0,0.0,False,0.7075478770276233,0,0.02,0.08030555555555556
420322,郧西县,0.7572583815955316,2,0.6449318760583425,0.46345985199999995,0.6031309244234734,0.9484644,0.0,0.0,False,0.2971536159934788,0,0.084,0.19872667757774143
421125,浠水县,0.7860483005063881,2,0.6932894149114984,0.632489588,0.7141738880456313,0.7388482000000001,0.0,0.0,False,0.3530641324552912,0,0.018,0.07552685050798258
420606,樊城区,0.7876692301668762,2,0.7227849000981253,0.664568612,0.8194581484093388,0.6991108,0.0,0.0,False,0.06175334648601501,0,0.442,0.6424444444444445
420114,蔡甸区,0.7819531403064127,2,0.7042218810208452,0.651305964,0.7770473699154895,0.6923947,0.0,0.0,False,0.19009554606870857,0,0.336,0.5270623982637005
420103,江汉区,0.7972122200887307,3,0.7525676175289415,0.684157548,0.9235115863671852,0.6997943,1.0,0.0,False,-0.023944286502735727,0,0.146,0.28732879509870657
422827,来凤县,0.7232274325225829,1,0.6200555957638868,0.41354331999999994,0.5877105176712858,0.9301967,0.0,0.0,False,0.40168717404848875,0,0.018,0.07552685050798258
421123,罗田县,0.7786397673814347,2,0.6760948738610413,0.5243454679999999,0.65651199053245,0.9103969,0.0,0.0,False,0.3158977055797906,0,0.068,0.17521212121212124
421281,赤壁市,0.7716764046706553,2,0.704230787822435,0.5519002799999999,0.7840846389236786,0.8185196,0.0,0.0,False,0.5954868554666296,0,0.02,0.08030555555555556
420111,洪山区,0.7797627888791717,2,0.7258743084413406,0.6386014200000001,0.8834505098890183,0.6935865999999999,0.043333333333333335,0.0,False,0.2879050470059877,0,0.2,0.36319095477386937
420703,华容区,0.7762366303466395,2,0.6922913590728653,0.6530847879999999,0.7664244586934468,0.6644147,0.0,0.0,False,0.3314484751188206,0,0.042,0.12889808917197454
429004,仙桃市,0.7934904332617874,3,0.7383942429001649,0.682005316,0.8645423470809418,0.6945687,0.7766666666666666,0.0,False,-0.008329785314163762,0,0.398,0.5961751295336788
420302,茅箭区,0.7627431879263605,2,0.6964672265299929,0.47431720799999993,0.7800881858341733,0.9445626,0.0,0.0,False,0.3069015496523945,0,0.032,0.10807476635514018
420582,当阳市,0.7828580521859181,2,0.7211209962199652,0.597797964,0.8065856677565536,0.7887637,0.0,0.0,False,0.23644594745931172,0,0.148,0.28988346883468835
420981,应城市,0.7908850256180793,3,0.7129531266577022,0.6817581559999999,0.7765457322798311,0.6865041000000001,0.0,0.0,False,0.025886507901705606,0,0.5,0.6983091787439614
420502,西陵区,0.7782557358237654,2,0.7086113599010256,0.628275412,0.7906753205003593,0.7203469,0.0,0.0,False,0.29827663498828394,0,0.024,0.09105511811023623
420106,武昌区,0.7744171981782585,2,0.7304869910079687,0.600110884,0.9422248820325754,0.7216044,0.2733333333333333,0.0,False,0.38919902099713416,0,0.382,0.5785028810895757
420984,汉川市,0.7900241211494441,3,0.7302498795692335,0.670896104,0.8458542194647546,0.6951762,0.18666666666666668,0.0,False,0.03811768654603404,0,0.748,0.9120489245044284
420882,京山市,0.7858361150708792,2,0.6930928103855121,0.58771112,0.6949997291441471,0.8216554,0.0,0.0,False,0.1553766450348016,0,0.504,0.7018612716763006
420804,掇刀区,0.7898909557127103,3,0.7088037228038075,0.674602344,0.758005823651385,0.6975632,0.0,0.0,False,0.009932025895109251,0,0.174,0.32856564337034616
422825,宣恩县,0.7026583013522949,1,0.6086774890079,0.361938384,0.5849600158959506,0.9651457000000001,0.0,0.0,False,0.546165566017231,0,0.01,0.05294871794871795
422826,咸丰县,0.7110023858721929,1,0.6172261981953564,0.38364444,0.6002546502310393,0.9499107,0.0,0.0,False,0.446268985146733,0,0.016,0.06997881996974281
420104,硚口区,0.7964479159334306,3,0.742177002013777,0.686336056,0.866454953884193,0.6995353,0.9533333333333334,0.0,False,0.0017990915477343575,0,0.108,0.23110880829015545
421124,英山县,0.7740284006912075,2,0.6597703867221077,0.505153916,0.6142991952543946,0.9305211,0.0,0.0,False,0.3113521630826081,0,0.038,0.12112238147739803
421381,广水市,0.789479031147204,3,0.7127027961685738,0.607145568,0.7537335614153347,0.7981346,0.0,0.0,False,0.27498033754631795,0,0.122,0.25211007862759116
421222,通城县,0.771309896578332,2,0.674334358260531,0.532431644,0.6691321476872242,0.8668754000000001,0.0,0.0,False,0.4979582202825151,0,0.022,0.0853718120805369
420625,谷城县,0.7634250711587143,2,0.696165931288786,0.48686403199999995,0.7740297186500777,0.9205466000000001,0.0,0.0,False,0.2556901236341629,0,0.178,0.3337211413748378
421003,荆州区,0.7867479366040229,2,0.7056237183534746,0.6635044999999999,0.7571717020266975,0.7006064000000001,0.0,0.0,False,0.04494119758022687,0,0.636,0.8327336956521739
421127,黄梅县,0.7850542321097831,2,0.6948282771246016,0.631801116,0.720412002869045,0.7382559000000001,0.0,0.0,False,0.6812120978024466,0,0.01,0.05294871794871795
420528,长阳土家族自治县,0.7195011635314796,1,0.636882838177133,0.392619108,0.664250719921032,0.946149,0.0,0.0,False,0.9219899001357931,0,0.01,0.05294871794871795
422801,恩施市,0.7155743875458727,1,0.6612578692621912,0.390042256,0.7707941105106718,0.9407785,0.0,0.0,False,0.6102417584754155,2,0.008,0.04758847736625514
421221,嘉鱼县,0.7745751865569546,2,0.6758440918767192,0.627657116,0.703281040817401,0.6995117,0.0,0.0,False,0.6359554805274464,2,0.008,0.04758847736625514
420583,枝江市,0.7818721931998054,2,0.7223787506620853,0.64979866,0.8433144189071433,0.6968071,0.0,0.0,False,0.14221624189594292,0,0.072,0.18053078924544666
421002,沙市区,0.7834127336983969,2,0.7140696829065826,0.657875932,0.805040428825261,0.6918002000000001,0.0,0.0,False,0.05558175018058486,0,0.674,0.8606598939929329
420607,襄州区,0.7925420527675996,3,0.7328760300879296,0.676142212,0.839546474059668,0.7014764000000001,0.37333333333333335,0.0,False,0.0056687523111222365,0,0.486,0.6843770092547492
420624,南漳县,0.7570594218831056,2,0.6828327868686114,0.487202876,0.7463030545427314,0.8853136,0.0,0.0,False,0.1813662401948954,0,0.12,0.24886657101865134
420923,云梦县,0.7971005015616951,3,0.6931256977102018,0.696371652,0.6880746495324452,0.6949666,0.0,0.0,False,-0.0019834352192217354,0,0.36,0.5533014354066985
420116,黄陂区,0.7945720832245787,3,0.74903162028397,0.641299148,0.8975457036587001,0.7528642999999999,1.0,0.0,False,0.11150433505811172,0,0.496,0.6940638915779284
420626,保康县,0.7422815058309059,1,0.6499156069636977,0.42506179999999993,0.6560230430526549,0.9691472,0.0,0.0,False,0.4676266372295591,0,0.014,0.06434658187599365
421321,随县,0.7814135340571918,2,0.6947313243730472,0.5561989,0.7123565743884842,0.8580303,0.0,0.0,False,0.23812916616127588,0,0.198,0.3609192938209332
420581,宜都市,0.7579831968551337,2,0.7085673173818239,0.49982668399999997,0.852449443321524,0.862176,0.0,0.0,False,0.38173099525532905,0,0.014,0.06434658187599365
429005,潜江市,0.7940183366763643,3,0.7364780564517669,0.683635664,0.8503037515918849,0.6966197,0.62,0.0,False,-0.012888843057581735,0,0.736,0.9073671641791045
420112,东西湖区,0.7951416057794816,3,0.7513353206850291,0.677370932,0.936136277144047,0.6976744,1.0,0.0,False,0.027935048855651356,0,0.212,0.37856207535515746
422828,鹤峰县,0.6965962929691706,1,0.5993831876446687,0.346646872,0.5620623385207294,0.9747796000000001,0.0,0.0,False,0.777560180945306,0,0.012,0.05889983022071307
420204,下陆区,0.7858620510038626,2,0.6971898335145804,0.6164297400000001,0.718778736405378,0.7675066,0.0,0.0,False,0.5086293900385087,2,0.006,0.04189855072463768
422802,利川市,0.7208733892220559,1,0.6483016757263054,0.401935128,0.6966662402818685,0.9442851999999999,0.0,0.0,False,0.4256024451254778,0,0.012,0.05889983022071307
420102,江岸区,0.7906774624986441,3,0.7448407547990247,0.6636869519999999,0.923376516754659,0.6996393000000001,0.9766666666666667,0.0,False,0.14739972053422912,0,0.174,0.32856564337034616
420921,孝昌县,0.7956924371789245,3,0.6856996875165624,0.653339868,0.6571803737177934,0.7519655999999999,0.0,0.0,False,0.14699174049778274,0,0.254,0.4314418331374853
420982,安陆市,0.7952510030471983,3,0.7053210830126545,0.65756332,0.7191890599702729,0.743061,0.0,0.0,False,0.11827828318656429,0,0.288,0.47093212669683254
420682,老河口市,0.788887971746795,3,0.7094916672083218,0.663469852,0.7612876880083224,0.7085978,0.0,0.0,False,0.10619532936601728,0,0.214,0.38025445605408725
421126,蕲春县,0.7822364306515049,2,0.6975974786881608,0.5760346519999999,0.7237905756396089,0.8219318,0.0,0.0,False,0.5534527197244312,2,0.008,0.04758847736625514
420323,竹山县,0.7406202624887843,1,0.6412232010957271,0.427971068,0.6285041621325727,0.9560562,0.0,0.0,False,0.5835966845183568,2,0.008,0.04758847736625514
421303,曾都区,0.7909486116637662,3,0.7275499690608594,0.6103806599999999,0.8020598604787244,0.7980478,0.02,0.0,False,0.23879449426038735,0,0.154,0.29661159227181877
420202,黄石港区,0.780262932597417,2,0.6804709203016619,0.62370098,0.6934261383445777,0.7290595000000001,0.0,0.0,False,0.6443273881508904,0,0.024,0.09105511811023623
421087,松滋市,0.7800561963277121,2,0.7096219947676339,0.606966928,0.7766874876909649,0.7634555999999999,0.0,0.0,False,0.21942262756984882,0,0.18,0.3361627906976744
420503,伍家岗区,0.7777685342742662,2,0.7019664249750274,0.612370944,0.7619243257360426,0.7445767,0.0,0.0,False,0.38064262421269923,0,0.04,0.12488120950323973
421121,团风县,0.7910960978665466,3,0.6704373653083859,0.622716472,0.6205709880344117,0.7811554,0.0,0.0,False,0.33095606713050885,0,0.086,0.20131659919028339
420881,钟祥市,0.7887785274660093,3,0.725267430742107,0.629190648,0.8072062358314018,0.7586949999999999,0.0,0.0,False,0.16464764856988423,0,0.264,0.4427053364269142
420304,郧阳区,0.7664432532320623,2,0.6734852012125512,0.49389176799999995,0.6796560886646046,0.9205331,0.0,0.0,False,0.33673791607373005,0,0.058,0.15863576158940398
420902,孝南区,0.7947080355969791,3,0.7219417999797957,0.685339592,0.7922563283400123,0.6959253000000001,0.0,0.0,False,0.029401490843999536,0,0.71,0.8908897569444443
420704,鄂城区,0.7877114234615629,2,0.7234253424920422,0.646565116,0.8184766475179398,0.7219224,0.0,0.0,False,0.42791042851108874,0,0.014,0.06434658187599365
420281,大冶市,0.7775212135985696,2,0.7198146357839084,0.6063820759999999,0.8444088229916064,0.7400422,0.0,0.0,False,0.4216409436434977,2,0.006,0.04189855072463768
420381,丹江口市,0.7650356579566494,2,0.6874578667178931,0.501664256,0.7371839429626429,0.8924691,0.0,0.0,False,0.38807998425213963,0,0.144,0.2839727148703956
420113,汉南区,0.7902032686642904,3,0.7485203214367926,0.659199912,0.9583150118841233,0.6998196,0.9966666666666667,0.0,False,0.14234823128067411,0,0.062,0.16414102564102565
420117,新洲区,0.7931966766272119,3,0.740313270012437,0.6700208719999999,0.8781335847262864,0.7043239,0.8766666666666667,0.0,False,0.1698313582633848,0,0.054,0.15127325581395348
421024,江陵县,0.785374052233134,2,0.6588498747454336,0.676803668,0.6234273325752946,0.6776839,0.0,0.0,False,0.00351376853996151,0,0.508,0.7057318596828448
420105,汉阳区,0.7851949294342921,2,0.7247905461246154,0.653548728,0.844104977862497,0.6992176999999999,0.0,0.0,False,0.2353343917549909,0,0.208,0.373495652173913
421182,武穴市,0.7867607020269414,2,0.7051239251403901,0.636730952,0.7488541859604902,0.7373098,0.0,0.0,False,0.5086074245650289,2,0.008,0.04758847736625514
420505,猇亭区,0.7754593997672629,2,0.6733168123812467,0.599635892,0.6719006578825356,0.7583966999999999,0.0,0.0,False,0.3513008117769657,0,0.062,0.16414102564102565
420107,青山区,0.7914642789372985,3,0.7430260157689281,0.670018296,0.9064796108226484,0.6961648,0.9433333333333334,0.0,False,0.11484723228320659,0,0.128,0.26133333333333336
420222,阳新县,0.7683531336604266,2,0.6958776916671043,0.551394156,0.769223499464269,0.8016761,0.0,0.0,False,0.6787364208966569,0,0.01,0.05294871794871795
420205,铁山区,0.7871948116579306,2,0.6270324698988902,0.6072215519999999,0.5029988833436211,0.7947211,0.0,0.0,False,0.5220777040965127,0,0.016,0.06997881996974281
421202,咸安区,0.7781888883192662,2,0.7066689094958595,0.557147492,0.7641726835008589,0.8427308,0.0,0.0,False,0.5396392564686732,0,0.028,0.10030731102850063
420683,枣阳市,0.7944401254993054,3,0.7367891697065185,0.660833996,0.8392260307844561,0.7302167,0.7033333333333334,0.0,False,0.06025781352650941,0,0.476,0.6745666666666666
420303,张湾区,0.7662100494808869,2,0.7013421342974413,0.48230580799999995,0.7888555187468027,0.9420284,0.0,0.0,False,0.21632558076963287,0,0.012,0.05889983022071307
420504,点军区,0.7516997347037416,2,0.6328799842908367,0.467003832,0.5764735063993298,0.9198001,0.0,0.0,False,0.441711061858605,0,0.016,0.06997881996974281
420525,远安县,0.7516375240929495,2,0.6627229942969821,0.45281144000000006,0.6778647814159229,0.9496866,0.0,0.0,False,0.26971950469111916,0,0.08,0.1924126455906822
421081,石首市,0.7815989574640714,2,0.6823812256819862,0.651535412,0.699759985659559,0.697085,0.0,0.0,False,0.12562781053758532,0,0.38,0.5763798530954879
420527,秭归县,0.7246288686788526,1,0.6403220499047351,0.41131300400000004,0.6709363265542939,0.9183319999999999,0.0,0.0,False,1.6458585540276065,2,0.004,0.03285227272727273
430527,绥宁县,0.7403604052691916,1,0.6342062430990951,0.42670589200000003,0.5980193431257154,0.9680247,0.0,0.0033333333333333335,False,0.12664343394978422,0,0.13,0.26466901408450705
430811,武陵源区,0.7227273035133498,1,0.5931106060040101,0.396053236,0.49049223678047604,0.9652682,0.0,0.0,False,0.37335751073660894,0,0.02,0.08030555555555556
430302,雨湖区,0.7805156779706404,2,0.722809053703845,0.619446348,0.8350724664405524,0.7401389,0.0,0.0,False,0.12001679718240989,0,0.212,0.37856207535515746
430529,城步苗族自治县,0.7370127423518842,1,0.6120252252010433,0.42085042,0.5290998338547742,0.9655887000000001,0.0,0.0,False,0.15350755491933193,0,0.218,0.38570257037943695
431181,祁阳市,0.768048856500133,2,0.5039419097943642,0.532184752,0.12752999353826128,0.8563157,0.0,0.0,False,0.4054138428057427,0,0.062,0.16414102564102565
430702,武陵区,0.7791491289059563,2,0.7335219228572047,0.621294828,0.9045094748184309,0.7248274,0.4533333333333333,0.0,False,0.24183069868505835,0,0.058,0.15863576158940398
431129,江华瑶族自治县,0.7585995944374161,2,0.655742648463084,0.471610836,0.6361319662041073,0.9381733999999999,0.0,0.0,False,0.30820821775170604,0,0.056,0.15522147651006712
430502,双清区,0.7852533277288553,2,0.6801414854198974,0.643935304,0.6695958961991095,0.7301409,0.0,0.0,False,0.1181576696817653,0,0.066,0.1718972972972973
431321,双峰县,0.7740329804359763,2,0.6889084933841501,0.5528913440000001,0.7112869294210538,0.8392084,0.0,0.0,False,0.36225761869366674,0,0.058,0.15863576158940398
433123,凤凰县,0.7385819222758369,1,0.6269621108060507,0.445522572,0.5811284207208554,0.9197972,0.0,0.0,False,0.2786176011743241,0,0.072,0.18053078924544666
430406,雁峰区,0.7814426804209738,2,0.690352368180186,0.6345804079999999,0.7154466891256562,0.7254579999999999,0.0,0.0,False,0.23754465270525466,0,0.098,0.21844101773323052
431123,双牌县,0.7414717553658126,1,0.6260158685702882,0.42425415999999994,0.5679511360580233,0.9751954,0.0,0.0033333333333333335,False,0.22928058979223623,0,0.03,0.10449397590361445
431227,新晃侗族自治县,0.73255496937388,1,0.6185427095893863,0.428871132,0.5670220617278862,0.9269206999999999,0.0,0.0,False,0.1065198474107628,0,0.18,0.3361627906976744
433126,古丈县,0.7216850885869507,1,0.5804509418596187,0.39710302799999997,0.4483750984433215,0.9604448000000001,0.0,0.0,False,0.2185314514786456,0,0.1,0.2211935730680949
431225,会同县,0.7409117083829144,1,0.6306555686459749,0.43118826,0.5843237260618314,0.9612998,0.0,0.006666666666666667,False,0.08589338376652067,0,0.288,0.47093212669683254
431124,道县,0.7657996938596365,2,0.6783075727753942,0.5163188080000001,0.697816699458381,0.8737557,0.0,0.0,False,0.4966831359162658,0,0.042,0.12889808917197454
430482,常宁市,0.7740360214161011,2,0.7030021594087552,0.558887504,0.7623237195562286,0.8261566,0.0,0.0,False,0.3441838073946855,0,0.062,0.16414102564102565
431126,宁远县,0.7639428450074814,2,0.6766940738597809,0.5007594,0.6956906450811685,0.8987438,0.0,0.0,False,0.40919094691033,0,0.042,0.12889808917197454
433122,泸溪县,0.7399091609901488,1,0.6193384125359853,0.438819128,0.5500989694725867,0.9400999999999999,0.0,0.0,False,0.1864530516739116,0,0.094,0.21297335423197494
431322,新化县,0.7560981620791926,2,0.6798510348249729,0.488021476,0.7289919621271412,0.8922043,0.0,0.0,False,0.33290502669426036,0,0.082,0.19543446001648807
430611,君山区,0.7841252504648131,2,0.6713277740943252,0.6599221879999999,0.6576583726046937,0.6971673,0.0,0.0,False,0.13269899945303185,0,0.048,0.14145565749235475
431229,靖州苗族侗族自治县,0.7398342140836761,1,0.6306426531365339,0.431107944,0.5866562866892626,0.9574984000000001,0.0,0.0,False,0.08434168388898541,0,0.318,0.5059647771051183
430723,澧县,0.7818065544247672,2,0.7089606053817284,0.61822658,0.7701750430121941,0.7525354,0.0,0.0,False,0.2350754416408208,0,0.074,0.18379209621993126
430104,岳麓区,0.781159424944374,2,0.742187602990887,0.582654576,0.9249559487752648,0.7972886,0.85,0.0,False,0.16242255486262713,0,0.31,0.4962403100775194
430624,湘阴县,0.7770748015175439,2,0.6967975545654195,0.625048576,0.7551326035776059,0.7186202,0.0,0.0,False,0.3627784413915465,0,0.094,0.21297335423197494
430304,岳塘区,0.7778078906431654,2,0.7168520872297726,0.599615024,0.8163401111277889,0.7620416,0.0,0.0,False,0.22631697982141624,0,0.242,0.4156993464052287
430921,南县,0.7835376726566203,2,0.686381599007278,0.657282972,0.7043945793013119,0.6986108,0.0,0.0,False,0.16590101023630136,0,0.116,0.24336429608127721
431103,冷水滩区,0.7774341588640218,2,0.7035784405672479,0.578423344,0.7560566659993476,0.8040962,0.0,0.0,False,0.35625240797558283,0,0.048,0.14145565749235475
430224,茶陵县,0.7648247922235688,2,0.6787778233661649,0.5004764279999999,0.6998243972592036,0.9040858,0.0,0.0,False,0.3130949335252296,0,0.042,0.12889808917197454
430523,邵阳县,0.7730227549332447,2,0.6745588583651468,0.561592736,0.6707158539600757,0.8178542,0.0,0.0,False,0.2970468063879045,0,0.124,0.25533048433048433
430903,赫山区,0.7778170595237831,2,0.7063397331947299,0.598790256,0.7711167920446994,0.7686556999999999,0.0,0.0,False,0.23252692456152574,0,0.082,0.19543446001648807
430528,新宁县,0.7539387395509755,2,0.6470646308770183,0.474509632,0.6178518969938671,0.914674,0.0,0.0,False,0.331609938328054,0,0.068,0.17521212121212124
430626,平江县,0.7565836237868012,2,0.6852814907046066,0.475807676,0.7522219552250226,0.9144977999999999,0.0,0.0,False,0.1837011265596468,0,0.058,0.15863576158940398
430426,祁东县,0.7768150949443239,2,0.6973801931643547,0.5678612359999999,0.733701613229011,0.8220335000000001,0.0,0.0,False,0.30200875049256143,0,0.072,0.18053078924544666
431226,麻阳苗族自治县,0.7461613692188822,1,0.6356089242871278,0.4632089239999999,0.5955844204997424,0.9106731,0.0,0.0,False,0.2755888548128812,0,0.1,0.2211935730680949
430602,岳阳楼区,0.7816600873360283,2,0.7253955038363821,0.600212212,0.8355977293115658,0.7745885,0.006666666666666667,0.0,False,0.3756553889472633,0,0.026,0.09624327784891165
430726,石门县,0.7346758144725813,1,0.6654343131931407,0.4367483,0.7400062736030802,0.9052936,0.0,0.0,False,0.5009465344037314,0,0.036,0.1168080808080808
431222,沅陵县,0.7313628645622475,1,0.6463627555295913,0.40946753199999997,0.6638157566252845,0.9682987000000001,0.0,0.0033333333333333335,False,0.15564716865815068,0,0.084,0.19872667757774143
430722,汉寿县,0.7754057260940266,2,0.6950094539416588,0.6023807999999999,0.7444667579901226,0.7512327,0.0,0.0,False,0.3340974059410634,0,0.154,0.29661159227181877
431125,江永县,0.7588758983685481,2,0.6363244946560364,0.49300245200000004,0.5753070882486415,0.8941025,0.0,0.0,False,0.5400802757818202,0,0.016,0.06997881996974281
430923,安化县,0.7397036817821258,1,0.6619890987398549,0.42768953600000004,0.7045098193253863,0.9584417000000001,0.0,0.0,False,0.19247484218143548,0,0.104,0.2257237237237237
430225,炎陵县,0.7430437376170035,1,0.6305610977596897,0.42607569599999995,0.5811879016871893,0.9761626,0.0,0.0,False,0.17086427181128164,0,0.158,0.3035069767441861
430721,安乡县,0.784249623907555,2,0.6855626281693021,0.65915986,0.6993635838711644,0.6990859,0.0,0.0,False,0.12809166208466244,0,0.144,0.2839727148703956
433125,保靖县,0.7228046027883255,1,0.610847156273971,0.406344944,0.554975738788769,0.9439038,0.0,0.0,False,0.3012178173804659,0,0.05,0.14397410358565738
431281,洪江市,0.7437747677275943,1,0.6404114537400935,0.446074156,0.6163532085214875,0.9351583,0.0,0.0,False,0.23476337714962248,0,0.138,0.27782590529247914
430581,武冈市,0.7718434300412835,2,0.6742697369250197,0.55654512,0.6701337961062686,0.8252208,0.0,0.0,False,0.34790363987388523,0,0.072,0.18053078924544666
431221,中方县,0.746861315354159,1,0.6420925773229684,0.45279526,0.6144359704348633,0.9345656,0.0,0.0,False,0.2521361704415488,0,0.074,0.18379209621993126
430203,芦淞区,0.7709307638432709,2,0.7025169745354296,0.531541288,0.7699129096530207,0.864139,0.0,0.0,False,0.306980844230674,0,0.124,0.25533048433048433
430682,临湘市,0.7690644770820291,2,0.6891835741497286,0.526114396,0.7297217805236206,0.8634812000000001,0.0,0.0,False,0.6013042204558696,0,0.022,0.0853718120805369
430421,衡阳县,0.7737016307382902,2,0.7014408408173353,0.549141516,0.7564343240170122,0.843333,0.0,0.0,False,0.3052995819890879,0,0.094,0.21297335423197494
430582,邵东市,0.7783502872864163,2,0.6918155906171706,0.57840034,0.7110752521423856,0.8105637,0.0,0.0,False,0.2826676756504052,0,0.074,0.18379209621993126
431382,涟源市,0.7702309952476146,2,0.6920479161112028,0.54161412,0.734118225496042,0.8429081,0.0,0.0,False,0.31670486250210245,0,0.058,0.15863576158940398
430408,蒸湘区,0.7859502738592291,2,0.6946263368773121,0.6547293080000001,0.7162558165283593,0.7151709,0.0,0.0,False,0.07390864715177366,0,0.06,0.1612081784386617
430703,鼎城区,0.7763395908167484,2,0.7042610563754046,0.591234448,0.7679291717661486,0.7750362000000001,0.0,0.0,False,0.29947201293455766,0,0.082,0.19543446001648807
430103,天心区,0.7819313800050197,2,0.735677299972322,0.631553772,0.9013970042583241,0.7207749,0.5633333333333334,0.0,False,0.13001796641531557,0,0.26,0.43828571428571433
431024,嘉禾县,0.7803401675162039,2,0.668769000193279,0.571972924,0.6321550714022689,0.8301911,0.0,0.0,False,0.3610754757484823,0,0.062,0.16414102564102565
430621,岳阳县,0.7732025286251386,2,0.6967883299140653,0.5750359119999999,0.7546620657850736,0.7848107000000001,0.0,0.0,False,0.5948437491152728,0,0.024,0.09105511811023623
430211,天元区,0.7779196614109548,2,0.7123136016748126,0.590803392,0.7922256058626507,0.7806658000000001,0.0,0.0,False,0.3568955245415617,0,0.076,0.18763108454312555
431102,零陵区,0.7662336209739055,2,0.6800849946622348,0.5197628719999999,0.7020536068318627,0.8699511999999999,0.0,0.0,False,0.4615256902928204,0,0.034,0.1125933562428408
433127,永顺县,0.7264446820377746,1,0.6197714343825633,0.412701776,0.5792219974895052,0.9431773999999999,0.0,0.0,False,0.31290293316070367,0,0.032,0.10807476635514018
431081,资兴市,0.7464398882968656,1,0.6762611693037951,0.439947708,0.7479626699699292,0.9505372000000001,0.0,0.0,False,0.1922459947444232,0,0.148,0.28988346883468835
430802,永定区,0.7338513351008895,1,0.6594050509730716,0.428388668,0.7102530687718441,0.9320461,0.0,0.0,False,0.4043223612450709,0,0.038,0.12112238147739803
430105,开福区,0.7840155616486817,2,0.7369087947590438,0.627914568,0.8890010612204796,0.7365943,0.6466666666666666,0.0,False,0.11599083769811085,0,0.344,0.5343922622246103
430281,醴陵市,0.7701531807981874,2,0.7195562676913145,0.520709164,0.8481878635024135,0.8781657,0.02,0.0,False,0.2907795737014096,0,0.048,0.14145565749235475
433130,龙山县,0.7199315309965189,1,0.6195153868728395,0.400633712,0.5907327268385372,0.9459055,0.0,0.0,False,0.36689586959928155,0,0.018,0.07552685050798258
430423,衡山县,0.7691257122037555,2,0.672547969648499,0.534572016,0.6699119008414266,0.8538292999999999,0.0,0.0,False,0.3716621726163028,0,0.064,0.16835668789808916
430212,渌口区,0.7658832983098091,2,0.6504607405805443,0.518840952,0.6063942052048606,0.8711176,0.0,0.0,False,0.45246053351076126,0,0.034,0.1125933562428408
430381,湘乡市,0.7735267519901596,2,0.7100556369419262,0.547708168,0.7913821814814357,0.8426564,0.0,0.0,False,0.3243836446356341,0,0.104,0.2257237237237237
430112,望城区,0.7815315134472274,2,0.7322947539691097,0.610749128,0.8712794521739019,0.7559113,0.33666666666666667,0.0,False,0.15660573237919953,0,0.292,0.47505458638154185
431023,永兴县,0.7619460695114684,2,0.6894669053617449,0.485869176,0.7479345117170919,0.9222627000000001,0.0,0.0,False,0.21542985728182262,0,0.106,0.22869104477611937
430182,宁乡市,0.7777186499710879,2,0.7349890714181878,0.56231896,0.8925774582695924,0.8259924000000001,0.5033333333333333,0.0,False,0.2418372859485343,0,0.096,0.21547826086956523
430412,南岳区,0.7436511200381689,1,0.6089272092335728,0.43980387600000004,0.5095000191193754,0.9475255,0.0,0.0,False,0.33636867163798484,0,0.08,0.1924126455906822
431003,苏仙区,0.7559672104216854,2,0.6858406067722154,0.475916508,0.7557278480530439,0.9123538999999999,0.0,0.0,False,0.2501263543560054,0,0.174,0.32856564337034616
431021,桂阳县,0.7668260505161175,2,0.6982349926727609,0.5096125439999999,0.7672581803756534,0.8906068,0.0,0.0,False,0.330928266217049,0,0.048,0.14145565749235475
430481,耒阳市,0.7720852331334453,2,0.702641001741378,0.54410806,0.767421581925664,0.844302,0.0,0.0,False,0.2715283632999514,0,0.134,0.2709048951048951
431028,安仁县,0.7657223097760564,2,0.6553177976172323,0.5034808879999999,0.6182679731922924,0.9032798,0.0,0.0,False,0.30014569643837496,0,0.068,0.17521212121212124
430623,华容县,0.7842236671403158,2,0.7048259015067375,0.648856184,0.7602486599611473,0.7115253,0.0,0.0,False,0.13976968804707413,0,0.11,0.23331621423330887
431224,溆浦县,0.7480221026021894,1,0.6597640833640867,0.45628068,0.6748172125847592,0.9296751999999999,0.0,0.0,False,0.296915536942836,0,0.054,0.15127325581395348
430503,大祥区,0.7825268523822712,2,0.6836615285508424,0.616215748,0.6811018579515461,0.7628627,0.0,0.0,False,0.21412252091705428,0,0.102,0.2235648218347233
431022,宜章县,0.7600719995626,2,0.6756396828669675,0.48047104400000007,0.70245958991523,0.9248801,0.0,0.0,False,0.27898832057130124,0,0.098,0.21844101773323052
430407,石鼓区,0.7836622193864761,2,0.6864743293001935,0.648987956,0.6983251494902323,0.7141108,0.0,0.0,False,0.1435922349745808,0,0.07,0.1786142983230362
430781,津市市,0.7796184979913539,2,0.6747966278683912,0.625523696,0.671785560836179,0.731591,0.0,0.0,False,0.24840141437974414,0,0.252,0.42905300353356896
430181,浏阳市,0.7638511798856383,2,0.7251571586326818,0.481577804,0.9315747228196851,0.9206608,0.21333333333333335,0.0,False,0.09577520716146552,0,0.252,0.42905300353356896
431002,北湖区,0.7602688643497703,2,0.6951057848643766,0.479124808,0.7798945354190056,0.9241602,0.0,0.0,False,0.17899093737191865,0,0.092,0.21058749010292951
431026,汝城县,0.7538423419175185,2,0.6388666584068561,0.45450271200000003,0.5876314759393465,0.9576831000000001,0.0,0.0,False,0.1485208813689726,0,0.232,0.4023467306538692
430981,沅江市,0.7798380831317218,2,0.6855974724822709,0.645759992,0.7133965071402817,0.6998425,0.0,0.0,False,0.28185700679716214,0,0.054,0.15127325581395348
431228,芷江侗族自治县,0.7442757978332682,1,0.636775721777672,0.45900024799999994,0.6050319375063472,0.9095947,0.0,0.0,False,0.19986044592784077,0,0.148,0.28988346883468835
431223,辰溪县,0.749484811168922,2,0.6456447675747005,0.46444593599999995,0.622242978198395,0.9190975,0.0,0.0,False,0.26623955286516576,0,0.108,0.23110880829015545
430524,隆回县,0.7582990534580354,2,0.6759311811896022,0.493413176,0.7070966958367512,0.8924835999999999,0.0,0.0,False,0.31238466809140386,0,0.096,0.21547826086956523
431127,蓝山县,0.7576625290513704,2,0.6542509606495277,0.46961071200000004,0.6319413775430872,0.9407654000000001,0.0,0.0,False,0.2685273909324014,0,0.06,0.1612081784386617
430422,衡南县,0.7782148249318676,2,0.7044496674337187,0.5779756119999999,0.7561240840907785,0.8081362,0.0,0.0,False,0.2934869561977489,0,0.11,0.23331621423330887
431202,鹤城区,0.7547309098627765,2,0.6875458866284551,0.48143690800000005,0.7607042988272269,0.9026487999999999,0.0,0.0,False,0.2527195352126219,0,0.098,0.21844101773323052
430202,荷塘区,0.7757790482994665,2,0.6868279711229619,0.577424804,0.706409175884932,0.7981414,0.0,0.0,False,0.23153139461048525,0,0.1,0.2211935730680949
431302,娄星区,0.7782273334535083,2,0.7207908400283146,0.58499544,0.8231444057081915,0.7914314,0.0,0.0,False,0.24633142846827058,0,0.038,0.12112238147739803
431128,新田县,0.7719939352820956,2,0.6442408249755623,0.544268016,0.5749200171113621,0.8493158999999999,0.0,0.0,False,0.38657829987724956,0,0.054,0.15127325581395348
430111,雨花区,0.787740684966066,2,0.7539197512446418,0.600194816,0.9772039050200639,0.7863815,1.0,0.0,False,0.05731123843332188,0,0.218,0.38570257037943695
430511,北塔区,0.7773957474872067,2,0.6189390926814918,0.633212064,0.5202568775559602,0.7128052,0.0,0.0,False,0.14674162615691683,0,0.06,0.1612081784386617
430382,韶山市,0.7738884886053111,2,0.6518259577606943,0.548597728,0.5931118866634316,0.8492879,0.0,0.0,False,0.3111186826995166,0,0.12,0.24886657101865134
431381,冷水江市,0.7649024587827188,2,0.673711774763128,0.5571425999999999,0.698576277399263,0.7867381,0.0,0.0,False,0.2184830887828407,0,0.088,0.20417977528089887
430725,桃源县,0.7568523004387431,2,0.691109609491397,0.49257000399999995,0.7715681858188883,0.8833622,0.0,0.0,False,0.3026452832585952,0,0.08,0.1924126455906822
430102,芙蓉区,0.7898509840854232,3,0.7430758820557789,0.6678974120000001,0.903097591519569,0.7003556,0.9433333333333334,0.0,False,-0.032359308676816696,0,0.22,0.38758074344911636
431230,通道侗族自治县,0.738975755494837,1,0.6137219255459788,0.425004752,0.5291178814429922,0.9676516,0.0,0.08,False,0.061101297548160564,0,0.302,0.4861258351893096
430821,慈利县,0.7411302634990288,1,0.6502343313813296,0.44832818799999996,0.660652330572188,0.9150463,0.0,0.0,False,0.4707136305923325,0,0.032,0.10807476635514018
433124,花垣县,0.7386521860352706,1,0.6171783961664286,0.45626555600000007,0.5523965171562056,0.8964871000000001,0.0,0.0,False,0.33711362452608035,0,0.056,0.15522147651006712
430121,长沙县,0.783746717385423,2,0.748602175936978,0.57361862,0.9570976709234196,0.8196232,0.9666666666666667,0.0,False,0.11156756673335474,0,0.28,0.46150513112884844
433101,吉首市,0.727604509715035,1,0.6474902896983156,0.411173492,0.6766912049769945,0.9506211,0.0,0.0,False,0.2542502425623282,0,0.08,0.1924126455906822
430405,珠晖区,0.7794768464916101,2,0.689678388012104,0.627195944,0.7190944895102767,0.7282931,0.0,0.0,False,0.28232288924648696,0,0.102,0.2235648218347233
430603,云溪区,0.775065124566234,2,0.6903041300104596,0.579870796,0.7261634457996451,0.7848332,0.0,0.0,False,0.6175813718229919,0,0.016,0.06997881996974281
430902,资阳区,0.7794059779112612,2,0.677227757522255,0.625494632,0.6776122650356714,0.7332951,0.0,0.0,False,0.23957733436606235,0,0.066,0.1718972972972973
430822,桑植县,0.7123928254121202,1,0.6159536236449875,0.38359959600000004,0.5957856268559834,0.9497565,0.0,0.0,False,0.6222075421894209,0,0.012,0.05889983022071307
430204,石峰区,0.7814402637658565,2,0.706174524642547,0.60561148,0.7573053042251051,0.7726433000000001,0.0,0.0,False,0.1913022524129548,0,0.258,0.43618596491228073
430522,新邵县,0.7529108782153279,2,0.655884271632236,0.49039163999999996,0.658992220120755,0.8683777,0.0,0.0,False,0.26947144401137485,0,0.096,0.21547826086956523
430321,湘潭县,0.7754518209307496,2,0.7120133790706272,0.562326052,0.7933355824727428,0.8231556,0.0,0.0,False,0.3535721999224819,0,0.034,0.1125933562428408
431122,东安县,0.7565894285980883,2,0.6646292940690831,0.505219268,0.6812620636007879,0.8524285,0.0,0.0,False,0.3198696509409279,0,0.036,0.1168080808080808
431025,临武县,0.7609058862676619,2,0.6602121011898203,0.48698842,0.6456205475482552,0.9165294,0.0,0.0,False,0.2984513157647668,0,0.074,0.18379209621993126
430223,攸县,0.7650754205326947,2,0.6964819897789303,0.51056392,0.7668823499988223,0.8800552,0.0,0.0,False,0.32087952047754753,0,0.032,0.10807476635514018
430525,洞口县,0.7590912791415341,2,0.6676320180074881,0.500477776,0.676341966793693,0.8819354,0.0,0.0,False,0.36376730742605445,0,0.072,0.18053078924544666
430724,临澧县,0.7817715117403916,2,0.6859608958641366,0.614230108,0.6905117327268417,0.7626816000000001,0.0,0.0,False,0.2585862576311717,0,0.042,0.12889808917197454
431027,桂东县,0.744875035213167,1,0.6079155324745543,0.4299806359999999,0.4982841492516459,0.9769001,0.0,0.02,False,0.11691730626661091,0,0.222,0.39015319148936173
430922,桃江县,0.7575775958479617,2,0.6786354947052909,0.49273337599999995,0.7211431632838925,0.8875759,0.0,0.0,False,0.2826853820962646,0,0.106,0.22869104477611937
430681,汨罗市,0.7808021925980777,2,0.7083837006433358,0.596046216,0.7667236249394643,0.784369,0.0,0.0,False,0.2916635223309319,0,0.14,0.28048510048510056
430424,衡东县,0.7705216599353447,2,0.6916424088443355,0.537254628,0.7316295387404074,0.8520063,0.0,0.0,False,0.3926160854958052,0,0.052,0.14781907571288103
220284,磐石市,0.7828588437844204,2,0.6642636119173033,0.593322016,0.6223798802047958,0.7946001,0.0,0.0,False,0.20797934171348326,0,0.13,0.26466901408450705
220502,东昌区,0.7726084837357773,2,0.6671734122879953,0.504773364,0.6421070228289455,0.9250229999999999,0.0,0.0,False,0.10364872309066289,0,0.442,0.6424444444444445
220106,绿园区,0.8032592272032011,3,0.716142015234465,0.7117758879999999,0.7438701615993544,0.6941328,0.0,0.0,False,-0.015668121477081666,0,0.524,0.723440305635148
220402,龙山区,0.7973850117635759,3,0.6656920112185565,0.645139712,0.5945521262594134,0.7694879,0.0,0.0,False,0.20811292801034326,0,0.11,0.23331621423330887
220102,南关区,0.7892246630157265,3,0.7182713232204594,0.630025636,0.787088872387267,0.7524689,0.0,0.0,False,0.10008000112644706,0,0.812,0.9273018867924528
220303,铁东区,0.7981143326027793,3,0.6796058653698528,0.6137907119999999,0.6251272491117166,0.8228445999999999,0.0,0.0,False,0.1517585716542564,0,0.506,0.7039682386910491
220621,抚松县,0.7624319711383782,2,0.6466369328322391,0.46256022399999996,0.593834082728479,0.9771572,0.0,0.15333333333333332,False,0.02507214125419251,0,0.418,0.6178108384458078
220105,二道区,0.7935447024856676,3,0.6903087060478981,0.6532349120000001,0.6805609832051279,0.7406986999999999,0.0,0.0,False,0.06805192576921494,0,0.712,0.8918509532062391
220524,柳河县,0.7844509477547009,2,0.6512349892224547,0.5565140959999999,0.5663943534961131,0.8748625000000001,0.0,0.0,False,0.15956216529882283,0,0.482,0.6797375609756098
220184,公主岭市,0.8086196159229526,3,0.7215456089929091,0.7209374199999999,0.7437661726091606,0.7009460000000001,0.0,0.0,False,-0.005180271854529055,0,0.582,0.7840456663560111
220722,长岭县,0.8165953454165817,3,0.6951610444986305,0.7324717119999999,0.6397854185809484,0.7178043000000001,0.0,0.0,False,0.01974803211994512,0,0.59,0.7896712962962962
220322,梨树县,0.8097587281579822,3,0.6887374756466409,0.724739108,0.6436022652786255,0.7009367,0.0,0.0,False,-0.004025430062962971,0,0.574,0.7754364485981309
220503,二道江区,0.7513754214690646,2,0.5884974329332258,0.504658344,0.4770585529036798,0.8085833,0.0,0.5166666666666667,False,-0.10526664471138915,0,0.248,0.42424142011834315
220103,宽城区,0.7989395513659846,3,0.7004252312270334,0.710715372,0.7126889682138361,0.6785723,0.0,0.0,False,-0.024973381630621003,0,0.664,0.8550663697104677
220723,乾安县,0.8121923241033341,3,0.6619200935122229,0.7218984159999999,0.56193752063282,0.7137004,0.0,0.0,False,0.000697830850022803,0,0.928,0.9688869628024558
220282,桦甸市,0.7712059672231296,2,0.6503882965234055,0.5117364600000001,0.5905783766811286,0.9077313,0.0,0.0,False,0.19373114819200613,0,0.242,0.4156993464052287
220681,临江市,0.7623796072616328,2,0.607537456759356,0.461394992,0.4631099016617184,0.9795725000000001,0.0,0.10333333333333333,False,0.035864406459379244,0,0.566,0.7678582824964805
220582,集安市,0.7621604770050295,2,0.6317544264035121,0.468334912,0.5477428130365991,0.9589316,0.0,0.0,False,0.0983520550285257,0,0.342,0.5330037735849057
220302,铁西区,0.8098536186608416,3,0.66972040202718,0.7296370080000001,0.5916262412874307,0.6958561,0.0,0.0,False,-0.007978933283942174,0,0.554,0.7544107395195478
220521,通化县,0.770154277828382,2,0.643360232592596,0.4911496719999999,0.5685579285455294,0.9453107000000001,0.0,0.0,False,0.08312176635818548,0,0.348,0.5388687734333155
220605,江源区,0.7637615452337613,2,0.637989488974047,0.470068752,0.5622839294165456,0.9662772999999999,0.0,0.10666666666666667,False,0.038738627232369385,0,0.452,0.652061876247505
220721,前郭尔罗斯蒙古族自治县,0.8086734446545439,3,0.6886952198632951,0.712206372,0.6429584578171493,0.7138033000000001,0.0,0.0,False,-0.00238912114728725,0,0.978,0.9917215012276395
220113,九台区,0.7919588832732477,3,0.6899109282451832,0.668791984,0.6913070725903667,0.7104042,0.0,0.0,False,0.050852383640053525,0,0.23,0.3993573573573574
220821,镇赉县,0.8108032362224594,3,0.6633141054977502,0.716815472,0.5697366709919843,0.7137469,0.0,0.0,False,-0.018044583413649957,0,0.744,0.9106282811176969
220182,榆树市,0.798490736366875,3,0.6986998084840493,0.6975486879999999,0.7001138390327916,0.6984401,0.0,0.0,False,-0.0037921185014301866,0,0.636,0.8327336956521739
220283,舒兰市,0.7815286445233125,2,0.6642977988959146,0.564814652,0.6151357344502655,0.8464633,0.0,0.0,False,0.25113333271862814,0,0.228,0.3968380493678507
222401,延吉市,0.7736374365755326,2,0.6968136918317525,0.508655904,0.7418628577499918,0.9220603,0.0,0.0,False,0.11145145477633374,0,0.362,0.5560797024442082
220822,通榆县,0.8299305231877008,4,0.687833900719399,0.7477478399999999,0.5807351341951908,0.7517688,0.0,0.82,False,0.17945787981545447,0,0.202,0.3656743894802756
220183,德惠市,0.8009936350777085,3,0.7000550597385327,0.705520268,0.6983437688858918,0.6963455,0.0,0.0,False,-0.006812744811860954,0,0.676,0.8620714600794
220881,洮南市,0.825312951757718,3,0.680096657704134,0.7495555999999999,0.5765969546957181,0.7289762,0.0,0.2733333333333333,False,0.11393219248977238,0,0.16,0.30673740053050397
222406,和龙市,0.7666068014130643,2,0.609520509919412,0.477133404,0.46411691290472395,0.9624086999999999,0.0,0.07333333333333333,False,0.040865220824563626,0,0.518,0.7172116858237548
222403,敦化市,0.7666517976794563,2,0.6635101852579308,0.48854527999999997,0.6422310966458652,0.9374733000000001,0.0,0.0,False,0.12476171958687823,0,0.206,0.3710566978193146
220202,昌邑区,0.7906586491778752,3,0.6794549308315584,0.6487586679999999,0.6557091089944845,0.7379581,0.0,0.0,False,0.1288968200444221,0,0.144,0.2839727148703956
220211,丰满区,0.7651292903282831,2,0.6291586439473875,0.529628828,0.5561148722099754,0.8332212,0.0,0.0,False,0.2960017117429274,0,0.19,0.350089228808158
220221,永吉县,0.7763940742091283,2,0.629730622864393,0.579537944,0.5401642197014321,0.7895693,0.0,0.0,False,0.21602376322536304,0,0.094,0.21297335423197494
220523,辉南县,0.7858539317829131,2,0.6556526560589456,0.57425522,0.5796321137413761,0.8468168,0.0,0.0,False,0.24335507288401573,0,0.218,0.38570257037943695
220581,梅河口市,0.7973098733827859,3,0.7052551269123459,0.652717268,0.710246131442124,0.7583340000000001,0.0,0.0,False,0.18290623164409137,0,0.14,0.28048510048510056
220382,双辽市,0.8053624012340704,3,0.6602927969750795,0.738845812,0.5884757592727519,0.6616535,0.0,0.7033333333333334,False,0.07829322567487311,0,0.424,0.6254
222405,龙井市,0.7729156100181924,2,0.6065229495375288,0.515665016,0.45317357854388857,0.9045586,0.0,0.0,False,0.12612196192177488,0,0.396,0.59472
220281,蛟河市,0.7688473902037681,2,0.6455634498594005,0.511344032,0.5824893660019032,0.8970992,0.0,0.0,False,0.26069816871837986,0,0.094,0.21297335423197494
220104,朝阳区,0.8037913869078773,3,0.6924897640865146,0.70750728,0.6665468024328477,0.7043547000000001,0.0,0.0,False,0.0007704322287344241,0,0.472,0.6698831615120274
220602,浑江区,0.7621343476551125,2,0.6544601034034961,0.47671700799999994,0.6265593432563755,0.9365751,0.0,0.0,False,0.08383040465076917,0,0.57,0.7714747191011235
220421,东丰县,0.7936836416314831,3,0.6777734942924031,0.6377565119999999,0.6389344677296794,0.7654129,0.0,0.0,False,0.1981303148686788,0,0.086,0.20131659919028339
220403,西安区,0.8011669530480682,3,0.6341819116824186,0.658622504,0.49906710032075813,0.7657765000000001,0.0,0.0,False,0.15951760558763772,0,0.26,0.43828571428571433
220623,长白朝鲜族自治县,0.7639132540480227,2,0.6076350919690652,0.46320383200000004,0.4610112723831869,0.9806199000000001,0.0,0.14333333333333334,False,0.013870943784693453,0,0.814,0.9273018867924528
222402,图们市,0.7633128461772549,2,0.5902647720423021,0.494818336,0.4242837674043493,0.9015359,0.0,0.0,False,0.07283747062127247,0,0.318,0.5059647771051183
222404,珲春市,0.7623354604158299,2,0.6452485150003485,0.47847702799999997,0.5943275117484633,0.9358045,0.0,0.0,False,0.09797827514022546,0,0.378,0.5748542872172541
220702,宁江区,0.8057353509878299,3,0.7090524744330797,0.70868894,0.7112911255967386,0.7071861,0.0,0.0,False,0.004099969072462784,0,0.978,0.9917215012276395
220622,靖宇县,0.763861994639503,2,0.6284394232903976,0.47204792799999995,0.5312648733473575,0.9617685,0.0,0.04,False,0.07375421192570936,0,0.284,0.46676748152359293
220204,船营区,0.7899432158195884,3,0.6864861621034137,0.619073436,0.6689320284126727,0.7838761000000001,0.0,0.0,False,0.21149464539087007,0,0.19,0.350089228808158
220781,扶余市,0.8041496332976323,3,0.6836332290633815,0.711210704,0.6413599800042471,0.7007405,0.0,0.0,False,0.0002703540218678512,0,0.92,0.964715270221255
220112,双阳区,0.7956992431145774,3,0.6754590227315955,0.675260776,0.6362621176348116,0.7174984999999999,0.0,0.0,False,0.05395889955592028,0,0.31,0.4962403100775194
220323,伊通满族自治县,0.7990277981548557,3,0.6631271549830706,0.65588054,0.584636491656825,0.7602964000000001,0.0,0.0,False,0.13094992736918573,0,0.438,0.6395242424242424
220802,洮北区,0.8116162894492306,3,0.6912777746176052,0.7462165239999999,0.6565575281051785,0.6750801,0.0,0.31333333333333335,False,0.05702839497690948,0,0.482,0.6797375609756098
222424,汪清县,0.7641356731792798,2,0.6236425276558486,0.47046741999999997,0.5138574739936157,0.9676526000000001,0.0,0.09666666666666666,False,0.05850336340267504,0,0.242,0.4156993464052287
220422,东辽县,0.7966034468900827,3,0.6640530281636761,0.6333976159999999,0.5890801282125889,0.7853202,0.0,0.0,False,0.2171699571463296,0,0.21,0.37661910669975185
220882,大安市,0.8121096623687228,3,0.6711244362075756,0.723522816,0.5883635174114684,0.7101041,0.0,0.0,False,-0.006828812375832885,0,0.82,0.9296549019607843
220203,龙潭区,0.7851738586358659,2,0.7065413529160771,0.608083224,0.7495202157336678,0.7787048000000001,0.0,0.0,False,0.17763173750337483,0,0.21,0.37661910669975185
222426,安图县,0.7643646548751087,2,0.6121510911259532,0.47370058000000004,0.47771395061946637,0.9596826999999999,0.0,0.11666666666666667,False,0.037701720108998464,0,0.398,0.5961751295336788
220122,农安县,0.8061148464793615,3,0.7106572176387949,0.7149665399999999,0.7159813010147299,0.7011642,0.0,0.0,False,-0.0012337772447981042,0,0.98,0.9927049754730203
320582,张家港市,0.8021370793677844,3,0.7585448791378984,0.690285188,1.0,0.6824079999999999,1.0,0.0,False,0.01514154482722692,0,0.81,0.9273018867924528
320303,云龙区,0.8108739428474818,3,0.7323412449655959,0.72378618,0.773696667067255,0.7026965000000001,0.2633333333333333,0.0,False,-0.002791602799259529,0,0.792,0.9247463651050081
320411,新北区,0.8122384166831289,3,0.7700161629356316,0.721516488,0.9564588956868969,0.6968278,1.0,0.08666666666666667,False,-0.030013412323690175,0,0.624,0.8233610223642173
320803,淮安区,0.8148232843954151,3,0.7513682808723472,0.736873044,0.8342129978969453,0.6965760000000001,1.0,0.0,False,-0.007021650770354262,0,0.214,0.38025445605408725
320206,惠山区,0.8109657078672439,3,0.7606497168227612,0.721653208,0.893180317282068,0.6997488,1.0,0.0,False,-0.014697655295418308,0,0.622,0.8218473491773309
320583,昆山市,0.8125543960769505,3,0.767764450687588,0.700210656,1.0,0.6981978,1.0,0.7433333333333333,False,-0.023329842460373597,0,0.918,0.964715270221255
320685,海安市,0.8143094630672948,3,0.7462634328775569,0.7348795800000001,0.8137172606379395,0.6991645,1.0,0.0,False,-0.0005702429926620196,0,0.866,0.9458680738786279
320703,连云区,0.8015161508440851,3,0.7002065394520736,0.690972112,0.7069447231462413,0.702834,0.0,0.0,False,0.08552862132634353,0,0.88,0.9485756897837434
320722,东海县,0.8149177313678317,3,0.74840480093456,0.741499524,0.8269877503852895,0.6895122,1.0,0.0,False,-0.0008695141245341267,0,0.946,0.9777623974313234
320614,海门区,0.8053787311569005,3,0.4798716395829231,0.713115796,0.0,0.6996462000000001,0.0,0.0,False,0.12122116143088943,0,0.202,0.3656743894802756
320302,鼓楼区,0.813242384637145,3,0.7602583516439907,0.728112248,0.8784553231786986,0.7006972,1.0,0.0,False,0.0007098995810792463,0,0.886,0.9507891610987379
320116,六合区,0.7972539011260332,3,0.721346159731033,0.71148958,0.8018405869793015,0.6618485000000001,0.0,0.0,False,-0.010552210844826274,0,0.486,0.6843770092547492
320114,雨花台区,0.805066647767286,3,0.7512177338692454,0.699001256,0.8722337162478734,0.7082506,1.0,0.0,False,0.05810632619006678,0,0.378,0.5748542872172541
320831,金湖县,0.7931613841102295,3,0.7076233884187273,0.673975156,0.7588286756534122,0.6940195,0.0,0.0,False,0.5485620846213957,0,0.086,0.20131659919028339
320118,高淳区,0.7939968426434133,3,0.7215940157408376,0.672556412,0.7970369466555592,0.7044436,0.0,0.0,False,0.30031123973131174,0,0.174,0.32856564337034616
320581,常熟市,0.8047446284361228,3,0.7633001535714861,0.696001016,0.9912733511782783,0.6923108,1.0,0.0,False,0.026219026327323855,0,0.486,0.6843770092547492
320724,灌南县,0.8153022805060863,3,0.7349668003755717,0.742251244,0.774306162496632,0.6924539,0.5333333333333333,0.0,False,0.0049923380213555925,0,0.664,0.8550663697104677
320381,新沂市,0.8097597810020384,3,0.748810731005381,0.724087488,0.8503478555254025,0.6908822,1.0,0.0,False,0.004339736130146445,0,0.992,0.9968272506082725
320925,建湖县,0.8153081937004049,3,0.7497663203621026,0.73653388,0.8257068643210063,0.6984714000000001,1.0,0.0,False,0.002557108595163647,0,0.976,0.9907359550561797
321283,泰兴市,0.8113893449718009,3,0.7618083041962924,0.729052548,0.9078309524807641,0.6885891,1.0,0.0033333333333333335,False,-0.01575573197739439,0,0.79,0.9242776203966007
320105,建邺区,0.7937400449108053,3,0.7412964114687401,0.669373288,0.8955122057711524,0.6978149,0.8966666666666666,0.0,False,0.1852942110059589,0,0.512,0.7099242206235012
321012,江都区,0.8129218368724748,3,0.7626581927338134,0.7274182039999999,0.8966539381262755,0.6978523,1.0,0.0,False,-0.014216466026286269,0,0.106,0.22869104477611937
321203,高港区,0.809290819489407,3,0.7566322173204485,0.716672764,0.884674990931937,0.6983566,1.0,0.0,False,0.02190450895507368,0,0.672,0.8592445820433438
321324,泗洪县,0.7979636399695201,3,0.7295050682225382,0.683961364,0.8185371067339572,0.6987487,0.10666666666666667,0.0,False,0.438803953954486,0,0.06,0.1612081784386617
320117,溧水区,0.8009738347682073,3,0.7478768857231062,0.673240168,0.870243833355243,0.7276899,1.0,0.0,False,0.16358323422810003,0,0.364,0.5585583864118896
320305,贾汪区,0.7986885149524138,3,0.7086523725829786,0.7279216,0.7582595868479335,0.6465373,0.0,0.47333333333333333,False,0.012355348652274712,0,0.816,0.9273018867924528
321002,广陵区,0.8056005414784447,3,0.7486851465261659,0.7076142999999999,0.8641506099130525,0.6975916,1.0,0.0,False,0.09634079426306608,0,0.274,0.4544658634538153
320106,鼓楼区,0.8044030940145964,3,0.7613777969829231,0.694499684,0.9516629782633532,0.7016323000000001,1.0,0.0,False,0.051632783182361565,0,0.588,0.7880890125173852
321084,高邮市,0.7957930442130635,3,0.7378490941245481,0.67597926,0.8696407506262214,0.6961321,0.7366666666666667,0.0,False,0.24590266245579967,0,0.468,0.6668250369640217
320211,滨湖区,0.7628824999934817,2,0.7046551839822484,0.566778308,0.8747240653731744,0.7198258000000001,0.0,0.0,False,1.3903375421546462,0,0.068,0.17521212121212124
321202,海陵区,0.8127622974369321,3,0.7489668244750481,0.7302078999999999,0.8308839309554252,0.6985291,1.0,0.0,False,0.0028479195928607336,0,0.572,0.7734574368568755
320903,盐都区,0.8145131701248799,3,0.7486949320181806,0.735213352,0.8257588897328869,0.6967669,1.0,0.0,False,0.016433726514812244,0,0.58,0.7817156177156177
321111,润州区,0.793820849963895,3,0.6962138906441522,0.670650596,0.7127263072144004,0.7062168000000001,0.0,0.0,False,0.2207398939166007,0,0.456,0.6555425161611139
321081,仪征市,0.8097860226774888,3,0.7542392387995124,0.7218686919999999,0.8680089733866581,0.6965889000000001,1.0,0.0,False,-0.00869529482253235,0,0.39,0.5881533646322379
321102,京口区,0.8009448795917394,3,0.7272478686455884,0.703788896,0.7991601427381193,0.6871881,0.006666666666666667,0.0,False,0.0918482391007326,0,0.308,0.49413318534961154
320923,阜宁县,0.8165084477543537,3,0.7508160661287694,0.740795184,0.8249660925463103,0.6979405999999999,1.0,0.0,False,-0.0001181805740544405,0,0.908,0.9604932308818149
321302,宿城区,0.8063517578279682,3,0.7297350773719936,0.7230730559999999,0.7909261711365682,0.6822463,0.14333333333333334,0.0,False,0.029488903519182437,0,0.462,0.6605548961424332
320904,大丰区,0.8110646931376256,3,0.7473955895613598,0.7250247320000001,0.8381260767604156,0.6941886,1.0,0.0,False,0.017042125579959187,0,0.88,0.9485756897837434
321182,扬中市,0.7920779109263629,3,0.7197648764019148,0.6681641119999999,0.8052304300901787,0.697309,0.0,0.0,False,0.07980899283500488,0,0.92,0.964715270221255
320613,崇川区,0.7883744754027738,2,0.4669980041632327,0.660120328,0.0,0.6998262000000001,0.0,0.0,False,0.0974564800957404,0,0.902,0.9580022042615725
320282,宜兴市,0.7956637456238665,3,0.7559572343048371,0.640249236,0.9687310745173292,0.7406052,1.0,0.0,False,0.5755543859854029,2,0.008,0.04758847736625514
320404,钟楼区,0.8108486543410344,3,0.7532041203206326,0.724731088,0.8553557293412642,0.6988656,1.0,0.0,False,-0.005958579186794281,0,0.88,0.9485756897837434
320205,锡山区,0.8106287419607426,3,0.760080627285768,0.720081836,0.8915889626075295,0.7005694,1.0,0.0,False,-0.017146536103068946,0,0.158,0.3035069767441861
320324,睢宁县,0.8141812079317586,3,0.7477015798097848,0.735521088,0.819676781973883,0.6981305,1.0,0.0,False,-0.002416933548833516,0,0.948,0.9777623974313234
320321,丰县,0.8114938578092715,3,0.7367351094979596,0.7315565279999999,0.7891775349371205,0.694988,0.7,0.0,False,-0.013311587456460895,0,0.666,0.8553558418480676
320723,灌云县,0.8114466121792635,3,0.7270946567651635,0.735406104,0.7647264529386754,0.6848898,0.0033333333333333335,0.0,False,0.022388133985888698,0,0.646,0.8427734657039712
320826,涟水县,0.8178390427883887,3,0.7523588419882855,0.7451057240000001,0.8245262893870132,0.6984992000000001,1.0,0.0,False,-0.005885505468847332,0,0.876,0.9485078651685394
320104,秦淮区,0.8103337615753549,3,0.7630997509817661,0.719425076,0.9103618902358955,0.6996997,1.0,0.0,False,-0.030473828439575017,0,0.404,0.6011137416366444
320830,盱眙县,0.800924540920849,3,0.7269226178342458,0.683855816,0.788462571664233,0.7150599,0.0,0.0,False,0.3515296261112815,0,0.044,0.132366285119667
320111,浦口区,0.7999253473630611,3,0.7234204802103398,0.693325156,0.7835823191361765,0.6990691,0.0,0.0,False,0.06507895035009661,0,0.4,0.5973140495867769
320214,新吴区,0.8143386098127178,3,0.774291160117489,0.7249395240000001,0.9779000373116643,0.6980462000000001,1.0,0.6433333333333333,False,-0.15087790878227586,0,0.104,0.2257237237237237
320921,响水县,0.8099535082857352,3,0.7297815440617335,0.723641612,0.7764835080533766,0.6933513,0.10333333333333333,0.0,False,0.06172822759240545,0,0.708,0.8899252173913044
320623,如东县,0.8074948641245343,3,0.7576347402361348,0.708877252,0.9030569390609734,0.6988287,1.0,0.0,False,0.077208954205661,0,0.468,0.6668250369640217
320281,江阴市,0.8165808580996442,3,0.7725526717235189,0.712076156,1.0,0.6997242,1.0,0.8766666666666667,False,0.012954247461187498,0,0.86,0.944627659574468
321322,沭阳县,0.8190729204841848,3,0.7704361492159831,0.74424608,0.9057862905433992,0.6982946,1.0,0.09,False,-0.03509747162528219,0,0.538,0.7395901093675702
320311,泉山区,0.8074177706642013,3,0.7405478473371044,0.704251736,0.8144955078688731,0.7123847000000001,0.9766666666666667,0.0,False,-0.013209815425018026,0,0.85,0.9389950324799389
320981,东台市,0.8110094130313927,3,0.7564245977284689,0.720434708,0.8767369831022344,0.6986896,1.0,0.0,False,0.01223279604455277,0,0.972,0.9891066525871173
320213,梁溪区,0.811932482042185,3,0.7671440580254532,0.7174472080000001,0.9232828031493918,0.7063767999999999,1.0,0.0,False,-0.03832984788046489,0,0.152,0.29432819825853984
321282,靖江市,0.8014075814766844,3,0.7485482867663146,0.698275868,0.8953864079180386,0.6885458,1.0,0.0,False,0.003593577706079771,0,0.986,0.993560822586267
320312,铜山区,0.8085548487111736,3,0.7566078889404361,0.72820632,0.9030750084541532,0.6781395,1.0,0.3566666666666667,False,0.01247529469654768,0,0.772,0.9188997555012225
321181,丹阳市,0.8120603691052198,3,0.7650291964058621,0.7247441,0.9134168445173554,0.6983401,1.0,0.013333333333333334,False,-0.05279803770506083,0,0.336,0.5270623982637005
320706,海州区,0.8154518485276107,3,0.7353939823176573,0.7351148160000001,0.772319113842,0.7017655,0.59,0.0,False,0.01655432743008849,0,0.642,0.839449118046133
320509,吴江区,0.7970071738623817,3,0.7546225378369742,0.6712319999999999,0.9708359330573336,0.699781,1.0,0.0,False,0.28623149111394075,0,0.05,0.14397410358565738
320412,武进区,0.8022815583028267,3,0.7607517267437753,0.682720656,1.0,0.6962261,1.0,0.0,False,0.09481416523982827,0,0.23,0.3993573573573574
320413,金坛区,0.8029785775034552,3,0.7528770236406,0.69132912,0.8957825780104217,0.707254,1.0,0.0,False,0.0518769583074652,0,0.734,0.9064476719350706
320322,沛县,0.8127650900110097,3,0.7573459542124017,0.730775736,0.8690608413177036,0.6959458000000001,1.0,0.0,False,-0.019238382438230436,0,0.574,0.7754364485981309
320402,天宁区,0.8094547842303995,3,0.7518750657970482,0.722940496,0.8592769457373292,0.6945487,1.0,0.0,False,0.002852503993780332,0,0.814,0.9273018867924528
320507,相城区,0.7928472722205675,3,0.7372377965644389,0.668884788,0.8799655915145193,0.6956505,0.6633333333333333,0.0,False,0.31720238147022534,0,0.276,0.455952
320922,滨海县,0.8164619302688377,3,0.7454835328050677,0.742785696,0.807011420830648,0.6948746,0.9966666666666667,0.0,False,0.0025681728200138304,0,0.91,0.9612020460358056
320506,吴中区,0.7522783575721047,2,0.7011951185092967,0.541464512,0.9232728131260708,0.7107954000000001,0.0,0.0,False,1.6486414444409285,0,0.036,0.1168080808080808
321112,丹徒区,0.7946967758739403,3,0.7121453083035303,0.693882128,0.7725200867643741,0.675538,0.0,0.0,False,0.09681937238141701,0,0.322,0.5103629385964913
320902,亭湖区,0.8168263772611661,3,0.7492549180786192,0.743130592,0.8190392082545173,0.6958847,1.0,0.0,False,-0.0008972753805160892,0,0.738,0.9078970212765958
320813,洪泽区,0.7779271154084746,2,0.6917653373103139,0.626841312,0.7600131143499289,0.6964410999999999,0.0,0.0,False,0.7808881324389101,0,0.196,0.35817699115044244
320481,溧阳市,0.8061365789549173,3,0.7622538051852055,0.683851432,0.918032377792548,0.7303624,1.0,0.0,False,0.08432824546533442,0,0.108,0.23110880829015545
321281,兴化市,0.8144514468191086,3,0.7609423441627748,0.731641032,0.8807382627454192,0.6979563,1.0,0.0,False,0.009113019277373787,0,0.676,0.8620714600794
320681,启东市,0.7995717589451886,3,0.7497225412135637,0.687433564,0.9088951995931288,0.6956173,1.0,0.0,False,0.030399020789123953,0,0.982,0.9932765363128492
320612,通州区,0.8112060002899733,3,0.7617218687414334,0.7230692759999999,0.9013615671140067,0.6970396,1.0,0.0,False,-0.013388163238663145,0,0.288,0.47093212669683254
320113,栖霞区,0.8014551855928557,3,0.7561399839528148,0.6867798439999999,0.9349696090764297,0.7018683,1.0,0.0,False,0.06732139940233675,0,0.596,0.796963922294172
320585,太仓市,0.7971643861889633,3,0.7492842804840467,0.683390524,0.9315200618014265,0.687791,1.0,0.0,False,-0.07165271823254597,0,0.636,0.8327336956521739
320102,玄武区,0.8057417249303293,3,0.7600187384015851,0.664952048,0.8940981146461682,0.7595194,1.0,0.0,False,0.07484227290349516,0,0.638,0.8349741964689905
321003,邗江区,0.8025110459533847,3,0.7508385284145681,0.69746054,0.8967537606014,0.6948692000000001,1.0,0.0,False,0.13436093821770392,0,0.3,0.4842546063651591
321023,宝应县,0.8116824593576868,3,0.7529047529849725,0.724167808,0.8552603766109073,0.6986521,1.0,0.0,False,0.08925861089607817,0,0.086,0.20131659919028339
320382,邳州市,0.814506129177632,3,0.7633636944592609,0.734696052,0.8933132404067334,0.6947617,1.0,0.0,False,0.013148515819069777,0,0.738,0.9078970212765958
320115,江宁区,0.8115109219244474,3,0.7745959236646428,0.691596092,1.0,0.7265613000000001,1.0,0.0,False,-0.04061802886646469,0,0.288,0.47093212669683254
321183,句容市,0.8027255067951606,3,0.739990171814954,0.694872108,0.8336267376013335,0.7063579,0.9266666666666666,0.0,False,0.019793966566432186,0,0.53,0.7299809433063363
320812,清江浦区,0.8111434634292246,3,0.7444783492190656,0.730653784,0.824852906712966,0.6902549,0.9933333333333333,0.0,False,0.015644521037563353,0,0.132,0.2676100981767181
320707,赣榆区,0.815811595186587,3,0.7499276174942758,0.738649944,0.8284413420794361,0.6950847,1.0,0.0,False,0.015642975948858703,0,0.816,0.9273018867924528
321204,姜堰区,0.8140374229855216,3,0.7538365728427173,0.733449876,0.8463304270071116,0.6982301,1.0,0.0,False,-0.0050103225422250515,0,0.696,0.879045871559633
320924,射阳县,0.8115488645025907,3,0.7436742816510329,0.73338876,0.8252157519891228,0.6853948,0.9866666666666667,0.0,False,0.011656134650285947,0,0.846,0.9374419317746263
320505,虎丘区,0.7881300346110044,2,0.7418744951300175,0.640043944,0.9379559732619086,0.7105249,0.8766666666666667,0.0,False,0.90309548154422,0,0.012,0.05889983022071307
321311,宿豫区,0.7975568392216194,3,0.7140857398953461,0.6907391239999999,0.7669710405246167,0.6887257,0.0,0.0,False,0.12699298333622608,0,0.634,0.8323769300635786
320508,姑苏区,0.8089776761069088,3,0.7515337000603326,0.71896874,0.8563735729913936,0.6991845999999999,1.0,0.0,False,-0.010430179726816702,3,0.006,0.04189855072463768
321323,泗阳县,0.8036385224236395,3,0.7364561188867111,0.701087292,0.8226207258788845,0.6980284,0.6533333333333333,0.0,False,0.2505229823868431,0,0.152,0.29432819825853984
320804,淮阴区,0.8102658906766576,3,0.7421929414269256,0.727661208,0.8192903875439582,0.6907658,0.97,0.0,False,0.034599404946608944,0,0.26,0.43828571428571433
320682,如皋市,0.814714656747311,3,0.7679104276424552,0.731274288,0.9161891792656943,0.6985649,1.0,0.0033333333333333335,False,-0.023818746254596606,0,0.628,0.826752276867031
360731,于都县,0.7747696834100295,2,0.6946782135910368,0.519365096,0.7312045264159008,0.9025677999999999,0.0,0.0,False,0.22902427541133222,0,0.142,0.28195192307692307
360121,南昌县,0.7904846951311392,3,0.7412485303222067,0.6663295,0.8992842827300201,0.6988656,0.8833333333333333,0.0,False,0.13657916204146345,0,0.09,0.20748803827751197
360429,湖口县,0.771331364074165,2,0.6777497908956823,0.607493972,0.7189130290374656,0.7132649999999999,0.0,0.0,False,1.1741467078742396,0,0.01,0.05294871794871795
361023,南丰县,0.7631265801342108,2,0.6648638561271771,0.48337254799999996,0.655217001620027,0.9340604,0.0,0.0,False,0.1697315045565651,0,0.18,0.3361627906976744
361025,乐安县,0.7641560407673198,2,0.6363047741425519,0.49348542,0.55966919877764,0.9179557,0.0,0.0,False,0.29448054242204613,0,0.042,0.12889808917197454
360313,湘东区,0.7624603558585419,2,0.6590637286460095,0.496054568,0.6376622037543788,0.9056538,0.0,0.0,False,0.28029396227379527,0,0.054,0.15127325581395348
361130,婺源县,0.7614802284081299,2,0.6606100119683128,0.4648553,0.6460104111119603,0.9648941999999999,0.0,0.01,False,0.12018880019727857,0,0.118,0.24559971202303815
360481,瑞昌市,0.7672864755816249,2,0.6827367812017815,0.504904884,0.7106390297056452,0.8997232000000001,0.0,0.0,False,0.6130883661694925,0,0.016,0.06997881996974281
361022,黎川县,0.7595926300550179,2,0.6435834686871388,0.47159025599999993,0.5916876499641222,0.9442683000000001,0.0,0.0,False,0.17660008934424304,0,0.15,0.29241402562373564
361123,玉山县,0.768336962604419,2,0.683292450108998,0.49986746800000004,0.7092989540061696,0.9154188000000001,0.0,0.0,False,0.4125269537914796,0,0.032,0.10807476635514018
360425,永修县,0.7737888953981666,2,0.6858516085994665,0.567161032,0.7137508361353442,0.8008791,0.0,0.0,False,0.8633224788625332,0,0.018,0.07552685050798258
360103,西湖区,0.7877770753754044,2,0.7373240654360287,0.65808976,0.8934604312908494,0.6997201,0.66,0.0,False,0.21595306210204807,0,0.11,0.23331621423330887
361024,崇仁县,0.7706864890850976,2,0.6645573268276014,0.525486424,0.6380852198884533,0.878767,0.0,0.0,False,0.35088750890668685,0,0.056,0.15522147651006712
360704,赣县区,0.7636730188136246,2,0.6775844633421036,0.491206416,0.7055246454551264,0.9080807000000001,0.0,0.0,False,0.11670404289015728,0,0.106,0.22869104477611937
361021,南城县,0.7601349077941372,2,0.6631054829915639,0.484464424,0.6594697013419635,0.9150291,0.0,0.0,False,0.25512382578743276,0,0.09,0.20748803827751197
360404,柴桑区,0.7769937236791296,2,0.683802171102543,0.584666464,0.7014693863987073,0.7821053,0.0,0.0,False,0.977906310539739,2,0.006,0.04189855072463768
360104,青云谱区,0.7928856890290301,3,0.7111933549124627,0.681572328,0.7585099604882503,0.6969117,0.0,0.0,False,0.08394062216473198,0,0.08,0.1924126455906822
360111,青山湖区,0.7910334959857771,3,0.7238222554529294,0.67576178,0.8138013124054783,0.6945164,0.0,0.0,False,0.11209727922694837,0,0.074,0.18379209621993126
360730,宁都县,0.7708136189989782,2,0.6831221177018084,0.504442948,0.6998703852127549,0.9196106,0.0,0.0,False,0.1801909126607042,0,0.234,0.40532893948472143
360281,乐平市,0.7859991286501199,2,0.7122158293352298,0.575621332,0.7587167873159406,0.8410525,0.0,0.0,False,0.4410667439523132,0,0.03,0.10449397590361445
360802,吉州区,0.78293655937114,2,0.6931643296223191,0.622576772,0.7129128349360947,0.7520298999999999,0.0,0.0,False,0.2786028344239677,0,0.044,0.132366285119667
360502,渝水区,0.7766450366584438,2,0.7198416007839458,0.584840456,0.8293184909666612,0.7825908,0.0,0.0,False,0.2732414918234662,0,0.04,0.12488120950323973
360783,龙南市,0.7665771017306319,2,0.6713388847454501,0.48088887999999996,0.6698305249176001,0.9531257,0.0,0.0,False,0.08933895695536508,0,0.368,0.5637986221515633
360781,瑞金市,0.7745957323230618,2,0.6763596810123805,0.507576512,0.6667332703995783,0.9293705,0.0,0.0,False,0.13749563794579778,0,0.296,0.4796726457399103
360734,寻乌县,0.7715622136879368,2,0.6584838961346688,0.489895652,0.6142991952543946,0.9543559,0.0,0.0,False,0.0845667649527838,0,0.404,0.6011137416366444
361102,信州区,0.7890259550970196,3,0.7146545039093151,0.600196088,0.7593780536588479,0.8098175,0.0,0.0,False,0.42590190248168647,0,0.014,0.06434658187599365
360823,峡江县,0.7650852145396604,2,0.6431048777198735,0.509275488,0.5825834909631762,0.8884314000000001,0.0,0.0,False,0.35841477545267514,0,0.062,0.16414102564102565
360322,上栗县,0.7657629496702215,2,0.6651909898820934,0.531416092,0.6578130071758383,0.8431472,0.0,0.0,False,0.26335179180412754,0,0.104,0.2257237237237237
360602,月湖区,0.7910983869374272,3,0.6790528782057986,0.669890236,0.6587495976769665,0.7096979999999999,0.0,0.0,False,0.17152577929253354,0,0.036,0.1168080808080808
360981,丰城市,0.7772823779792487,2,0.7154507335253557,0.594705364,0.816267716756801,0.7640666,0.0,0.0,False,0.24030520116830573,0,0.072,0.18053078924544666
360203,珠山区,0.7836325008684445,2,0.6955339290328099,0.5615372,0.7072614856264505,0.8592605,0.0,0.0,False,0.35591338307531767,0,0.08,0.1924126455906822
360735,石城县,0.7709112108983552,2,0.6487241407625061,0.493313232,0.5834975104646961,0.9453091,0.0,0.0,False,0.1203092323692135,0,0.326,0.5147274713271437
360482,共青城市,0.7849179392624105,2,0.6689585089806254,0.6405065839999999,0.6434073033878985,0.7266134999999999,0.0,0.0,False,0.718081870603817,0,0.01,0.05294871794871795
361104,广信区,0.7692934421610472,2,0.7004145076730298,0.5020827999999999,0.7725033224485156,0.9119149999999999,0.0,0.0,False,0.43959354354064606,0,0.026,0.09624327784891165
360922,万载县,0.7614313723353506,2,0.6757510657682521,0.493899008,0.6970665809799645,0.9055266000000001,0.0,0.0,False,0.24559385241358633,0,0.106,0.22869104477611937
360402,濂溪区,0.7733675241649632,2,0.6919716236088332,0.5745815080000001,0.7415108735683109,0.7816947000000001,0.0,0.0,False,1.0454109110975012,2,0.008,0.04758847736625514
360123,安义县,0.7838804641593939,2,0.6659101205933786,0.5967056239999999,0.6200318855567195,0.7994288,0.0,0.0,False,0.36610442498671636,0,0.036,0.1168080808080808
360728,定南县,0.7634790750323642,2,0.6442145842755505,0.478029744,0.5881837203334099,0.9413253,0.0,0.01,False,0.059741447909636515,0,0.478,0.6764062652961331
360302,安源区,0.7712579970170319,2,0.6818981400836442,0.573224328,0.7064179023645456,0.7854524,0.0,0.0,False,0.2259891622535387,0,0.07,0.1786142983230362
360803,青原区,0.7658955572187758,2,0.656640522070397,0.525983028,0.6329983544432898,0.8488581000000001,0.0,0.0,False,0.2957168473105715,0,0.04,0.12488120950323973
360521,分宜县,0.7551743878793372,2,0.6640425833275115,0.497446916,0.6827158421162874,0.8612172,0.0,0.0,False,0.26757990125638337,0,0.064,0.16835668789808916
360113,红谷滩区,0.792777473368687,3,0.7470012834493582,0.666762348,0.9126623734326305,0.7078631,1.0,0.0,False,0.06946223855099908,0,0.144,0.2839727148703956
360323,芦溪县,0.7470984651221556,1,0.6402301993304533,0.46939014,0.6198487574197445,0.8863528999999999,0.0,0.0,False,0.2417863108042889,0,0.096,0.21547826086956523
360222,浮梁县,0.767222950205055,2,0.6657511959138429,0.482639428,0.6494379324092097,0.9509244,0.0,0.0,False,0.16108264531894864,0,0.032,0.10807476635514018
361128,鄱阳县,0.7836762172128401,2,0.6960103486857157,0.599851876,0.7202246355623928,0.7842823000000001,0.0,0.0,False,0.6091129537007123,0,0.01,0.05294871794871795
361126,弋阳县,0.7774011028022327,2,0.6719153527611244,0.544449072,0.6479416785503971,0.8657857999999999,0.0,0.0,False,0.38953071377820064,0,0.028,0.10030731102850063
360424,修水县,0.7539232068634816,2,0.6737943092195511,0.46241948,0.7128796948081335,0.9376827,0.0,0.0,False,0.29228663345840805,0,0.082,0.19543446001648807
360723,大余县,0.7626600241181981,2,0.652562141853723,0.48026672400000003,0.6152082128541904,0.9379185,0.0,0.0,False,0.14172750834549597,0,0.244,0.4188859857482185
360430,彭泽县,0.7769878302579174,2,0.6737887107523505,0.550007972,0.6590049766748757,0.8488803,0.0,0.0,False,0.9930607012793844,2,0.008,0.04758847736625514
360926,铜鼓县,0.7465421493596761,1,0.6220317722443074,0.43426942799999996,0.5421633957050137,0.9764827,0.0,0.07333333333333333,False,0.11313390565480756,0,0.05,0.14397410358565738
360924,宜丰县,0.7605834257157261,2,0.6633105422574017,0.491161796,0.6568823144688939,0.9070213,0.0,0.0,False,0.2781332034329675,0,0.1,0.2211935730680949
360702,章贡区,0.7865773134230643,2,0.7269532470054003,0.5847845159999999,0.8148970024376923,0.8238713,0.056666666666666664,0.0,False,0.28128416935275263,0,0.196,0.35817699115044244
361003,东乡区,0.7814584460297814,2,0.6841089991121608,0.5710447000000001,0.6771994554619654,0.8342087,0.0,0.0,False,0.40315326128925716,0,0.026,0.09624327784891165
361030,广昌县,0.7653502450116811,2,0.6473297559443515,0.481697532,0.590611467778736,0.9476770999999999,0.0,0.0,False,0.12328941984186662,0,0.214,0.38025445605408725
360982,樟树市,0.7832594798251049,2,0.7112643422373978,0.6295575,0.7789974152920898,0.7375353,0.0,0.0,False,0.2167017327529392,0,0.088,0.20417977528089887
360423,武宁县,0.7491933266049524,2,0.6554014092293574,0.451271176,0.6607970172160088,0.9376373,0.0,0.0,False,0.4672675343733632,0,0.034,0.1125933562428408
361127,余干县,0.7821700201329742,2,0.6839625812271616,0.6296388479999999,0.6978307212357923,0.7288047,0.0,0.0,False,0.44766436348795763,0,0.036,0.1168080808080808
360724,上犹县,0.7526678055113967,2,0.6396311708905071,0.45365479599999997,0.5938985537089801,0.9530729,0.0,0.0,False,0.17629185018631652,0,0.208,0.373495652173913
361129,万年县,0.7835907911238762,2,0.6831105725888265,0.566613456,0.6673969722226119,0.8507951,0.0,0.0,False,0.41965757693102856,0,0.03,0.10449397590361445
360827,遂川县,0.7528134370803318,2,0.6641658279557638,0.4530996479999999,0.6785102155451637,0.9568967,0.0,0.0,False,0.16704860615256645,0,0.09,0.20748803827751197
360729,全南县,0.7643274736930075,2,0.6470551937863255,0.47103164799999997,0.5911616990463018,0.966745,0.0,0.04,False,0.06924990432850696,0,0.298,0.48210296586457746
360830,永新县,0.7628737581444155,2,0.6561721993050184,0.49855458399999997,0.6279737801650943,0.9013449,0.0,0.0,False,0.3127493145913857,0,0.088,0.20417977528089887
361103,广丰区,0.7799621556937508,2,0.7191451641775888,0.535255656,0.8099993281876231,0.8892058,0.0,0.0,False,0.4017687855647739,0,0.03,0.10449397590361445
360829,安福县,0.7561005861404513,2,0.6634016636641974,0.47973203600000003,0.6680097003545493,0.9126101,0.0,0.0,False,0.2973314840217575,0,0.072,0.18053078924544666
361125,横峰县,0.775969891396596,2,0.6540638161512521,0.532030428,0.5932523412116063,0.8862857999999999,0.0,0.0,False,0.4524059267360207,0,0.024,0.09105511811023623
360403,浔阳区,0.7680034553435157,2,0.6848762227170886,0.607992132,0.760302517606151,0.6963845,0.0,0.0,False,1.266910269494503,2,0.008,0.04758847736625514
360703,南康区,0.7769059442475574,2,0.7060258135049586,0.534334332,0.7646416278671017,0.8827879000000001,0.0,0.0,False,0.23121272539750248,0,0.198,0.3609192938209332
361027,金溪县,0.7758140032596779,2,0.6556150548374818,0.5476066959999999,0.600784409134131,0.8563337999999999,0.0,0.0,False,0.3735003006517394,0,0.056,0.15522147651006712
360112,新建区,0.7842400223657172,2,0.7037839136565901,0.627045116,0.7509150601128409,0.742808,0.0,0.0,False,0.27147027228206744,0,0.096,0.21547826086956523
360881,井冈山市,0.7480132011682222,1,0.633502764921207,0.443913008,0.5820885415532427,0.9567918999999999,0.0,0.0,False,0.21469219132194153,0,0.11,0.23331621423330887
360925,靖安县,0.7482300246249832,1,0.625881012968581,0.4429776919999999,0.5558237758393401,0.9591888999999999,0.0,0.0,False,0.3435206081953268,0,0.02,0.08030555555555556
360828,万安县,0.7647500799505154,2,0.6501208974533118,0.4982597200000001,0.6048352601108519,0.9075924,0.0,0.0,False,0.3092823547175364,0,0.104,0.2257237237237237
360726,安远县,0.7667328810396505,2,0.6489814701720541,0.48010368,0.5930037371057439,0.9563059,0.0,0.0,False,0.09263538909361753,0,0.258,0.43618596491228073
360822,吉水县,0.7692867540289763,2,0.6757604658411551,0.523251748,0.6793855037813611,0.8752279999999999,0.0,0.0,False,0.40336173938879044,0,0.05,0.14397410358565738
360202,昌江区,0.7827164749375045,2,0.6955862695857674,0.56294046,0.7124937940627611,0.8498107,0.0,0.0,False,0.3952349350311958,0,0.044,0.132366285119667
361028,资溪县,0.7494874906840018,2,0.6144619804961264,0.43775005199999995,0.5110737644669984,0.9790340999999999,0.0,0.04666666666666667,False,0.1294597753819718,0,0.088,0.20417977528089887
360603,余江区,0.7852873684335698,2,0.6812904249444213,0.600818112,0.6633684577994431,0.796428,0.0,0.0,False,0.43838682818080815,0,0.03,0.10449397590361445
360983,高安市,0.7825226888830014,2,0.7167427551273318,0.61099444,0.7963083721191084,0.7640073000000001,0.0,0.0,False,0.23121554391220106,0,0.072,0.18053078924544666
360124,进贤县,0.7802783374700485,2,0.69501033565064,0.617764396,0.7367534975605834,0.7394201,0.0,0.0,False,0.47953697210059976,0,0.08,0.1924126455906822
361124,铅山县,0.7594178461639542,2,0.6640464811628812,0.47625340000000005,0.6653770092371102,0.9274698000000001,0.0,0.0,False,0.47983084811014515,0,0.024,0.09105511811023623
360732,兴国县,0.7686532411110574,2,0.6789439780391202,0.49685327199999996,0.6907889475725759,0.9270626,0.0,0.0,False,0.22110219947023851,0,0.078,0.1904543918918919
361002,临川区,0.781022455700521,2,0.7185424317802649,0.588364872,0.8043552156387752,0.7955922,0.0,0.0,False,0.3215187631046269,0,0.044,0.132366285119667
361181,德兴市,0.7655363385361109,2,0.6691541963865617,0.483457496,0.6661925322065636,0.9403699,0.0,0.0,False,0.28505891665350747,0,0.04,0.12488120950323973
360824,新干县,0.7720565673820109,2,0.6756319952020541,0.5401531399999999,0.6733418642147219,0.8534566,0.0,0.0,False,0.41670006539421056,0,0.074,0.18379209621993126
360733,会昌县,0.7696138547299176,2,0.6643902528189412,0.48872999599999994,0.6384316286721788,0.9489566,0.0,0.0,False,0.09509295688191946,0,0.312,0.4988893805309734
360681,贵溪市,0.7732688098534014,2,0.7129337896373004,0.530656724,0.8086327246508421,0.8689262000000001,0.0,0.0,False,0.42027379212829646,0,0.05,0.14397410358565738
360902,袁州区,0.76372450169175,2,0.7007520098884936,0.50268396,0.7872785402787625,0.8920528,0.0,0.0,False,0.2651509651382282,0,0.11,0.23331621423330887
361026,宜黄县,0.7517175534601804,2,0.6397840463225353,0.44807394,0.5945948642086523,0.9639528,0.0,0.0,False,0.165812197393816,0,0.11,0.23331621423330887
360725,崇义县,0.7512687672924595,2,0.6385477617932497,0.44152626399999995,0.5908318512938994,0.9765211,0.0,0.043333333333333335,False,0.10872684163346107,0,0.194,0.3551956934768841
360821,吉安县,0.7694130119539841,2,0.6790264619306374,0.5314942199999999,0.6905067768649263,0.8599540999999999,0.0,0.0,False,0.3667592241310226,0,0.038,0.12112238147739803
360826,泰和县,0.7724893615258952,2,0.6830027542141079,0.5332433,0.6950519186081882,0.8690492,0.0,0.0,False,0.3564423265455613,0,0.072,0.18053078924544666
360722,信丰县,0.7733482518560577,2,0.6885866542908008,0.519114584,0.7143746437863251,0.8959195,0.0,0.0,False,0.13668090716905057,0,0.306,0.4920166852057842
360321,莲花县,0.7613605629788105,2,0.6334453613834665,0.493957396,0.5569119060446632,0.9070332999999999,0.0,0.0,False,0.28356212328448915,0,0.052,0.14781907571288103
360102,东湖区,0.7806507194266341,2,0.7032757738331017,0.6426909519999999,0.7769134659796109,0.6990974999999999,0.0,0.0,False,0.38667182828553615,0,0.132,0.2676100981767181
360923,上高县,0.773374973041359,2,0.6859074100296142,0.5572582559999999,0.7050579673035459,0.8272417,0.0,0.0,False,0.33006734200389154,0,0.132,0.2676100981767181
360921,奉新县,0.7664976214787508,2,0.6750304456079467,0.510505192,0.683100324438992,0.8900123999999999,0.0,0.0,False,0.36101931846567364,0,0.074,0.18379209621993126
360426,德安县,0.7733758610213267,2,0.6729070114517938,0.520639616,0.6577228269475217,0.8988611,0.0,0.0,False,0.5625208436985099,2,0.004,0.03285227272727273
360483,庐山市,0.7740618983259308,2,0.6613408974420103,0.5698133839999999,0.6356407641490581,0.7986635,0.0,0.0,False,1.1994108218770365,2,0.004,0.03285227272727273
360825,永丰县,0.7673526513231174,2,0.6752640888703776,0.501734156,0.6806629109742887,0.9124509000000001,0.0,0.0,False,0.25598277721136947,0,0.08,0.1924126455906822
360428,都昌县,0.7767933425225234,2,0.6745678028873741,0.592607308,0.676973208001891,0.766137,0.0,0.0,False,1.2667666071402612,0,0.01,0.05294871794871795
210123,康平县,0.8049859330222594,3,0.6679281893922195,0.728012284,0.6079551213431258,0.6732954,0.0,0.0,False,-0.0005557145811555506,0,0.964,0.9861726822363764
211223,西丰县,0.7895300263931447,3,0.6359347426648948,0.569109396,0.5135512195612325,0.8682465,0.0,0.0,False,0.17669476114103516,0,0.314,0.501255659856433
211303,龙城区,0.8142975816437829,3,0.6626652561167844,0.734056408,0.5675007346214965,0.6976268999999999,0.0,0.97,False,-0.006560697404522605,0,0.938,0.9740510057471263
210403,东洲区,0.7866209966040093,2,0.6874095995130848,0.58492536,0.682282541487381,0.8193983,0.0,0.0,False,0.16788231349315139,0,0.482,0.6797375609756098
211005,弓长岭区,0.7846387272589737,2,0.6419952768113028,0.5578215639999999,0.5441150679318011,0.8650962,0.0,0.0,False,0.10574164471878635,0,0.666,0.8553558418480676
210114,于洪区,0.8093142470413772,3,0.7261465950072085,0.7261380719999999,0.7591494397982836,0.6954617000000001,0.0,0.0,False,0.00012423233042293882,0,0.978,0.9917215012276395
211402,连山区,0.8161934874316854,3,0.7096258159379735,0.6602977,0.6651829167619505,0.8203549,0.0,0.0,False,0.0931839464709043,0,0.382,0.5785028810895757
210111,苏家屯区,0.8031925619453415,3,0.7081151041300959,0.707101204,0.7205912997935376,0.6969364,0.0,0.0,False,0.0003490023132667273,0,0.954,0.9818490566037734
210604,振安区,0.7766068149890974,2,0.6215461505662976,0.55103182,0.504017958215941,0.8451248000000001,0.0,0.0,False,0.30361469695907894,0,0.098,0.21844101773323052
210802,站前区,0.8073511994351983,3,0.6839244627143255,0.718736944,0.637934307137209,0.6981039,0.0,0.0,False,0.09259640477039881,0,0.174,0.32856564337034616
210281,瓦房店市,0.8064510070073598,3,0.7568985155211017,0.6639738879999999,0.8786322984656055,0.760857,1.0,0.0,False,0.35115196864482856,0,0.052,0.14781907571288103
211404,南票区,0.8103810641800648,3,0.6409563632369479,0.682839012,0.5041502700274957,0.7566106,0.0,0.0,False,-0.02919422951130912,0,0.242,0.4156993464052287
211081,灯塔市,0.7920624296356676,3,0.6671574268246346,0.686564516,0.6371769956201051,0.6787928000000001,0.0,0.0,False,-0.0026452134745042375,0,0.7,0.8829406631762652
211382,凌源市,0.8206934405123337,3,0.720392240040051,0.648124072,0.6814220639896925,0.8604784999999999,0.0,0.19666666666666666,False,-0.0010121348339197829,0,0.882,0.9489624116114627
210181,新民市,0.8121407355292667,3,0.7150702251388701,0.73479768,0.7163847917904893,0.6948715,0.0,0.0,False,-0.00049058084505996,0,0.938,0.9740510057471263
210726,黑山县,0.8146568193678025,3,0.6820059103028125,0.74046324,0.6144724185304031,0.6979919,0.0,0.0,False,-0.001568591632038712,0,0.966,0.9864733309784529
210681,东港市,0.7908254554644263,3,0.6934011288453897,0.644314564,0.6993635838711644,0.7407927000000001,0.0,0.0,False,0.38691458030799447,0,0.028,0.10030731102850063
210882,大石桥市,0.8065446097175798,3,0.7160560525410545,0.667134176,0.718343268171744,0.76812,0.0,0.0,False,0.21423954806070983,0,0.088,0.20417977528089887
210213,金州区,0.8113330249876527,3,0.774398955075649,0.67877092,0.9998790951540932,0.7405616,1.0,0.0,False,0.11880225165225,0,0.03,0.10449397590361445
211302,双塔区,0.8297133901060518,4,0.7144834627801336,0.703883012,0.6432554556510806,0.8117015000000001,0.0,0.0,False,0.005297886485554551,0,0.888,0.9518754171301447
210603,振兴区,0.7775703867240327,2,0.6490779305418836,0.623518124,0.6122942989300453,0.7156336999999999,0.0,0.0,False,0.5405004227529804,0,0.142,0.28195192307692307
210811,老边区,0.7966472828284631,3,0.6833670152965989,0.710345048,0.6770836238238118,0.663652,0.0,0.0,False,0.09133722503396441,0,0.07,0.1786142983230362
210502,平山区,0.7785607705028696,2,0.6669937128013024,0.570568408,0.6458829533351765,0.8064844,0.0,0.0,False,0.0637303562387965,0,0.512,0.7099242206235012
210905,清河门区,0.7973691150331984,3,0.5613981193216885,0.74544764,0.3413063102604464,0.618787,0.0,0.87,False,-0.03894742507364899,0,0.916,0.9640174736075718
210703,凌河区,0.816431349771087,3,0.6856016100081481,0.7300059799999999,0.6165773699287537,0.7168631,0.0,0.0,False,0.06580452249612888,0,0.238,0.41127196652719666
211282,开原市,0.7979335534040953,3,0.6703025313957829,0.60849346,0.5971327389131191,0.8326658,0.0,0.0,False,0.1215836226996499,0,0.63,0.8282537517053206
211202,银州区,0.800577374660733,3,0.6629212501524485,0.658250688,0.5829241004672775,0.7590013,0.0,0.0,False,0.13288531417710694,0,0.324,0.5124091903719913
210504,明山区,0.7803621643253559,2,0.6668467917518589,0.53491644,0.6268154571948548,0.8907261,0.0,0.0,False,0.08152964968421414,0,0.538,0.7395901093675702
210224,长海县,0.7962682954990506,3,0.6651664480246912,0.612060348,0.591348226767996,0.8148354,0.0,0.0,False,0.5230756624298091,0,0.056,0.15522147651006712
211122,盘山县,0.8079582502718338,3,0.6792750869055938,0.729245852,0.6277855656811515,0.6850578,0.0,0.0,False,0.012065951843613837,0,0.332,0.5227734204793029
210922,彰武县,0.822001779674944,3,0.689851178201621,0.7455239,0.6129415880543158,0.7198875,0.0,0.0,False,0.013505396082084503,0,0.774,0.9188997555012225
210423,清原满族自治县,0.7786106111500226,2,0.6342501664903012,0.5134619199999999,0.5224461313247826,0.9347940000000001,0.0,0.0,False,0.13610388285620018,0,0.202,0.3656743894802756
210103,沈河区,0.8079504458797261,3,0.7549252968260043,0.7145640759999999,0.8772735097729438,0.6999698000000001,1.0,0.0,False,-0.0006383032035310661,0,0.948,0.9777623974313234
210902,海州区,0.8153057511554033,3,0.6589893373491625,0.7509463559999999,0.5562601663350992,0.6836404,0.0,0.0,False,-0.0054523384775030295,0,0.926,0.9681974683544304
211422,建昌县,0.8196499426461662,3,0.6810345777971224,0.640520748,0.5718051288226009,0.8727061,0.0,0.0,False,0.01760671232127908,0,0.66,0.854012494422133
211004,宏伟区,0.8006889030173422,3,0.6931338182738448,0.645522924,0.6632498793651335,0.7804151,0.0,0.0,False,0.06570602504102424,0,0.712,0.8918509532062391
211011,太子河区,0.805732053523102,3,0.6318516810856855,0.723382448,0.5004369161004713,0.6880645,0.0,0.0,False,-0.001862958181762884,0,0.572,0.7734574368568755
210602,元宝区,0.7785722054004225,2,0.6285589449126874,0.58361342,0.531795903005609,0.7910795,0.0,0.0,False,0.30171758240034463,0,0.1,0.2211935730680949
210321,台安县,0.810562846810412,3,0.6856715159663802,0.733740748,0.6358789314291086,0.6915511000000001,0.0,0.0,False,-0.00948548360781689,0,0.634,0.8323769300635786
210804,鲅鱼圈区,0.7997141453864928,3,0.714007175797478,0.68582678,0.7514364180395893,0.7071087,0.0,0.0,False,0.24920454821629648,0,0.034,0.1125933562428408
210505,南芬区,0.7632535243255283,2,0.5873735315042093,0.500444648,0.4275822169654017,0.8760688,0.0,0.3566666666666667,False,-0.040890527080971024,0,0.276,0.455952
210311,千山区,0.8040659305705347,3,0.6709331154012551,0.6696238578,0.5966502915861942,0.7564621752551548,0.0,0.0,False,0.08015012656384145,0,0.554,0.7544107395195478
210124,法库县,0.8113474367749992,3,0.7006558765034703,0.718572604,0.6704484442509223,0.7143049,0.0,0.0,False,0.008707108200028237,0,0.86,0.944627659574468
210711,太和区,0.796150980208823,3,0.6545063591333307,0.7026737559999999,0.5978633402491417,0.6668638,0.0,0.0,False,0.16755915658865533,0,0.276,0.455952
210204,沙河口区,0.8156238956755305,3,0.7472412935283251,0.7102227999999999,0.7990791453683996,0.7378489,1.0,0.0,False,0.12213271948782435,0,0.028,0.10030731102850063
210421,抚顺县,0.7786874233279207,2,0.6013080361114167,0.521410412,0.4253653489313814,0.9143339,0.0,0.0,False,0.15612918528643402,0,0.27,0.44963709677419356
210521,本溪满族自治县,0.7738416383649432,2,0.6633702737002812,0.49714954,0.6266998578735614,0.9458245,0.0,0.0,False,0.1154687200551822,0,0.336,0.5270623982637005
210503,溪湖区,0.7883658212838771,2,0.6237157564133222,0.59202696,0.49142308669362916,0.8171825,0.0,0.0,False,0.06419089375302804,0,0.79,0.9242776203966007
210106,铁西区,0.8110257447911119,3,0.7603981567932823,0.7240150399999999,0.8906963674749766,0.6981740000000001,1.0,0.0033333333333333335,False,-0.0015446582172778363,0,1.0,1.0
211104,大洼区,0.8007386156620159,3,0.681141557195836,0.70255702,0.651960025991348,0.6900668,0.0,0.0,False,0.20696523040362863,0,0.236,0.40854850299401196
210323,岫岩满族自治县,0.7847316053634735,2,0.6733563732243895,0.53460112,0.6322183179401906,0.9162633,0.0,0.0,False,0.1901821603419853,0,0.152,0.29432819825853984
210115,辽中区,0.8103207083603583,3,0.7018419852372776,0.727886536,0.6802439393419462,0.6985104,0.0,0.0,False,0.0003471891088203348,0,0.996,0.9984174757281554
210782,北镇市,0.8155128482492937,3,0.6829606483141699,0.708781692,0.6043520873310398,0.7447601,0.0,0.0,False,0.006275002939440178,0,0.972,0.9891066525871173
210422,新宾满族自治县,0.776347306530186,2,0.6274276018481326,0.506489692,0.5055529415542901,0.9393459,0.0,0.0,False,0.1276908189506166,0,0.182,0.33924049000644746
210404,望花区,0.7949524380905348,3,0.6528634693334643,0.670260388,0.5782760220673994,0.7167648,0.0,0.0,False,0.05218022791666644,0,0.508,0.7057318596828448
210304,立山区,0.8004394927460069,3,0.673306749814371,0.662578724,0.613401891879769,0.7516996,0.0,0.0,False,0.06978700064088397,0,0.588,0.7880890125173852
210105,皇姑区,0.809706396516887,3,0.7457444279041586,0.7202424,0.8251921569175868,0.7031713,1.0,0.0,False,-0.0008744673001412493,0,0.99,0.9962025757048382
210202,中山区,0.8040837421753476,3,0.7516939749317373,0.6283163,0.8590573742530888,0.8080635,1.0,0.0,False,0.483884012030684,0,0.068,0.17521212121212124
210283,庄河市,0.7984033637048504,3,0.7349528290454374,0.6225510679999999,0.8063624469019097,0.8029031,0.5766666666666667,0.0,False,0.409591920548387,0,0.056,0.15522147651006712
211003,文圣区,0.7829182241425952,2,0.6165040392964584,0.681861372,0.5261965719406488,0.6480688000000001,0.0,0.05,False,-0.06138270603158699,0,0.434,0.6362545638945233
210104,大东区,0.8103061256898416,3,0.7564831692773738,0.7221232679999999,0.8712666326438524,0.7004228,1.0,0.0,False,-0.009649546987461972,0,0.922,0.9650622737146994
210911,细河区,0.8205420389437168,3,0.6543218291718815,0.748970724,0.5254554404688879,0.7079436,0.0,0.0,False,0.00031401124433721707,0,0.998,0.9986908965039806
211103,兴隆台区,0.8048370293963067,3,0.7186165025255384,0.710265064,0.7535930903183145,0.6940423,0.0,0.0,False,0.1074835790408352,0,0.472,0.6698831615120274
210381,海城市,0.7953678419941806,3,0.7256506462285269,0.664707248,0.8074162952357783,0.7167066999999999,0.0,0.0,False,0.01588411364055671,0,0.396,0.59472
211481,兴城市,0.8154964257677944,3,0.6939280622067278,0.6903362599999999,0.6307314883201668,0.7696038,0.0,0.0,False,0.1554269423605135,0,0.172,0.3260668852459016
210522,桓仁满族自治县,0.7686621814452472,2,0.6523901261634657,0.48505383999999996,0.601877548788567,0.9504811,0.0,0.0,False,0.10670315170330662,0,0.428,0.6303352012226184
210904,太平区,0.8158253727637955,3,0.6403742582805421,0.70707658,0.4910319952439581,0.7461393000000001,0.0,0.0,False,0.002684720522110661,0,0.92,0.964715270221255
211002,白塔区,0.805899969615137,3,0.6821376055620583,0.716667196,0.6356792089624816,0.6970683,0.0,0.0,False,0.023281485506614092,0,0.614,0.8135077910174152
210781,凌海市,0.8066466752149737,3,0.6839957757858137,0.70549862,0.6413599800042471,0.7075417,0.0,0.0,False,0.06947417462414973,0,0.462,0.6605548961424332
210903,新邱区,0.8167334998828667,3,0.6020218822113107,0.706857568,0.3831393294047242,0.7505421,0.0,0.0,False,-0.005691811586416845,0,0.896,0.9572564671101257
210411,顺城区,0.7923497698714547,3,0.6720899044158638,0.604983724,0.62032781054462,0.8118106,0.0,0.0,False,0.14178110997283094,0,0.418,0.6178108384458078
210803,西市区,0.7754376577028743,2,0.6503273190480819,0.6283805840000001,0.6359556627903288,0.6880409,0.0,0.0,False,0.6050589872666562,0,0.274,0.4544658634538153
210402,新抚区,0.8009908433155041,3,0.7046096600975308,0.663337632,0.700054167860284,0.7545876,0.0,0.0,False,0.0890590645101512,0,0.55,0.7510864430798301
211021,辽阳县,0.7906861105519588,3,0.6739887590187428,0.594227672,0.630065843500035,0.8214582,0.0,0.0,False,0.12948467613435577,0,0.502,0.7000877954655089
211321,朝阳县,0.8291332712367907,4,0.6995009848814755,0.6936710960000001,0.6029711926418981,0.8259003,0.0,0.42,False,-0.012595207669833757,0,0.918,0.964715270221255
211421,绥中县,0.8104612447892843,3,0.7030706124988912,0.667405248,0.6686961826646564,0.7814770999999999,0.0,0.0,False,0.0898533676030109,0,0.432,0.634609756097561
211322,建平县,0.8369103195670529,4,0.7123934114461565,0.7295506479999999,0.6225251743299198,0.8021290999999999,0.0,0.21333333333333335,False,0.12864620789996167,0,0.14,0.28048510048510056
211281,调兵山市,0.8062576865316109,3,0.6711466649488093,0.694445808,0.598071300807537,0.7279903000000001,0.0,0.0,False,0.051281436651377785,0,0.446,0.6453383383383383
210881,盖州市,0.7967434023494778,3,0.6877507161755527,0.5861953280000001,0.6501520068087381,0.864457,0.0,0.0,False,0.2994629877416534,0,0.078,0.1904543918918919
210624,宽甸满族自治县,0.7663949367396253,2,0.647795247330656,0.48263982400000005,0.5924398446144752,0.9452910000000001,0.0,0.0,False,0.20060749129897187,0,0.118,0.24559971202303815
211102,双台子区,0.8094864037926929,3,0.6828864786695875,0.726663184,0.6310270820095913,0.6949825000000001,0.0,0.0,False,0.03146526255781722,0,0.628,0.826752276867031
211324,喀喇沁左翼蒙古族自治县,0.8277498738107357,4,0.696306203336304,0.6900442080000001,0.5987964476026096,0.8241021,0.0,0.0,False,0.0016982423418492334,0,0.658,0.8534221624046657
210682,凤城市,0.7767764422277373,2,0.6773631321031472,0.514728204,0.6648668716769384,0.9230924,0.0,0.0,False,0.2209517985627209,0,0.086,0.20131659919028339
210702,古塔区,0.8115963765398853,3,0.7135328601489498,0.675333044,0.6983437688858918,0.7722943,0.0,0.0,False,0.20640341201410653,0,0.394,0.5932572916666667
210212,旅顺口区,0.8078174510900326,3,0.7167331017515175,0.644898632,0.7135737973071622,0.8056945000000001,0.0,0.0,False,0.4204519728963507,0,0.044,0.132366285119667
211381,北票市,0.8285926420045034,4,0.7059456586022653,0.707755224,0.6253961119513286,0.7998797,0.0,0.0,False,0.004707168158515516,0,0.672,0.8592445820433438
210211,甘井子区,0.8055763532632527,3,0.753073717918454,0.6632290519999999,0.8663325572695385,0.7581378000000001,1.0,0.0,False,0.3687421707646549,0,0.038,0.12112238147739803
210102,和平区,0.8051998783466378,3,0.7304027959937327,0.710084028,0.7869044116487555,0.6995520000000001,0.11333333333333333,0.0,False,-0.0031776445227181833,0,0.88,0.9485756897837434
210113,沈北新区,0.8094423881458944,3,0.7283400278148822,0.712500612,0.7595777480486764,0.714576,0.0,0.0,False,0.00831869004277243,0,0.774,0.9188997555012225
210303,铁西区,0.8023769933619509,3,0.713803238059518,0.727158596,0.7533172950717747,0.6652244,0.0,0.3,False,-0.04721932941265475,0,0.592,0.7919814900509023
211221,铁岭县,0.7920484614104719,3,0.6654642414303034,0.635398288,0.6144086273803899,0.7551771,0.0,0.0,False,0.0733196000058107,0,0.658,0.8534221624046657
210203,西岗区,0.8124167110546954,3,0.7443272199508314,0.6842663,0.7950681084834351,0.7619844,1.0,0.0,False,0.2696846646508048,0,0.032,0.10807476635514018
210921,阜新蒙古族自治县,0.8203907955677423,3,0.7048688273234448,0.725768704,0.65590541024495,0.7367228,0.0,0.0,False,-0.000564512421215237,0,0.93,0.9699242424242425
210302,铁东区,0.7979963759452394,3,0.7109433598267616,0.6013653,0.7186205599605994,0.8431792,0.0,0.0,False,0.1613481413570868,0,0.464,0.6627588932806324
210214,普兰店区,0.8069408655675564,3,0.7276395312195474,0.667863128,0.7548427962517095,0.7669413,0.0,0.0,False,0.340185593908406,0,0.034,0.1125933562428408
210727,义县,0.8183825679296283,3,0.6847127144110781,0.690290572,0.5957644624992754,0.7831742,0.0,0.0,False,0.02289069895640972,0,0.84,0.9368981481481482
211224,昌图县,0.8101101931188717,3,0.6838050928045765,0.725769828,0.6295582157373499,0.7003177,0.0,0.0,False,-0.003016455511884923,0,0.48,0.678240469208211
211204,清河区,0.7644178971729412,2,0.577080867354046,0.584708064,0.44716349918858156,0.7103276,0.0,0.0,False,0.052609686019923364,0,0.226,0.39478308157099695
211403,龙港区,0.7982979835785308,3,0.6764821032439742,0.6781765839999999,0.6433277871251311,0.7097216,0.0,0.0,False,0.2933520463340827,0,0.36,0.5533014354066985
210112,浑南区,0.8056574290335856,3,0.7430812358892666,0.6858973079999999,0.8207869454012094,0.7345049,1.0,0.0,False,0.029638922857101953,0,0.796,0.92512
150429,宁城县,0.8345674926654781,4,0.7320446415436549,0.693383044,0.6745190278111748,0.850519,0.29333333333333333,0.39666666666666667,False,0.08480611998034888,0,0.338,0.5281935135135135
150581,霍林郭勒市,0.8494514822747099,4,0.7516262721009711,0.767723792,0.690744436668237,0.8056965,1.0,1.0,False,5.675673270224908,1,0.002,0.019801369863013698
150204,青山区,0.8793722525096517,5,0.8389540973901185,0.796275156,0.8375090818060356,0.8957436999999999,1.0,1.0,False,3.697810377315427,1,0.004,0.03285227272727273
152923,额济纳旗,0.8450012863469577,4,0.6476481735931843,0.84251076,0.4722865436475595,0.6730287,0.0,1.0,False,2.0468809791910725,0,0.048,0.14145565749235475
152921,阿拉善左旗,0.839380305522634,4,0.6983386593657476,0.837197964,0.6256379583862104,0.656925,0.0,1.0,False,1.8491279074575202,1,0.008,0.04758847736625514
150823,乌拉特前旗,0.8659014936555351,4,0.7510300204196685,0.7938265840000001,0.6496030815888314,0.8355123,1.0,1.0,False,2.5377919169435805,1,0.002,0.019801369863013698
150124,清水河县,0.8748956096021474,5,0.7264995824891268,0.7726854519999999,0.5601205398118139,0.9260896000000001,0.24666666666666667,1.0,False,4.846392467880341,1,0.002,0.019801369863013698
150222,固阳县,0.8837294437397983,5,0.7409720727572783,0.800365072,0.5804722533879394,0.9183528999999999,0.7533333333333333,1.0,False,4.8429641405463615,1,0.002,0.019801369863013698
150402,红山区,0.845176189770643,4,0.7603663453167635,0.7764067800000001,0.736335298521693,0.7696736000000001,1.0,0.9966666666666667,False,0.6337173417711756,0,0.032,0.10807476635514018
152223,扎赉特旗,0.8238542133744741,3,0.6989578846924784,0.679648668,0.6106142697382893,0.8307716,0.0,0.24333333333333335,False,0.03661235235838935,0,0.612,0.8127202572347266
150928,察哈尔右翼后旗,0.8625582012051599,4,0.7139886611283366,0.7900507959999999,0.5640699265509325,0.832071,0.0,1.0,False,7.206745006917343,1,0.002,0.019801369863013698
150821,五原县,0.8471456216414888,4,0.7088654435181219,0.812108844,0.6113637410738468,0.7237572999999999,0.0,0.4666666666666667,False,0.2969952686057727,1,0.004,0.03285227272727273
150727,新巴尔虎右旗,0.8669639566148969,4,0.7217241475176331,0.737820664,0.5625189397111497,0.9512737,0.09333333333333334,1.0,False,4.976294088282461,1,0.002,0.019801369863013698
150925,凉城县,0.834320324279059,4,0.6623362233787301,0.759561132,0.5098374196257516,0.7464927000000001,0.0,1.0,False,4.243605238808519,1,0.002,0.019801369863013698
150223,达尔罕茂明安联合旗,0.893371400224901,5,0.7586677095661866,0.805176372,0.6046875485219033,0.9599042999999999,1.0,1.0,False,8.11788628332797,1,0.002,0.019801369863013698
150403,元宝山区,0.8345317492322719,4,0.7214383998175702,0.7719516240000001,0.6686784762648644,0.7296379000000001,0.0,0.9966666666666667,False,0.6109040196168798,0,0.06,0.1612081784386617
152527,太仆寺旗,0.8730074490872627,4,0.7072572154997342,0.7817085159999999,0.5182846828755412,0.9004276,0.0,1.0,False,4.797145036247441,1,0.002,0.019801369863013698
150927,察哈尔右翼中旗,0.8859681043672104,5,0.7198462607470527,0.7899971039999999,0.5241102179120443,0.950619,0.10333333333333333,1.0,False,5.142835135064084,1,0.002,0.019801369863013698
152528,镶黄旗,0.8937041910072636,5,0.6844398345423256,0.7927969880000001,0.42033650026166147,0.9889737000000001,0.0,1.0,False,7.732906482102494,1,0.002,0.019801369863013698
150423,巴林右旗,0.8643988362242925,4,0.706373285859407,0.771367272,0.5368160221907217,0.8705721,0.0,1.0,False,5.033466413922126,1,0.002,0.019801369863013698
150902,集宁区,0.8528572833212175,4,0.7564539834284745,0.781401052,0.6975593541283533,0.7985646999999999,1.0,1.0,False,3.348958251345574,1,0.002,0.019801369863013698
150622,准格尔旗,0.8777531016053411,5,0.8548007781187756,0.781002584,0.904773549019845,0.9100636,1.0,1.0,False,6.374254820978491,1,0.002,0.019801369863013698
150303,海南区,0.8737918600801519,4,0.763888315629069,0.821714176,0.6668830608534939,0.8276821,1.0,1.0,False,2.8303309950662054,1,0.008,0.04758847736625514
150304,乌达区,0.8460174308621735,4,0.7217213616063022,0.796030788,0.6471026141186436,0.7344525,0.0033333333333333335,0.0,False,-0.04822328119699313,4,0.002,0.019801369863013698
150825,乌拉特后旗,0.8649889478295691,4,0.7203578516976039,0.8313201880000001,0.5915673150460441,0.7728088,0.04666666666666667,1.0,False,1.2638322530109756,0,0.02,0.08030555555555556
150721,阿荣旗,0.7931838516374675,3,0.6711881248032677,0.569364888,0.6031608514004406,0.8897108,0.0,0.0,False,0.0030198594428261297,0,0.956,0.9828168914123492
150122,托克托县,0.8257190949671809,3,0.7100664848332237,0.7847429799999999,0.6787282518929256,0.674697,0.0,1.0,False,1.4142493383387873,1,0.002,0.019801369863013698
150623,鄂托克前旗,0.874700244611003,5,0.7798990782347643,0.815036528,0.6997323705148351,0.8441525999999999,1.0,1.0,False,6.504465247741818,1,0.002,0.019801369863013698
150926,察哈尔右翼前旗,0.8649308585425999,4,0.7247999651859444,0.779450632,0.5804483276696064,0.8628202,0.16666666666666666,1.0,False,3.712184791247871,1,0.002,0.019801369863013698
152526,西乌珠穆沁旗,0.8746578521566948,5,0.772445181141649,0.77586554,0.6724287422489014,0.9169144,1.0,1.0,False,9.358024819461814,1,0.002,0.019801369863013698
150221,土默特右旗,0.8444208488456281,4,0.7395421072362648,0.774642892,0.6831160997873242,0.7673185,0.85,1.0,False,1.5425739187241756,1,0.002,0.019801369863013698
150924,兴和县,0.8554800304410118,4,0.7033182541178815,0.7686597159999999,0.550464562180021,0.834533,0.0,1.0,False,3.174927014400587,1,0.002,0.019801369863013698
150625,杭锦旗,0.8771193129828254,5,0.7586835645138017,0.815752492,0.6420997205287675,0.855154,1.0,1.0,False,1.9056655219369878,0,0.028,0.10030731102850063
150522,科尔沁左翼后旗,0.8487171823913043,4,0.7262174239022717,0.75353388,0.6205709880344117,0.8304583999999999,0.11,1.0,False,0.5213284021137171,0,0.296,0.4796726457399103
150105,赛罕区,0.8543894593249685,4,0.8154673555574572,0.778157776,0.8791148010507575,0.8009802,1.0,1.0,False,1.7937724764313734,1,0.002,0.019801369863013698
152525,东乌珠穆沁旗,0.8837518377934253,5,0.7263872547890952,0.772638932,0.5426825142970022,0.9752791000000001,0.25333333333333335,1.0,False,7.7817949020799295,1,0.002,0.019801369863013698
150702,海拉尔区,0.8509929009897422,4,0.7523957902916816,0.721793956,0.6738129290937767,0.9012245,1.0,1.0,False,3.715593512909809,1,0.002,0.019801369863013698
150921,卓资县,0.8676895948472624,4,0.7128930854439357,0.76353776,0.543746429200591,0.9003874000000001,0.0033333333333333335,1.0,False,5.319797962832502,1,0.002,0.019801369863013698
150123,和林格尔县,0.8642818180435182,4,0.7826078177549419,0.777777216,0.7265205338069264,0.8583092000000001,1.0,1.0,False,2.6382337578360104,1,0.002,0.019801369863013698
150422,巴林左旗,0.8623399904142085,4,0.7453926955690225,0.73910422,0.6359556627903288,0.9129629,0.9466666666666667,1.0,False,3.379451828158483,1,0.002,0.019801369863013698
150723,鄂伦春自治旗,0.762160436900463,2,0.6364162049763346,0.468914348,0.5606824318124458,0.9621124000000001,0.0,0.16333333333333333,False,0.006535954136907538,0,0.858,0.9435062761506277
150626,乌审旗,0.8848193943639787,5,0.8232841621437484,0.799874816,0.7767023999570086,0.9201751,1.0,1.0,False,6.778553553411901,1,0.002,0.019801369863013698
150724,鄂温克族自治旗,0.8221191167461179,3,0.7139000649943311,0.638048328,0.65136477704676,0.8978416,0.0,1.0,False,3.4732606661923784,1,0.002,0.019801369863013698
150826,杭锦后旗,0.8505408896844595,4,0.7172710932559365,0.8199001560000001,0.6253961119513286,0.7269456000000001,0.0,0.5233333333333333,False,0.2688402219432352,0,0.01,0.05294871794871795
152523,苏尼特左旗,0.8939205075836366,5,0.7094612879820141,0.794646832,0.48436979852827144,0.9858591999999999,0.0033333333333333335,1.0,False,9.924023271649656,1,0.002,0.019801369863013698
152221,科尔沁右翼前旗,0.8376368924024247,4,0.7141941847162685,0.68129218,0.613401891879769,0.8933751,0.0,1.0,False,1.1280512811394365,0,0.01,0.05294871794871795
150404,松山区,0.8566003041161508,4,0.7711164434375288,0.7568439,0.7181448249606598,0.8533788,1.0,1.0,False,0.9491882473482622,0,0.088,0.20417977528089887
152529,正镶白旗,0.8912126110141994,5,0.7028074987866981,0.79062018,0.47188765578608055,0.9795331,0.0,1.0,False,7.102310326160877,1,0.002,0.019801369863013698
152531,多伦县,0.8725179161439803,4,0.7107851994510508,0.770758924,0.5267311551331519,0.9168137,0.0,1.0,False,4.529277966463911,1,0.002,0.019801369863013698
150521,科尔沁左翼中旗,0.8405005430060595,4,0.7186148435908986,0.759999908,0.6298485413645586,0.7805082,0.0,1.0,False,0.7738473309466032,0,0.078,0.1904543918918919
150785,根河市,0.7538959601095279,2,0.6043303073353156,0.441331568,0.4662249012380938,0.9903727,0.0,0.31333333333333335,False,0.0462565257598287,0,0.072,0.18053078924544666
150624,鄂托克旗,0.8942062483124744,5,0.8420638478779567,0.817933528,0.8021977243065951,0.9328405000000001,1.0,1.0,True,5.186656636935183,1,0.002,0.019801369863013698
150205,石拐区,0.8881248997202112,5,0.7443692350436132,0.790074584,0.5796321137413761,0.9614594999999999,0.83,1.0,False,4.606212456792979,1,0.004,0.03285227272727273
150602,东胜区,0.8896405143851559,5,0.8585300304203549,0.798025736,0.8665167125640454,0.9432093,1.0,1.0,True,5.74959670943102,1,0.002,0.019801369863013698
150302,海勃湾区,0.867974052127826,4,0.7788319874736435,0.819057044,0.7240143652996613,0.8017588999999999,1.0,1.0,False,1.6001405161383662,1,0.002,0.019801369863013698
150621,达拉特旗,0.8657423150813445,4,0.8001589965166049,0.7972537879999999,0.7763689344050465,0.8295545,1.0,1.0,False,4.165938265025482,1,0.002,0.019801369863013698
150421,阿鲁科尔沁旗,0.8675028411201846,4,0.7344548115208216,0.761183828,0.5967133252982032,0.9034777,0.5266666666666666,1.0,False,3.4939489047044985,1,0.002,0.019801369863013698
150526,扎鲁特旗,0.8610904476062915,4,0.7522617339204666,0.7354759319999999,0.6550459507320535,0.9155114,1.0,1.0,False,2.3997945668388714,1,0.002,0.019801369863013698
150627,伊金霍洛旗,0.884486907259888,5,0.8586748711055275,0.7926106079999999,0.8876693446217563,0.9235808,1.0,1.0,True,7.219737008795516,1,0.002,0.019801369863013698
150824,乌拉特中旗,0.8927777008243143,5,0.7608821550973359,0.816912508,0.6115783842226433,0.9331957,1.0,1.0,False,4.23281933892288,1,0.002,0.019801369863013698
150703,扎赉诺尔区,0.8609344878111345,4,0.7077628636802409,0.7398676439999999,0.5386017413221192,0.9197303,0.0,1.0,False,4.391171621299656,1,0.002,0.019801369863013698
152501,二连浩特市,0.8935410851155557,5,0.7322219692938954,0.7997599639999999,0.5413151982311103,0.972582,0.47333333333333333,1.0,False,8.850620819173683,1,0.002,0.019801369863013698
150104,玉泉区,0.8310392456740345,4,0.745308400341197,0.7829643079999999,0.7604299826104822,0.6976002,0.9966666666666667,0.0033333333333333335,False,0.22753500498337598,1,0.002,0.019801369863013698
150722,莫力达瓦达斡尔族自治旗,0.7981792699915364,3,0.6676013138438472,0.6299679439999999,0.5893589412028348,0.8030208,0.0,0.0,False,0.012936959405969443,0,0.94,0.9743779132305486
150783,扎兰屯市,0.7943235444126927,3,0.6925915070016534,0.547530916,0.6687787793516755,0.9335195000000001,0.0,0.03333333333333333,False,-0.0060665439842357465,0,0.796,0.92512
150603,康巴什区,0.8854446915899746,5,0.7587902451366444,0.7948823119999999,0.6188411229093884,0.9371759,1.0,1.0,False,5.951674421742736,1,0.002,0.019801369863013698
150207,九原区,0.842751174945825,4,0.7525042433265993,0.784629204,0.7324646237991318,0.7424983,1.0,0.9966666666666667,False,1.3745041702314533,1,0.002,0.019801369863013698
152522,阿巴嘎旗,0.8755236288263201,5,0.6980921538767906,0.78720716,0.4913498502807451,0.9027085,0.0,1.0,False,12.702266568617807,1,0.002,0.019801369863013698
150203,昆都仑区,0.8591790675058102,4,0.823990919661795,0.794572808,0.9021564902278935,0.792975,1.0,1.0,True,2.3247713709985347,1,0.002,0.019801369863013698
150922,化德县,0.8829120695067135,5,0.7168670947372991,0.787396104,0.521816337149259,0.9410561,0.04666666666666667,1.0,False,6.126068996582455,1,0.002,0.019801369863013698
150430,敖汉旗,0.8521305546566091,4,0.7376741095057432,0.7640208319999999,0.6475228510372164,0.8208002000000001,0.7266666666666667,1.0,False,0.4439480545843451,0,0.184,0.34164675658317273
152201,乌兰浩特市,0.8410856826398004,4,0.7392094525662356,0.746509648,0.6759639120361214,0.8056641999999999,0.8533333333333334,1.0,False,0.27248149441418834,0,0.45,0.6501499250374813
150929,四子王旗,0.8948714248222308,5,0.7347559626948174,0.8017058800000001,0.5453413459811497,0.9758581999999999,0.5366666666666666,1.0,False,8.5048413146878,1,0.002,0.019801369863013698
152224,突泉县,0.8364238659149471,4,0.6959693087700268,0.7266681959999999,0.5768681121553978,0.8105387000000001,0.0,0.9666666666666667,False,0.4427993845609917,0,0.018,0.07552685050798258
150524,库伦旗,0.8546370282474393,4,0.6900248616701052,0.774456108,0.5209716402155361,0.8217966,0.0,1.0,False,0.35164962836214575,0,0.38,0.5763798530954879
150822,磴口县,0.8497848968548072,4,0.6830075904531093,0.821944176,0.5411186395025083,0.7204807999999999,0.0,0.92,False,0.4831898669973769,0,0.016,0.06997881996974281
150523,开鲁县,0.8431336601141823,4,0.7178045202212743,0.7808050999999999,0.6298646507926585,0.7569769000000001,0.0,0.93,False,0.6468126837427403,1,0.008,0.04758847736625514
150525,奈曼旗,0.8588409237533994,4,0.7345014738663713,0.784227852,0.6232151459499146,0.8234395,0.5333333333333333,1.0,False,0.3830303996935862,0,0.372,0.5681204437400951
150725,陈巴尔虎旗,0.8526657883627453,4,0.7327909271036634,0.707318688,0.6196828383405711,0.9368638,0.44666666666666666,1.0,False,5.1678568982166,1,0.002,0.019801369863013698
150125,武川县,0.8795598108107234,5,0.7149020076590541,0.78420668,0.5248220018827136,0.9256812999999999,0.03,1.0,False,2.818029784179994,0,0.01,0.05294871794871795
150981,丰镇市,0.8452491492443374,4,0.7117470174105677,0.766474716,0.601877548788567,0.7885222999999999,0.0,1.0,False,2.5254183832563393,1,0.008,0.04758847736625514
150121,土默特左旗,0.841062833738993,4,0.7628160590282685,0.753401864,0.7546650306893689,0.7810917,1.0,1.0,False,1.0405345665130055,1,0.002,0.019801369863013698
152222,科尔沁右翼中旗,0.8379163838253751,4,0.6904875951450732,0.739184348,0.5622977658008549,0.7968185,0.0,1.0,False,2.027911838481783,0,0.014,0.06434658187599365
150426,翁牛特旗,0.8637881937465443,4,0.7506576787824387,0.787667404,0.6499464425047791,0.8406134000000001,0.9966666666666667,1.0,False,1.799891310102591,1,0.002,0.019801369863013698
150784,额尔古纳市,0.7719350845523363,2,0.6220398238562435,0.497678296,0.4955045050669054,0.9426243999999999,0.0,0.6466666666666666,False,0.2814006839018819,0,0.102,0.2235648218347233
152524,苏尼特右旗,0.8924264389970031,5,0.7104437020124943,0.7988604319999999,0.4897524224932128,0.9688486000000001,0.01,1.0,False,9.53226826113226,1,0.002,0.019801369863013698
150923,商都县,0.8701122861141436,4,0.7159189486018825,0.78731704,0.5479447464998345,0.8745913999999999,0.02,1.0,False,5.153122372574312,1,0.002,0.019801369863013698
150103,回民区,0.8618953728337767,4,0.7870589813282028,0.749812328,0.7450957336521602,0.8897088,1.0,1.0,False,2.132905006426655,1,0.002,0.019801369863013698
150424,林西县,0.8718121345349635,4,0.7324402440705554,0.7608807839999999,0.5818994721962233,0.9275158,0.4666666666666667,1.0,False,4.891902558925722,1,0.002,0.019801369863013698
150206,白云鄂博矿区,0.8890469979245853,5,0.7150667485350333,0.804928504,0.508354514999728,0.9380108,0.03666666666666667,1.0,False,5.893383806692099,1,0.002,0.019801369863013698
150502,科尔沁区,0.827883359068619,4,0.7366414131372419,0.7640035239999999,0.7321348107049741,0.7152805,0.7333333333333333,0.8733333333333333,False,0.27920464059647976,0,0.09,0.20748803827751197
150726,新巴尔虎左旗,0.8620893108280892,4,0.6692385861035541,0.727924392,0.43668270265349074,0.9453971,0.0,1.0,False,5.1669789029591415,1,0.002,0.019801369863013698
150425,克什克腾旗,0.874696972474015,5,0.7583677562358676,0.745689812,0.6420193670323258,0.9696439,1.0,1.0,False,6.715529036010541,1,0.002,0.019801369863013698
150102,新城区,0.862814127103852,4,0.8129011168250168,0.725482052,0.8276323914535859,0.9299373,1.0,1.0,False,2.65011052870824,1,0.002,0.019801369863013698
150781,满洲里市,0.8542044305757405,4,0.7217333491403652,0.72145806,0.5891247801435042,0.9154734,0.05333333333333334,1.0,False,3.966994454335423,1,0.002,0.019801369863013698
150782,牙克石市,0.777116142780678,2,0.6599102725001562,0.499100972,0.6062250080490124,0.9583423,0.0,0.44333333333333336,False,0.14551245731054788,0,0.062,0.16414102564102565
150428,喀喇沁旗,0.8391899554511234,4,0.7058158992220378,0.6835353120000001,0.5906886462569086,0.8907560999999999,0.0,0.9966666666666667,False,0.3551652001597821,0,0.188,0.34817937219730943
150802,临河区,0.8470982727075492,4,0.7550305140347257,0.81667592,0.7415800328684763,0.7145809000000001,1.0,0.7166666666666667,False,0.39668626156502645,0,0.012,0.05889983022071307
152202,阿尔山市,0.8005784943626206,3,0.6105063409319347,0.542769824,0.3973955262080722,0.9770194999999999,0.0,0.6166666666666667,False,0.32860283035480403,0,0.016,0.06997881996974281
150202,东河区,0.8592399154440665,4,0.7881439137412113,0.784198572,0.7635363880527855,0.8194611,1.0,1.0,False,2.2713605621817097,1,0.002,0.019801369863013698
152922,阿拉善右旗,0.848711850993436,4,0.6323272261235058,0.845527304,0.4205088678341708,0.683866,0.0,1.0,False,2.3988602874679317,1,0.002,0.019801369863013698
152530,正蓝旗,0.8555413203379445,4,0.6962416100392005,0.786459304,0.5388189971445884,0.8049621,0.0,1.0,False,7.691394788645948,1,0.002,0.019801369863013698
152502,锡林浩特市,0.8787773556341166,5,0.7990415137327133,0.7842973679999999,0.7285943990703411,0.9220666,1.0,1.0,False,10.678869360102894,1,0.002,0.019801369863013698
640105,西夏区,0.8713023333423697,4,0.8076993678410728,0.8018037200000001,0.7838877074982883,0.8407647,1.0,1.0,False,1.5700465942548383,1,0.004,0.03285227272727273
640423,隆德县,0.850514616311276,4,0.664351936580048,0.741873844,0.4590025991869984,0.854274,0.0,1.0,False,1.425031536903609,1,0.004,0.03285227272727273
640202,大武口区,0.8799476093716158,5,0.780156785314498,0.811860308,0.6862830529074961,0.8722025000000001,1.0,1.0,False,1.6927089064042222,0,0.028,0.10030731102850063
640521,中宁县,0.8855418507109478,5,0.7822016628710062,0.829796092,0.6801901232297334,0.8705338,1.0,1.0,False,5.186492335473637,1,0.002,0.019801369863013698
640303,红寺堡区,0.8950630107707929,5,0.7514095081725942,0.828900772,0.5869519152938517,0.922052,0.9533333333333334,1.0,False,5.579806412312904,1,0.002,0.019801369863013698
640106,金凤区,0.8479235654410303,4,0.7558842802510347,0.807501164,0.7361291119809785,0.7292427,1.0,0.0,False,0.26172079028210826,1,0.006,0.04189855072463768
640181,灵武市,0.8814795784160032,5,0.8385363434287378,0.822110056,0.8371956098353488,0.8579222,1.0,1.0,True,3.6681062185033135,1,0.004,0.03285227272727273
640522,海原县,0.894824077517366,5,0.7502981091106924,0.813138068,0.5830296182483393,0.9514246000000001,0.9433333333333334,1.0,False,6.554360526965831,1,0.002,0.019801369863013698
640402,原州区,0.8774709268564329,5,0.7658725323334824,0.7893043519999999,0.6521420918317635,0.9047694000000001,1.0,1.0,False,4.184118792444871,1,0.002,0.019801369863013698
640121,永宁县,0.860538542083265,4,0.7279195356776532,0.820470092,0.6201712317308341,0.7682025,0.21,1.0,False,1.0232378124392132,1,0.004,0.03285227272727273
640381,青铜峡市,0.8521489704161437,4,0.7279234666815414,0.82686998,0.652592741565017,0.7221439,0.16333333333333333,1.0,False,2.640624847200841,1,0.002,0.019801369863013698
640104,兴庆区,0.8703538756922364,4,0.8150288119301836,0.8115827879999999,0.8114546648370539,0.8222082,1.0,1.0,False,1.3871666461198429,1,0.002,0.019801369863013698
640424,泾源县,0.8366431358032905,4,0.6355853014244648,0.657893308,0.40132306333202417,0.9310654,0.0,1.0,False,1.1050644108858596,1,0.008,0.04758847736625514
640302,利通区,0.8770702153417369,5,0.7795140248162609,0.825283548,0.6960846419403818,0.8373382,1.0,1.0,False,2.7237464176960993,1,0.002,0.019801369863013698
640502,沙坡头区,0.8917181056911101,5,0.7997267881913164,0.830338544,0.7060246058298864,0.8997087,1.0,1.0,False,6.1706450257763095,1,0.002,0.019801369863013698
640425,彭阳县,0.8735682071548784,4,0.7262647778807674,0.779299824,0.5634957004426951,0.9062037000000001,0.22666666666666666,1.0,False,3.5170206821738303,1,0.002,0.019801369863013698
640122,贺兰县,0.8555907511232445,4,0.7354327409835706,0.7886831400000001,0.643861741899304,0.7910771999999999,0.6066666666666667,0.95,False,0.6460809451243232,1,0.004,0.03285227272727273
640422,西吉县,0.8745438545736345,5,0.7285726401977624,0.786966464,0.5681229199826767,0.8971875,0.29333333333333333,1.0,False,3.360992289464637,1,0.002,0.019801369863013698
640221,平罗县,0.852310975731329,4,0.7421263512497589,0.798452764,0.6762531156434082,0.76166,0.91,0.9966666666666667,False,0.7882034949311163,1,0.006,0.04189855072463768
640323,盐池县,0.8962549622416887,5,0.7844535130854783,0.8195453,0.6600719018040312,0.9454422,1.0,1.0,False,5.961938467393903,1,0.002,0.019801369863013698
640324,同心县,0.8988524035511748,5,0.7715498983149324,0.823729476,0.626153443656128,0.9513172000000001,1.0,1.0,False,6.43127766513081,1,0.002,0.019801369863013698
640205,惠农区,0.8661833109292626,4,0.7580099338174225,0.8182471840000001,0.6755735388315308,0.7970112,1.0,1.0,False,1.3909393812684676,0,0.01,0.05294871794871795
632626,玛多县,0.8642641743840931,4,0.569598519320916,0.86654977025,0.19871874568434567,0.7134890273099972,0.0,1.0,False,13.180497528976343,1,0.002,0.019801369863013698
630104,城西区,0.9002194254523187,5,0.8282906040091252,0.83084138,0.7549522923450523,0.9406475000000001,1.0,1.0,True,5.751872089561358,1,0.002,0.019801369863013698
632224,刚察县,0.8934717366307368,5,0.6663276140677871,0.810266484,0.3832554431150486,0.9348428,0.0,1.0,False,5.107852268712114,1,0.002,0.019801369863013698
632524,兴海县,0.9143648415196275,5,0.6936592671651249,0.857639228,0.4188180483328737,0.964935,0.0,1.0,False,8.55370803475461,1,0.002,0.019801369863013698
632722,杂多县,0.9206331341710505,5,0.6775619145449486,0.8657502039999999,0.3674062347399333,0.9816501000000001,0.0,1.0,False,7.272220746187308,1,0.002,0.019801369863013698
630106,湟中区,0.8840400738538116,5,0.7978637342426994,0.800303856,0.7196552120407887,0.9068959000000001,1.0,1.0,False,4.757960495635453,1,0.002,0.019801369863013698
632821,乌兰县,0.8942751836946283,5,0.6902965388925164,0.884235112,0.4611668476947706,0.8208763,0.0,1.0,False,4.022820042246011,1,0.002,0.019801369863013698
632726,曲麻莱县,0.8973627364557258,5,0.6297440825465556,0.8844654080000001,0.2919641450582801,0.8360857,0.0,1.0,False,11.70387387065219,1,0.002,0.019801369863013698
632221,门源回族自治县,0.7471576329815055,1,0.5441951425616329,0.7486161600000001,0.460418312268087,0.434395,0.0,1.0,False,10.361208450704792,1,0.002,0.019801369863013698
630103,城中区,0.9029698412723105,5,0.7762781323775328,0.83408904,0.6305763619296807,0.9528616999999999,1.0,1.0,False,5.874714360051273,1,0.002,0.019801369863013698
632525,贵南县,0.9099715035222687,5,0.6811370035480555,0.858233628,0.39504169196095645,0.9407808999999999,0.0,1.0,False,6.996608438361873,1,0.002,0.019801369863013698
632301,同仁市,0.9006554949498365,5,0.7366555295100302,0.8064514599999999,0.5442900163681085,0.9863966000000001,0.6,1.0,False,5.989705506806948,1,0.002,0.019801369863013698
632223,海晏县,0.8821934734587368,5,0.6652758891508034,0.807128556,0.40508212012092326,0.8844536000000001,0.0,1.0,False,5.577180117102737,1,0.002,0.019801369863013698
632857,大柴旦行政委员会,0.8704396760914318,4,0.6794286962262628,0.895334324,0.5049412104463763,0.7019101,0.0,0.9033333333333333,False,0.9577406050863896,1,0.002,0.019801369863013698
632521,共和县,0.8964302457382088,5,0.7517888518066718,0.8299068079999999,0.5912824252631151,0.9116614000000001,0.96,1.0,False,4.42634793044923,1,0.002,0.019801369863013698
630105,城北区,0.8867448214386661,5,0.7967750670995469,0.8299474599999999,0.7114881869770344,0.8756362,1.0,1.0,False,4.786670682833951,1,0.002,0.019801369863013698
632322,尖扎县,0.8927860768765943,5,0.6820951772264803,0.787888956,0.42264362556890034,0.9725036,0.0,1.0,False,5.803863141800408,1,0.002,0.019801369863013698
632621,玛沁县,0.9064749407091836,5,0.6787723343622738,0.840009996,0.393661198545697,0.9516716,0.0,1.0,False,9.170897221060464,1,0.002,0.019801369863013698
632724,治多县,0.8884480394351851,5,0.6207650451448377,0.8787502119999999,0.2900204437740614,0.8003227,0.0,1.0,False,8.191461495652387,1,0.002,0.019801369863013698
632725,囊谦县,0.9023735972958836,5,0.6529442027714526,0.811313756,0.3278598258337515,0.980192,0.0,1.0,False,3.689795528373218,1,0.002,0.019801369863013698
632623,甘德县,0.8978581800069243,5,0.6081281249810692,0.8530489640000001,0.21469278686964374,0.8901934,0.0,1.0,False,11.819353315482084,1,0.002,0.019801369863013698
632723,称多县,0.9103145947210501,5,0.6405242803488358,0.855474616,0.2828392660308102,0.946781,0.0,1.0,False,10.138377201180802,1,0.002,0.019801369863013698
630123,湟源县,0.9026795286515273,5,0.7010741681776657,0.8282847600000001,0.4540983772745954,0.9584452,0.0,1.0,False,6.249963809912353,1,0.002,0.019801369863013698
632802,德令哈市,0.8864118703027283,5,0.7400822582232677,0.862002552,0.5941346629493091,0.8165436,0.7366666666666667,1.0,False,1.8945275456558912,1,0.006,0.04189855072463768
632803,茫崖市,0.86963505096377,4,0.7113030438246079,0.890126808,0.5862115274253172,0.7065998,0.0,1.0,False,2.6065312740837374,1,0.002,0.019801369863013698
630202,乐都区,0.8890911953467133,5,0.7503916235178607,0.790293568,0.5958702484322906,0.9550527999999999,0.96,1.0,False,5.269025666355565,1,0.002,0.019801369863013698
632622,班玛县,0.8987972325465459,5,0.6201177323818678,0.8029554919999999,0.2352787986926529,0.9811398,0.0,1.0,False,8.35131502389141,1,0.002,0.019801369863013698
630225,循化撒拉族自治县,0.8841763425820177,5,0.6935432064216183,0.7668545440000001,0.46649336487381904,0.967427,0.0,1.0,False,3.9874572152547807,1,0.002,0.019801369863013698
630224,化隆回族自治县,0.8935533156072919,5,0.7200874711803719,0.808105876,0.5151356035889834,0.9481289,0.12333333333333334,1.0,False,5.523208630333051,1,0.002,0.019801369863013698
632625,久治县,0.886852961156784,5,0.6064950088128385,0.827598108,0.23083556653834592,0.8789639,0.0,1.0,False,11.591005008297463,1,0.002,0.019801369863013698
630223,互助土族自治县,0.8690449032623587,4,0.7396783188121513,0.740716504,0.6122386605747221,0.9326462,0.7566666666666667,1.0,False,3.283755542544735,1,0.002,0.019801369863013698
632624,达日县,0.8973618738033905,5,0.6099451824923677,0.8542284600000001,0.22144471694980974,0.8869484,0.0,1.0,False,10.965053761349,1,0.002,0.019801369863013698
632823,天峻县,0.9034786718952548,5,0.679980318233543,0.84071564,0.40137326646293425,0.9388445,0.0,1.0,False,3.883747419489215,1,0.002,0.019801369863013698
632701,玉树市,0.9017086038206374,5,0.6739507315848977,0.82198068,0.38792547359384344,0.9578654,0.0,1.0,False,7.2277442902430815,1,0.002,0.019801369863013698
632801,格尔木市,0.8987218977368618,5,0.8193719671499544,0.88393478,0.7567962707332506,0.8353826,1.0,1.0,True,6.829370736174439,1,0.002,0.019801369863013698
630121,大通回族土族自治县,0.8810212175446278,5,0.75947126544597,0.789817636,0.6335235069003948,0.9119258,1.0,1.0,False,5.694443821941405,1,0.002,0.019801369863013698
632222,祁连县,0.895830705028678,5,0.6702958783123504,0.8157200560000001,0.386520098797137,0.9452533000000001,0.0,1.0,False,3.9605762216871967,1,0.002,0.019801369863013698
632323,泽库县,0.9166686723917475,5,0.6762406045433952,0.84873854,0.3671142585806481,0.9961024,0.0,1.0,False,8.171836508814772,1,0.002,0.019801369863013698
632324,河南蒙古族自治县,0.9088110123439925,5,0.6760581008090192,0.8451374359999999,0.38043847510702017,0.9611936999999999,0.0,1.0,False,10.260999820304786,1,0.002,0.019801369863013698
630222,民和回族土族自治县,0.8788902040296969,5,0.7475345197680139,0.786453044,0.6087397521895748,0.9087556000000001,0.9366666666666666,1.0,False,4.038409496627883,1,0.002,0.019801369863013698
630203,平安区,0.894790961598048,5,0.7458153436249438,0.810149684,0.5745442863501659,0.9504570999999999,0.87,1.0,False,5.450633571460384,1,0.002,0.019801369863013698
630102,城东区,0.9011705086363611,5,0.8140167809503672,0.830371464,0.7199430564431919,0.9477333,1.0,1.0,False,5.733533182006182,1,0.002,0.019801369863013698
632822,都兰县,0.8974559861098631,5,0.7146516539660908,0.8845479159999999,0.5133671057465556,0.8340842,0.04,1.0,False,5.324704901823671,1,0.002,0.019801369863013698
632523,贵德县,0.9045363288061966,5,0.6918681658516491,0.8378599680000001,0.4289580992368743,0.9502751,0.0,1.0,False,6.6911910111420445,1,0.002,0.019801369863013698
632522,同德县,0.9137059171166542,5,0.6771672367107241,0.850633912,0.3762744073947662,0.9735335999999999,0.0,1.0,False,9.068499754533454,1,0.002,0.019801369863013698
371728,东明县,0.8046212900680562,3,0.7293384290307958,0.711651248,0.7835940786621945,0.6977151,0.04,0.0,False,-8.765445049945999e-05,0,0.774,0.9188997555012225
370285,莱西市,0.823273165885969,3,0.7546595115250132,0.757331036,0.815796127605538,0.7000969,1.0,0.0,False,0.0024825768610925556,0,0.774,0.9188997555012225
370902,泰山区,0.8159601418052926,3,0.748597058499677,0.688981392,0.7951967626360815,0.7697681000000001,1.0,0.0,False,-0.011078220987126935,0,0.9,0.9576370997423629
370613,莱山区,0.8242241080174819,3,0.7550536539723702,0.732217032,0.7984960781059457,0.7381631,1.0,0.0,False,0.04170131270471695,0,0.586,0.786502321262767
370115,济阳区,0.8170985602005344,3,0.7278016525597948,0.7444373,0.7412425050469403,0.6991923,0.016666666666666666,0.0,False,0.00026518689647990566,0,0.894,0.9558261834319527
370784,安丘市,0.8147952536517817,3,0.7308922486543079,0.744306096,0.766129983739014,0.6862491,0.19666666666666666,0.0,False,-0.003706736862557146,0,0.974,0.9900963431786216
371323,沂水县,0.8203589463278641,3,0.7498114608984199,0.7280165439999999,0.7933834301596698,0.7316351,1.0,0.0,False,5.3596737473448086e-05,0,0.97,0.9884631653154741
370522,利津县,0.8167491846773691,3,0.7211263368404779,0.742887408,0.7243814212367317,0.6972684,0.0,0.0,False,0.07486856347677866,0,0.176,0.3314762214983713
371328,蒙阴县,0.8181161404066394,3,0.7113123057674506,0.7081304239999999,0.6742370672342749,0.7549543000000001,0.0,0.0,False,-0.004359573567346433,0,0.85,0.9389950324799389
370923,东平县,0.802976397047905,3,0.699957492978214,0.702354948,0.6979241595390343,0.6996029,0.0,0.0,False,-0.017302260061308694,0,0.908,0.9604932308818149
370811,任城区,0.8116232266758887,3,0.7547762534855037,0.729824808,0.865518788076946,0.6921263,1.0,0.0,False,0.0039363080903357965,0,0.762,0.9187703826955076
370126,商河县,0.8177959241362106,3,0.7107494642808572,0.74823696,0.6880645422695643,0.6980796,0.0,0.0,False,0.0021753236789903096,0,0.748,0.9120489245044284
371502,东昌府区,0.8098534951007388,3,0.7500001433262946,0.731891156,0.8554721727803213,0.6837576000000001,1.0,0.11333333333333333,False,0.016202958058037658,0,0.744,0.9106282811176969
371681,邹平市,0.8076293457284095,3,0.7255745872529465,0.7334750319999999,0.7772294020337648,0.6723251,0.0033333333333333335,0.0,False,0.013253327062599842,0,0.65,0.8460828455650609
371703,定陶区,0.806834177698605,3,0.7068000525698916,0.724845096,0.7069316883060377,0.6892555,0.0,0.0,False,0.004825760423785127,0,0.772,0.9188997555012225
371426,平原县,0.8162342132153846,3,0.7164555658902926,0.745737172,0.7100216674682999,0.6950536,0.0,0.0,False,0.004953915675028766,0,0.748,0.9120489245044284
370117,钢城区,0.8207169749252639,3,0.7226241732665878,0.715176988,0.6984049449136174,0.7562603,0.0,0.0,False,0.0006496487650832497,0,0.94,0.9743779132305486
370103,市中区,0.8223031759462837,3,0.780653040383872,0.69757136,0.9002490438640494,0.7789001,1.0,0.0,False,-0.004240745473470693,0,0.864,0.944714069591528
370785,高密市,0.8219160539782614,3,0.7531789169518761,0.756699256,0.8145726069324754,0.6976191,1.0,0.0,False,-0.005107263062191214,0,0.874,0.9481178236397748
370404,峄城区,0.8139399811281667,3,0.6943674263086802,0.735143036,0.6486366179423058,0.7028263,0.0,0.0,False,0.007843780856339275,0,0.618,0.8180576923076923
371326,平邑县,0.8148345265275546,3,0.720670705261394,0.7176623599999999,0.7186996732267593,0.7256919000000001,0.0,0.0,False,0.003447981368923161,0,0.824,0.9305406249999999
370686,栖霞市,0.8157916005706959,3,0.7209911452342773,0.701416296,0.7165055852415875,0.7461923,0.0,0.0,False,0.019317332026986787,0,0.84,0.9368981481481482
370116,莱芜区,0.8193186042346132,3,0.7443663291275343,0.7063406,0.7686516297111696,0.7610798,1.0,0.0,False,-0.0010370078342719605,0,0.998,0.9986908965039806
371121,五莲县,0.8188417014726755,3,0.7120978252690685,0.720567332,0.6800824213804901,0.7374429,0.0,0.0,False,-0.029369317048326345,0,0.748,0.9120489245044284
371503,茌平区,0.8034301909780192,3,0.70855804615117,0.736512836,0.7382331298692688,0.6554548,0.0,0.48,False,0.020185700706466813,0,0.75,0.9125631313131313
370683,莱州市,0.818864221094371,3,0.7561264260846503,0.7370228,0.8380576721101485,0.7065442,1.0,0.0,False,0.01977472747625707,0,0.858,0.9435062761506277
370202,市南区,0.8201027822141974,3,0.7734359202690895,0.741362848,0.9196867407662851,0.7021656000000001,1.0,0.0,False,-0.00028205120603400736,0,0.966,0.9864733309784529
370830,汶上县,0.812568965024969,3,0.7116732414473678,0.7369062319999999,0.7052254676246362,0.6939131,0.0,0.0,False,0.0010022409731981735,0,0.902,0.9580022042615725
371723,成武县,0.8091087703866471,3,0.7031285116349822,0.72604266,0.6868456928725662,0.6972992,0.0,0.0,False,0.00264538877049135,0,0.8,0.92512
370682,莱阳市,0.8241401658558479,3,0.7462584080153553,0.75691836,0.7798703079892162,0.7057388,1.0,0.0,False,0.0034397049572564,0,0.776,0.9188997555012225
370829,嘉祥县,0.8109266568261252,3,0.7210694889886302,0.732857008,0.7393879290009727,0.6923892,0.0,0.0,False,0.003507657710073432,0,0.834,0.934170476559473
371482,禹城市,0.8157704119169089,3,0.7179910034357554,0.744389556,0.7156980797673975,0.6952005,0.0,0.0,False,0.002386156025891522,0,0.824,0.9305406249999999
371327,莒南县,0.815486107390046,3,0.7257406117069145,0.746026616,0.7464551312245539,0.6873638,0.0,0.0,False,0.0008657843020295949,0,0.84,0.9368981481481482
371602,滨城区,0.8154915032960469,3,0.7506378735795206,0.74485594,0.8356628446097076,0.6866092,1.0,0.0,False,-0.007595878017848394,0,0.784,0.9209849654611946
370322,高青县,0.8152659763147246,3,0.703802412517478,0.744996064,0.6771939421052414,0.6917113,0.0,0.0,False,0.0006274790073552998,0,0.66,0.854012494422133
371725,郓城县,0.8100273390181257,3,0.7342576544670933,0.726984744,0.7838759755910547,0.6966312,0.45666666666666667,0.0,False,0.002158334719509923,0,0.914,0.9633153481589501
370104,槐荫区,0.8144030461351853,3,0.7512692859302985,0.7335616519999999,0.8352125452959096,0.6986531,1.0,0.0,False,-0.0011590386328004618,0,0.898,0.9576237550719292
370523,广饶县,0.8173728708633201,3,0.7554946890408563,0.741646056,0.8437059642046993,0.6969073,1.0,0.0,False,-0.001580748136401694,0,0.874,0.9481178236397748
370215,即墨区,0.82428372544783,3,0.7781681604047062,0.750303932,0.9210005783069882,0.7057718000000001,1.0,0.0,False,-0.00805987972075139,0,0.836,0.9360480247869868
370304,博山区,0.8139434482925172,3,0.7218072789889386,0.64410538,0.7043413557091763,0.8392052999999999,0.0,0.0,False,-0.009068098942975833,0,0.824,0.9305406249999999
371622,阳信县,0.8160893142014559,3,0.715573271864937,0.7471572120000001,0.7092136532607377,0.6920352000000001,0.0,0.0,False,-0.002055734067788981,0,0.966,0.9864733309784529
370114,章丘区,0.8199469872721494,3,0.775529534690688,0.710251308,0.8992004423197163,0.7491869,1.0,0.0,False,0.004331403238221878,0,0.796,0.92512
370602,芝罘区,0.8244524364168838,3,0.7767806384971392,0.73450268,0.8956273293436816,0.7292221,1.0,0.0,False,0.022843261699328418,0,0.586,0.786502321262767
370826,微山县,0.7762895777144301,2,0.6895116078318978,0.631713952,0.7628690734852982,0.6817262,0.0,0.0,False,-0.13710056790714828,0,0.69,0.8752917946467748
371625,博兴县,0.8188284190854179,3,0.7383140780183624,0.749375444,0.7715811328186881,0.6975511999999999,0.8433333333333334,0.0,False,-0.0002650154445962478,0,0.982,0.9932765363128492
370323,沂源县,0.8241507378365414,3,0.7400829875708629,0.690429376,0.7294535869853074,0.8096190000000001,1.0,0.0,False,-0.0025499193455826275,0,0.996,0.9984174757281554
371422,宁津县,0.8191403034637954,3,0.7196630960850093,0.7517543560000001,0.7111189666701692,0.6978355,0.0,0.0,False,0.0026445947406221033,0,0.782,0.9197567127746136
371423,庆云县,0.8161934895243887,3,0.7012578804067563,0.744007616,0.665346702165864,0.697428,0.0,0.0,False,0.002799092599366043,0,0.78,0.9188997555012225
370812,兖州区,0.8137960837290175,3,0.7523884896904723,0.7360485079999999,0.8438657226902926,0.6936273,1.0,0.0,False,0.0018079186585719712,0,0.906,0.9601341642228739
370831,泗水县,0.8201379399935281,3,0.7125661911558875,0.73300084,0.6778538130538362,0.7288014,0.0,0.0,False,0.0008006288083494937,0,0.826,0.9317073741708934
371103,岚山区,0.8123542996730018,3,0.7376554706461066,0.735035332,0.8006276518563747,0.6855198,0.7833333333333333,0.0,False,-0.009512319368292707,0,0.682,0.8674271887373516
371329,临沭县,0.8177470266050245,3,0.7141057908346421,0.7475481639999999,0.6990399997533414,0.6974317,0.0,0.0,False,3.482263692974061e-05,0,0.892,0.9543937823834197
371102,东港区,0.8188497507470277,3,0.7650607697528061,0.7320816400000001,0.873381437490456,0.7126731,1.0,0.0,False,0.005268263895786053,0,0.948,0.9777623974313234
370203,市北区,0.820110480991119,3,0.7673472742942775,0.746186548,0.8858471441447755,0.6987534000000001,1.0,0.0,False,8.797121184396926e-05,0,0.996,0.9984174757281554
370211,黄岛区,0.8283878076660639,4,0.7858495503381855,0.7309058959999999,1.0,0.7175826,1.0,0.9066666666666666,True,-0.026761856341988383,0,0.958,0.9828168914123492
370105,天桥区,0.8132854517718484,3,0.7493082978812581,0.732444848,0.8341031854402493,0.6951848999999999,1.0,0.0,False,-0.0018074000795614408,0,0.878,0.9485756897837434
371122,莒县,0.8072459332578479,3,0.719469266039605,0.744332704,0.7669656671339204,0.6547844,0.0,0.07333333333333333,False,-0.0018570053029731235,0,0.992,0.9968272506082725
370403,薛城区,0.8139161626129776,3,0.7289437097457082,0.732576388,0.7514820475217815,0.7040922000000001,0.013333333333333334,0.0,False,-0.004464435347409131,0,0.846,0.9374419317746263
370782,诸城市,0.8212277544421033,3,0.7598074159261429,0.747049968,0.8395990504899516,0.7061649999999999,1.0,0.0,False,0.0009583244922355687,0,0.856,0.9431006097560976
370481,滕州市,0.8132417387425037,3,0.7542164583158196,0.735266744,0.8558551401726414,0.691569,1.0,0.0,False,-0.02358011314102,0,0.734,0.9064476719350706
370786,昌邑市,0.8157804251756592,3,0.7410248009880246,0.738894612,0.7950681084834351,0.6954,0.96,0.0,False,0.02056422584067528,0,0.89,0.9529592592592594
371003,文登区,0.8206668734758309,3,0.7517159013870753,0.7247141479999999,0.801506878135429,0.7336917,1.0,0.0,False,0.05878687087443381,0,0.632,0.8305054545454545
371524,东阿县,0.8070517503883531,3,0.6864620202261811,0.73248412,0.6522565898507203,0.6775625000000001,0.0,0.0,False,0.0010966766740978851,0,0.866,0.9458680738786279
371526,高唐县,0.8135657320342115,3,0.6960873316162621,0.740523032,0.6579159906155119,0.6930125,0.0,0.0,False,0.005022202128174149,0,0.67,0.8578255093002657
371311,罗庄区,0.8134034684739604,3,0.7377352653870207,0.741414784,0.7932964207247221,0.6856391000000001,0.78,0.0,False,0.0016071847429216793,0,0.886,0.9507891610987379
370283,平度市,0.823673150557296,3,0.763954270593769,0.751348664,0.8461951634507078,0.7088899,1.0,0.0,False,-0.0038979607996199148,0,0.844,0.9374419317746263
370687,海阳市,0.8250708706908824,3,0.7528847209391177,0.729637204,0.784624604503427,0.7465508000000001,1.0,0.0,False,0.02038275705763988,0,0.81,0.9273018867924528
371427,夏津县,0.8155949942908928,3,0.7078541622126984,0.7426725319999999,0.6848393340943713,0.6979010999999999,0.0,0.0,False,0.003193417968710022,0,0.772,0.9188997555012225
370614,蓬莱区,0.8241858782215938,3,0.7353525910670151,0.7365425640000001,0.7357108580632801,0.7338091,0.66,0.0,False,0.03060130686648283,0,0.712,0.8918509532062391
370783,寿光市,0.8123373500924052,3,0.7526297892345931,0.7372910159999999,0.8662973915083688,0.679424,1.0,0.0,False,0.010051223791354083,0,0.834,0.934170476559473
370213,李沧区,0.8198765523656446,3,0.7503466485212903,0.739371216,0.8058321688802543,0.7120698999999999,1.0,0.0,False,0.0004001281646886588,0,0.964,0.9861726822363764
370883,邹城市,0.8117669068777221,3,0.754198126852485,0.7321146439999999,0.8678162245252198,0.68719,1.0,0.17,False,-0.032905806110782206,0,0.662,0.854012494422133
370982,新泰市,0.8196328944964562,3,0.7522397432400142,0.732732984,0.8077656109501352,0.7221349,1.0,0.0,False,-0.001022715539050048,0,0.996,0.9984174757281554
370781,青州市,0.8189320116051116,3,0.7586528480547116,0.705571556,0.8241257379603526,0.7563049,1.0,0.0,False,0.000767653041250555,0,0.864,0.944714069591528
370725,昌乐县,0.8142084727458972,3,0.7259368802825469,0.749134112,0.7543384684799728,0.6784284,0.0033333333333333335,0.0,False,-0.016618055144868017,0,0.688,0.8735212999560825
370303,张店区,0.8180205856261711,3,0.7654350104955119,0.74701684,0.8888695390530229,0.6915216,1.0,0.23666666666666666,False,0.010365511757084136,0,0.872,0.9481178236397748
370983,肥城市,0.8139222392530406,3,0.7535555406578526,0.729188776,0.8457956375134085,0.7017708,1.0,0.0,False,-0.010798468251542613,0,0.868,0.9458680738786279
370724,临朐县,0.8191401838432615,3,0.7406903758467015,0.7030998560000001,0.757624209366729,0.7641679,1.0,0.0,False,-0.0020392147357049008,0,0.82,0.9296549019607843
370827,鱼台县,0.8107270127461657,3,0.7046309535272612,0.729056932,0.6881655781055425,0.6975725,0.0,0.0,False,0.0067060414352398,0,0.734,0.9064476719350706
371702,牡丹区,0.8075299795295687,3,0.7523956938160645,0.72114038,0.8720566491849165,0.6899891,1.0,0.043333333333333335,False,0.009353237886928259,0,0.862,0.9446709628506444
370921,宁阳县,0.8050245515619351,3,0.7033180763482677,0.7379751240000001,0.7172279025369384,0.6581022,0.0,0.08,False,-0.00635859204179952,0,0.968,0.9874693013408609
370612,牟平区,0.8221979102478276,3,0.7423956511701048,0.69710926,0.7527529506717512,0.7820535000000001,1.0,0.0,False,0.07278900232131687,0,0.618,0.8180576923076923
371481,乐陵市,0.8182614114260012,3,0.7191560247398855,0.7496371079999999,0.7121233711714019,0.6972883000000001,0.0,0.0,False,0.0012415224911515909,0,0.898,0.9576237550719292
371403,陵城区,0.8175260504327533,3,0.7175512670511692,0.7479140839999999,0.7095545072054269,0.6967097,0.0,0.0,False,0.002067852213924831,0,0.772,0.9188997555012225
370402,市中区,0.8127369637923286,3,0.7169781893945365,0.73039344,0.719454557888863,0.7015404000000001,0.0,0.0,False,-0.011942833900615298,0,0.724,0.8990910652920961
371325,费县,0.815940967865004,3,0.7426655724042563,0.713471148,0.7827918976043097,0.7349362,1.0,0.0,False,-0.002616591416481286,0,0.862,0.9446709628506444
371525,冠县,0.8111861979393692,3,0.7101970201039002,0.7321041479999999,0.7031377883939413,0.6960933,0.0,0.0,False,0.004552115132220649,0,0.786,0.9222102272727273
370703,寒亭区,0.8042758974698847,3,0.73254109905241,0.70218208,0.8112249080961617,0.6943862999999999,0.31666666666666665,0.0,False,0.05241377810368884,0,0.976,0.9907359550561797
370681,龙口市,0.8235045517507559,3,0.7784589271516748,0.729832136,0.9143051569149343,0.7288307,1.0,0.0,False,0.012516152118383556,0,0.824,0.9305406249999999
370502,东营区,0.8131851423197862,3,0.7660316981864967,0.7227563319999999,0.9322059036021085,0.6944964,1.0,0.0,False,0.10699605446339215,0,0.348,0.5388687734333155
370828,金乡县,0.8106869724281357,3,0.7094016628618373,0.730117872,0.7020129358377051,0.6967287,0.0,0.0,False,0.0016613003360946873,0,0.784,0.9209849654611946
370705,奎文区,0.8212068008303504,3,0.7662976475546394,0.7542382839999999,0.8757649380143172,0.6945741,1.0,0.023333333333333334,False,-0.026022541743878268,0,0.646,0.8427734657039712
370406,山亭区,0.812573838661065,3,0.6865992038013105,0.693603236,0.6201973418371683,0.7537765000000001,0.0,0.0,False,-0.0068308724403431265,0,0.726,0.9008008583690987
370881,曲阜市,0.8134469069361431,3,0.7300139381973336,0.733449568,0.7608539287677485,0.6980541,0.1,0.0,False,-0.0009960813152458789,0,0.654,0.8501411870503598
371302,兰山区,0.8175109276258871,3,0.7684693107477826,0.741228432,0.9090261953232812,0.6943684,1.0,0.0,False,0.0020106292985592124,0,0.868,0.9458680738786279
371321,沂南县,0.8165600127004923,3,0.7197075845493253,0.734259328,0.7153736098571372,0.7098468,0.0,0.0,False,0.001350804645691734,0,0.852,0.9397680274704312
370685,招远市,0.8262576429414608,3,0.7680196627152891,0.745356272,0.8451795802418157,0.7259185,1.0,0.0,False,0.0052117041417689795,0,0.848,0.9382196708763872
370214,城阳区,0.8171181602666059,3,0.7689251100783783,0.7187456400000001,0.904518405364182,0.7189324,1.0,0.0,False,-0.007346114396874688,0,0.848,0.9382196708763872
371428,武城县,0.8153785875003636,3,0.702198744570079,0.74270824,0.6698709823583587,0.6966441,0.0,0.0,False,0.0013784580167474038,0,0.76,0.918161303802758
370281,胶州市,0.8228809071707742,3,0.7765403716323516,0.75132624,0.9243059943631105,0.6993056000000001,1.0,0.0,False,-0.002237718800909609,0,0.96,0.9845193330968427
371521,阳谷县,0.8099970203287653,3,0.7179903057028199,0.729139816,0.730932331121412,0.6947923,0.0,0.0,False,-0.0016166504823638618,0,0.924,0.9664558610709117
371724,巨野县,0.8102188502964325,3,0.7280380521892503,0.728644256,0.7625354661102564,0.6955231000000001,0.0033333333333333335,0.0,False,0.0045405471972082565,0,0.772,0.9188997555012225
370306,周村区,0.8068587642180048,3,0.7019435974401103,0.738497988,0.7046957519355499,0.6652348,0.0,0.0,False,0.006983217710373151,0,0.796,0.92512
370503,河口区,0.8012074962653346,3,0.7256462203079009,0.691067408,0.7971952300260127,0.6967781,0.0,0.0,False,0.33634976143408407,0,0.354,0.5464036305392419
370124,平阴县,0.8038950280235821,3,0.7019428398133724,0.712180728,0.704651507369469,0.6892598000000001,0.0,0.0,False,0.0005689816995995733,0,0.828,0.9325079859758473
371581,临清市,0.810678649375292,3,0.7118056551855103,0.73506888,0.7127885140831622,0.6886719,0.0,0.0,False,0.008394754135387995,0,0.682,0.8674271887373516
370702,潍城区,0.8129951637354613,3,0.7216024971623836,0.7482161359999999,0.7459156907034294,0.6745511,0.0,0.0,False,-0.010184465353718584,0,0.76,0.918161303802758
370302,淄川区,0.8137173491857939,3,0.7436892917625745,0.68383438,0.7861546215827929,0.7687685,1.0,0.0,False,0.0034605975934365453,0,0.754,0.9158882352941176
370112,历城区,0.8205687160656683,3,0.786008919461393,0.670013864,0.9556520982288946,0.8047746,1.0,0.0,False,6.818868079151174e-05,0,0.984,0.9932765363128492
371722,单县,0.8090660317844984,3,0.7278912108548877,0.72403778,0.7646060389083932,0.6976500999999999,0.0033333333333333335,0.0,False,0.001717123885064202,0,0.796,0.92512
371402,德城区,0.8157849230500263,3,0.754279525949548,0.746344868,0.8491098026904158,0.6861719,1.0,0.013333333333333334,False,0.015047544923568097,0,0.714,0.8935818181818181
371082,荣成市,0.8171158506853726,3,0.7632064980407259,0.720096132,0.8688304983487902,0.722108,1.0,0.0,False,0.06092916314015198,0,0.662,0.854012494422133
370405,台儿庄区,0.7998428889322546,3,0.666635444634589,0.733815336,0.6249780322623572,0.6461140000000001,0.0,0.42,False,0.030235104363575134,0,0.652,0.8479226270805218
371083,乳山市,0.8224483199436599,3,0.7326411715409189,0.720299704,0.7280305383734934,0.7501641000000001,0.14,0.0,False,0.058149061220844664,0,0.636,0.8327336956521739
370212,崂山区,0.8150697796894685,3,0.7684721014498663,0.6438132560000001,0.8803021231112492,0.8291812000000001,1.0,0.0,False,-0.023119178352722185,0,0.782,0.9197567127746136
370911,岱岳区,0.8160809903605493,3,0.750370211865723,0.707620292,0.8087500653271312,0.7418359000000001,1.0,0.0,False,-0.0016476750502409023,0,0.888,0.9518754171301447
371726,鄄城县,0.8070606407476428,3,0.7113444865688155,0.719487736,0.7172279025369384,0.6976157000000001,0.0,0.0,False,-0.0005640915338062737,0,0.832,0.934170476559473
371002,环翠区,0.8214436772700395,3,0.7781192167159265,0.711238748,0.9143959519320557,0.7473681000000001,1.0,0.0,False,0.04089183036237138,0,0.566,0.7678582824964805
370305,临淄区,0.8192980293562563,3,0.7608831320448726,0.7453007999999999,0.8539284496668504,0.7012767000000001,1.0,0.0,False,0.0050029950064043646,0,0.838,0.9368981481481482
371621,惠民县,0.8056677323514685,3,0.693086580542123,0.74610848,0.6866924968364372,0.6506801,0.0,0.39,False,0.012626261873857469,0,0.842,0.9374419317746263
371424,临邑县,0.8182982436179571,3,0.7243673537960621,0.748940244,0.7271466871832761,0.6984568,0.0,0.0,False,0.003459203085377006,0,0.786,0.9222102272727273
370102,历下区,0.8228881818118915,3,0.7880619012351954,0.697735844,1.0,0.7594076999999999,1.0,0.08,True,-0.0028902637307558956,0,0.962,0.9855216158752657
371522,莘县,0.8092995097151874,3,0.7100243889704674,0.72629438,0.7067577603023558,0.6974629000000001,0.0,0.0,False,0.002248705405892437,0,0.874,0.9481178236397748
371623,无棣县,0.792555388652675,3,0.7025545750413725,0.6971687919999999,0.7597201916439732,0.6560653000000001,0.0,0.0,False,0.15743691461127618,0,0.516,0.7147848586487782
370113,长清区,0.8172119965793204,3,0.7369657862408281,0.6930772119999999,0.7486521268307221,0.7733038,1.0,0.0,False,0.005351366958687783,0,0.954,0.9818490566037734
371425,齐河县,0.8133371781471739,3,0.7276014301690898,0.7415164999999999,0.756489851695878,0.687798,0.016666666666666666,0.0,False,0.00046731069756895846,0,0.868,0.9458680738786279
371312,河东区,0.8166840600263185,3,0.7490100124249496,0.744682584,0.82084201418182,0.6925823,1.0,0.0,False,-6.1779527487495455e-06,0,0.9,0.9576370997423629
371322,郯城县,0.8142292159600437,3,0.7276952744743829,0.7389841799999999,0.7519677274201357,0.6942432000000001,0.006666666666666667,0.0,False,-0.0011700116735239145,0,0.79,0.9242776203966007
370505,垦利区,0.8096071150445545,3,0.7181596790247948,0.722270732,0.740687909022997,0.6927799,0.0,0.0,False,0.16438072372497534,0,0.348,0.5388687734333155
370611,福山区,0.8282703712677981,4,0.7919718627116079,0.727328668,0.9875465474642544,0.7408606,1.0,0.0,True,-0.011788284827349059,0,0.652,0.8479226270805218
370832,梁山县,0.8102545631699162,3,0.712406564245046,0.729535576,0.7129128349360947,0.6953764,0.0,0.0,False,-0.0012592465791525932,0,0.962,0.9855216158752657
371603,沾化区,0.8038650857292144,3,0.6888988633716335,0.7038064559999999,0.6670924661020341,0.6964631,0.0,0.0,False,0.2813760904999477,0,0.298,0.48210296586457746
370321,桓台县,0.8187525125957265,3,0.7526081566367646,0.747996936,0.8228613761956682,0.697771,1.0,0.0,False,0.006628498847926617,0,0.792,0.9247463651050081
371324,兰陵县,0.8113050776826749,3,0.7189916403688308,0.735930952,0.7356812031758099,0.6870795,0.0,0.0,False,0.007080771577498403,0,0.774,0.9188997555012225
370704,坊子区,0.8075609741234382,3,0.7033338465460788,0.724573664,0.7038078684480388,0.6824835,0.0,0.0,False,-0.025133980912586625,0,0.816,0.9273018867924528
371721,曹县,0.8081439050911945,3,0.735949691115144,0.721547704,0.7952610400432432,0.6973706,0.6333333333333333,0.0,False,0.0078115398538669955,0,0.746,0.9115325443786982
140602,朔城区,0.8347898531494587,4,0.7563609562535882,0.744932124,0.7536827709587625,0.770956,1.0,1.0,False,1.2016454186106162,1,0.002,0.019801369863013698
140923,代县,0.8401672772885991,4,0.6937261205732654,0.684284264,0.5528748717232228,0.901582,0.0,1.0,False,0.7452447033321287,0,0.04,0.12488120950323973
140882,河津市,0.8096789289405956,3,0.7266001532989486,0.725565344,0.7607410171086486,0.6959,0.0,0.0,False,0.02352407419585152,0,0.614,0.8135077910174152
140622,应县,0.8413313815849661,4,0.7016144187352402,0.7382988639999999,0.5801128854091295,0.8141381999999999,0.0,0.9966666666666667,False,0.5929816911923091,0,0.01,0.05294871794871795
140703,太谷区,0.8321901157350128,4,0.735946060599737,0.692548956,0.6879689487011061,0.847515,0.6733333333333333,1.0,False,0.2570938353878695,0,0.226,0.39478308157099695
140723,和顺县,0.8177975152515251,3,0.6835884873481549,0.6015797399999999,0.5792703164247015,0.9411808,0.0,0.8266666666666667,False,0.3138572566584745,0,0.134,0.2709048951048951
141034,汾西县,0.7946873990940179,3,0.5958804929175163,0.70123008,0.43660701762907894,0.6662984000000001,0.0,1.0,False,0.4058478791111369,0,0.352,0.5441882352941176
140824,稷山县,0.8062277718836413,3,0.6734510918844597,0.71133096,0.6103885484179887,0.70362,0.0,0.0,False,-0.004179864537160395,0,0.72,0.8968203360620423
141130,交口县,0.8238579179813973,3,0.665748009065303,0.631904276,0.5138370803810193,0.9163047,0.0,0.8366666666666667,False,0.368338899860623,0,0.062,0.16414102564102565
140105,小店区,0.8206096641941354,3,0.7753242120135164,0.7423765640000001,0.9198922010067642,0.7060398,1.0,0.4166666666666667,False,0.08743239071347672,0,0.308,0.49413318534961154
141021,曲沃县,0.8072317828275288,3,0.6894401196598259,0.7282453959999999,0.6576583726046937,0.6846628000000001,0.0,0.0033333333333333335,False,-0.010239813390155662,0,0.988,0.9948826192964124
141125,柳林县,0.8594335564389615,4,0.7850949404297144,0.752364288,0.7421712609996847,0.8813177999999999,1.0,1.0,False,3.179112297528116,1,0.002,0.019801369863013698
140106,迎泽区,0.8290725616430283,4,0.7877912120492457,0.678876716,0.8804050724800336,0.8448912000000001,1.0,0.9866666666666667,False,0.1648916740418464,0,0.31,0.4962403100775194
140425,平顺县,0.8214040352313164,3,0.6380178797201908,0.612869748,0.43690948289703074,0.9452205,0.0,0.9933333333333333,False,0.17346165099200156,0,0.548,0.7494172185430463
140225,浑源县,0.8459228795231925,4,0.6813962273934879,0.7104963479999999,0.509753154921841,0.8833380000000001,0.0,1.0,False,1.0399682568925361,0,0.052,0.14781907571288103
140430,沁县,0.815664674990571,3,0.6402993832084484,0.660233568,0.47356012134662623,0.8250819,0.0,0.0,False,-0.0368345215916573,0,0.324,0.5124091903719913
141124,临县,0.853492677234095,4,0.736319121648635,0.7496015759999999,0.6331318113077762,0.8571779,0.6333333333333333,1.0,False,2.8889159317762867,1,0.002,0.019801369863013698
140822,万荣县,0.8033259959084186,3,0.6588725262095613,0.729696784,0.5870200380084006,0.6671441,0.0,0.02666666666666667,False,-0.009600175067302411,0,0.922,0.9650622737146994
140929,岢岚县,0.8508326183862472,4,0.6806665948745818,0.688724232,0.4931920618266705,0.9493591,0.0,1.0,False,2.6387120774458754,1,0.002,0.019801369863013698
140922,五台县,0.8260134665988461,3,0.6720673174574809,0.631974364,0.5258265560063703,0.9271548000000001,0.0,0.9966666666666667,False,0.5544745066296454,0,0.086,0.20131659919028339
140213,平城区,0.8294831919580453,4,0.7544812989314953,0.762151716,0.7831582370087465,0.7208943,1.0,0.7566666666666667,False,0.3928289960469028,1,0.006,0.04189855072463768
140222,天镇县,0.85418463620331,4,0.6848050809846382,0.756889532,0.5036644398299432,0.8496765999999999,0.0,1.0,False,1.6731072773488724,1,0.002,0.019801369863013698
141123,兴县,0.8626216414540411,4,0.7570964881171064,0.7271281359999999,0.6634962280892135,0.9419291000000001,1.0,1.0,False,3.599731969743562,1,0.002,0.019801369863013698
141024,洪洞县,0.8140790945821507,3,0.7095762912496638,0.702366064,0.6784283536697597,0.7506933,0.0,0.0,False,-0.008751763913116658,0,0.338,0.5281935135135135
141033,蒲县,0.8234810006879454,3,0.7128471305350829,0.623861956,0.6463284875760132,0.930399,0.0,0.9066666666666666,False,0.5191146675806324,0,0.04,0.12488120950323973
140728,平遥县,0.8224729669582185,3,0.7011393493118179,0.691780576,0.6237153290225141,0.8038957,0.0,0.84,False,0.14743336760436676,0,0.264,0.4427053364269142
141182,汾阳市,0.8188700841793922,3,0.7278127373122248,0.6887485959999999,0.7128838378051134,0.7879799999999999,0.0,0.0,False,-0.01471574495086694,0,0.214,0.38025445605408725
141029,乡宁县,0.8156952215919142,3,0.7226942764276537,0.614738932,0.6972357509141114,0.9078907,0.013333333333333334,0.7766666666666666,False,0.06170672205435571,0,0.62,0.8199542543458371
140427,壶关县,0.8110713108599483,3,0.6672202549804974,0.624772412,0.5527853197032814,0.8646895,0.0,0.0,False,0.0014242605275200748,0,0.556,0.7567777777777779
141122,交城县,0.7996217000885583,3,0.6674008794396322,0.587671356,0.584265720446753,0.8717692,0.0,0.8933333333333333,False,0.5463611745824074,0,0.044,0.132366285119667
141028,吉县,0.8260425011530738,3,0.6502592545390624,0.63657916,0.4646926085603741,0.9207061000000001,0.0,0.9933333333333333,False,0.29948126319266205,0,0.282,0.4645367521367521
140212,新荣区,0.8450253917895573,4,0.695833829853387,0.7653344320000001,0.5615066349162114,0.7900363,0.0,1.0,False,1.3287915646330637,1,0.008,0.04758847736625514
140729,灵石县,0.8242968093332836,3,0.7449767946734305,0.66885874,0.7367706070273047,0.8514868,1.0,0.9966666666666667,False,0.15084748165364295,0,0.414,0.6128387096774194
140110,晋源区,0.8178696121062685,3,0.6812880823383721,0.68302812,0.5837308008117439,0.7960501,0.0,0.0,False,-0.006597174731614378,0,0.102,0.2235648218347233
140522,阳城县,0.7935329056590632,3,0.7150537856637513,0.578454024,0.7494120340543328,0.8605921000000001,0.0,0.0,False,0.07590988676857033,0,0.57,0.7714747191011235
140827,垣曲县,0.7924467412397447,3,0.6589989432716614,0.580430224,0.5752073137210474,0.8589955,0.0,0.0,False,0.33041404598230495,0,0.226,0.39478308157099695
141032,永和县,0.8534110735348884,4,0.6508298296778191,0.7350306520000001,0.4114462189245736,0.8852141,0.0,1.0,False,2.5109693786117813,1,0.002,0.019801369863013698
140722,左权县,0.8082454637954009,3,0.6622136494674048,0.600581716,0.5438266606755363,0.8941676999999999,0.0,0.9733333333333334,False,0.5553883496187332,0,0.096,0.21547826086956523
140621,山阴县,0.8423961899809826,4,0.7396678786693801,0.7573770200000001,0.6801901232297334,0.7892953,0.8666666666666667,1.0,False,1.1866060974679382,1,0.002,0.019801369863013698
140428,长子县,0.8168337992752718,3,0.7263939742998803,0.681064276,0.7138413171794176,0.7916467,0.0,0.0,False,0.0015725613620023158,0,0.818,0.9292094302554027
141081,侯马市,0.8061859038103549,3,0.6877272762568454,0.7254097439999999,0.6554665783774087,0.6844658,0.0,0.0,False,-0.002167675864888967,0,0.918,0.964715270221255
141030,大宁县,0.8448028202257896,4,0.6242680700277384,0.6928931,0.3516638036098139,0.9148474999999999,0.0,1.0,False,1.6477660345517944,1,0.004,0.03285227272727273
140214,云冈区,0.8492908554724949,4,0.7866958990896838,0.7670152,0.7907108698117639,0.8035354000000001,1.0,1.0,False,1.3484573241879396,0,0.028,0.10030731102850063
140927,神池县,0.8500750598579997,4,0.6563470623380536,0.739866604,0.43822422207500145,0.8565465000000001,0.0,1.0,False,1.9592972251451688,1,0.002,0.019801369863013698
140215,云州区,0.840113777450737,4,0.7329927089798136,0.7517267639999999,0.669513838371582,0.7863405,0.4,0.9733333333333334,False,0.5512438561553306,0,0.02,0.08030555555555556
140423,襄垣县,0.8232632665080666,3,0.7496822211774756,0.714730872,0.7688297259215845,0.7680480000000001,1.0,0.0,False,0.05924245670125657,0,0.39,0.5881533646322379
140821,临猗县,0.8079782961430354,3,0.6919212494634932,0.73434388,0.6646049211763609,0.6792516,0.0,0.0,False,-0.010384022131507978,0,0.864,0.944714069591528
140802,盐湖区,0.8045782966948519,3,0.7210968346896292,0.692197044,0.7524213431984382,0.7206692,0.0,0.0,False,0.0578863673375768,0,0.664,0.8550663697104677
140303,矿区,0.8224250303516651,3,0.7181629885949045,0.7461186399999999,0.6906801151182921,0.7193482,0.0,0.0,False,0.0380185384218799,0,0.1,0.2211935730680949
140181,古交市,0.8145885175722146,3,0.6691960511519613,0.656344212,0.5566081840794894,0.8223865,0.0,1.0,False,1.1126510992522864,0,0.144,0.2839727148703956
140932,偏关县,0.8697932560735835,4,0.6798439527255925,0.752952852,0.45227527502095355,0.9355281,0.0,1.0,False,3.993574241819934,1,0.002,0.019801369863013698
140928,五寨县,0.848669590082662,4,0.6665107329640326,0.7342024279999999,0.46765008402667524,0.8582886,0.0,1.0,False,1.9177444617133312,1,0.004,0.03285227272727273
140322,盂县,0.8219060408855168,3,0.7130434508698581,0.639463444,0.6529681603597544,0.8879444000000001,0.0,0.9966666666666667,False,0.3847338884779669,0,0.226,0.39478308157099695
141031,隰县,0.839391889595997,4,0.6460912837251572,0.699938968,0.4298003976013009,0.8732426000000001,0.0,1.0,False,1.1056721857316947,1,0.004,0.03285227272727273
140406,潞城区,0.8187971405485828,3,0.7280279567805633,0.721834176,0.7241812502591648,0.7382500000000001,0.0,0.9433333333333334,False,0.1385580605352967,0,0.366,0.5610318133616119
140724,昔阳县,0.8259284163240805,3,0.7115103564372534,0.63938516,0.6368727803991208,0.9099509,0.0,0.9266666666666666,False,0.2393590441633614,0,0.296,0.4796726457399103
141082,霍州市,0.7973409021888587,3,0.663078895192501,0.647584356,0.5933063201562363,0.7587573000000001,0.0,0.0,False,0.005284822720240462,0,0.434,0.6362545638945233
141002,尧都区,0.8149463458901397,3,0.7415154837798368,0.69222188,0.7702012261104045,0.7670431000000001,1.0,0.0,False,0.012978191666640987,0,0.54,0.7419866920152092
141127,岚县,0.8470496647566481,4,0.6999411994839068,0.7039540119999999,0.5530090794593608,0.9024819000000001,0.0,1.0,False,1.9437005321318441,1,0.002,0.019801369863013698
140823,闻喜县,0.8042383851159394,3,0.6935349498290785,0.687497816,0.666829156985694,0.7280449,0.0,0.0,False,0.009635905642958213,0,0.756,0.9160083822296731
140925,宁武县,0.8383149372631219,4,0.7078445122045315,0.6668364120000001,0.5943810280494568,0.9238306999999999,0.0,1.0,False,1.8500519317333748,1,0.006,0.04189855072463768
141023,襄汾县,0.805080377065084,3,0.6830962940239416,0.722807392,0.6459183713241422,0.6830660000000001,0.0,0.016666666666666666,False,0.008613521753962898,0,0.804,0.9267799043062201
141129,中阳县,0.8243080509111798,3,0.713662238444079,0.628102336,0.6492449819227061,0.9202605,0.0,0.9833333333333333,False,0.9077746391471481,1,0.008,0.04758847736625514
141102,离石区,0.8343053394891163,4,0.7330246798353609,0.653899696,0.6754450065404755,0.9250288000000001,0.4166666666666667,1.0,False,1.094584926080617,0,0.012,0.05889983022071307
140881,永济市,0.7983856430365576,3,0.6773283630071719,0.681173348,0.6412717980871144,0.7115574,0.0,0.0,False,0.08797028438172562,0,0.4,0.5973140495867769
140781,介休市,0.8146261233367709,3,0.7319990344536955,0.684093892,0.7397559622615938,0.7773664,0.0,0.0,False,-0.008802586056966107,0,0.436,0.6375700556398584
140829,平陆县,0.8026580968469746,3,0.6470192720794115,0.660887212,0.5328337196555167,0.7647811,0.0,0.0,False,0.14758524151424135,0,0.256,0.4338194607268464
140403,潞州区,0.8091627385014463,3,0.7456595916759214,0.72262048,0.841846173587399,0.6892985,0.9966666666666667,0.0,False,-0.011734666613792164,0,0.52,0.7196361895643849
140924,繁峙县,0.8410807201741942,4,0.7003008384891333,0.684374532,0.5675007346214965,0.9067935,0.0,1.0,False,0.9937154115472471,0,0.012,0.05889983022071307
140525,泽州县,0.8058994464650838,3,0.7395616690151195,0.6183654399999999,0.7907686158680312,0.8448761,0.9133333333333333,0.0,False,0.005465959701975851,0,0.942,0.9754018624641833
141128,方山县,0.8312253578025531,4,0.6758858062828359,0.641150348,0.5250645785333532,0.9342836999999999,0.0,0.9866666666666667,False,1.2706074963234169,1,0.002,0.019801369863013698
140830,芮城县,0.8072044281483005,3,0.6757110050625592,0.7063370200000001,0.6105390746214865,0.715697,0.0,0.0,False,0.015485469413812547,0,0.34,0.530745140388769
140502,城区,0.8185388851532732,3,0.7459218527720443,0.7246717,0.7828933315604134,0.7327841,1.0,0.0,False,-0.008288876359797307,0,0.724,0.8990910652920961
140426,黎城县,0.8137343497424234,3,0.6567078984749143,0.620025152,0.513918634856706,0.8886984,0.0,0.43,False,0.11381530207239896,0,0.142,0.28195192307692307
140725,寿阳县,0.8304463828989302,4,0.7291856716011047,0.71721028,0.68095749693385,0.7977038,0.04,0.9733333333333334,False,0.23792542184958826,0,0.216,0.3835724815724816
140429,武乡县,0.8246953423194386,3,0.6914079667041845,0.6921253519999999,0.5908208413501886,0.8137913000000001,0.0,1.0,False,0.4357029042752069,0,0.148,0.28988346883468835
141126,石楼县,0.8567695073320691,4,0.644429804727969,0.737765048,0.38618044232358745,0.8971186,0.0,1.0,False,2.867689538885995,1,0.002,0.019801369863013698
141027,浮山县,0.8176537361013547,3,0.653700281559556,0.666772612,0.5036423116671395,0.8263222000000001,0.0,0.0,False,0.0005307859196738252,0,0.906,0.9601341642228739
140623,右玉县,0.8565889726954325,4,0.7239711250480385,0.7592926,0.5973419186713366,0.8534332,0.08666666666666667,1.0,False,2.7448169982914323,1,0.002,0.019801369863013698
140431,沁源县,0.8037649187877539,3,0.7153528819243463,0.56220662,0.7158195389630221,0.952131,0.0,0.49,False,0.0209487210821819,0,0.72,0.8968203360620423
140721,榆社县,0.8325986846752501,4,0.660057667612237,0.672738632,0.48030167703272497,0.8870518,0.0,1.0,False,0.5561350950552,0,0.142,0.28195192307692307
140122,阳曲县,0.8275452975876315,4,0.6822358462739413,0.649160776,0.5509655109406439,0.9029281,0.0,0.9533333333333334,False,0.3823367170249051,0,0.098,0.21844101773323052
141121,文水县,0.8070638411984695,3,0.6736152296710394,0.6528570439999999,0.5925267632095671,0.7920758999999999,0.0,0.0,False,-0.06415718987648351,0,0.338,0.5281935135135135
140521,沁水县,0.8091146479529379,3,0.7329331366492187,0.587763956,0.7569855826141723,0.9226455,0.4066666666666667,0.18333333333333332,False,-0.004093233103709609,0,0.942,0.9754018624641833
140224,灵丘县,0.8426095161536882,4,0.691830472099487,0.6804499479999999,0.5404776785413102,0.923642,0.0,1.0,False,1.2870559302397109,0,0.024,0.09105511811023623
140223,广灵县,0.8484643634096203,4,0.6889708109263024,0.7251784,0.5240162593744262,0.8726066,0.0,1.0,False,1.1515220869358698,0,0.012,0.05889983022071307
140981,原平市,0.8356587470739335,4,0.7320587359727478,0.711106684,0.6692849639837861,0.8330268,0.31,1.0,False,1.05110073295082,0,0.02,0.08030555555555556
140930,河曲县,0.8632964022664484,4,0.7569003164688813,0.76184282,0.6598947127593663,0.8850722,1.0,1.0,False,4.3215264553842365,1,0.002,0.019801369863013698
140107,杏花岭区,0.8280546646216543,4,0.7808420513465268,0.699229576,0.855939499154267,0.8088287,1.0,0.9266666666666666,False,0.2399186414863168,0,0.128,0.26133333333333336
140828,夏县,0.8008090218585427,3,0.6576562905358382,0.6103054240000001,0.5531133636294768,0.8427681,0.0,0.0,False,0.23857984964504123,0,0.178,0.3337211413748378
140321,平定县,0.8248677237756558,3,0.7084459662962984,0.671688568,0.6340542489167154,0.8454996000000001,0.0,1.0,False,0.2546941936342181,0,0.454,0.6536424302788846
140826,绛县,0.801092792551393,3,0.6586864121548548,0.620750208,0.5591594826150683,0.8232789,0.0,0.0,False,0.08383639385942496,0,0.736,0.9073671641791045
141025,古县,0.8099321307735626,3,0.6590487897189959,0.622107584,0.5307850082817942,0.8676708,0.0,0.0,False,-0.017856067878976988,0,0.4,0.5973140495867769
140311,郊区,0.8307410803596905,4,0.7186354009790764,0.69582028,0.6469481722358945,0.8335317,0.0,1.0,False,0.4772227986919429,0,0.212,0.37856207535515746
140221,阳高县,0.8360322867920056,4,0.6829892391818576,0.7458046319999999,0.5507532325978344,0.7781819,0.0,1.0,False,0.9501092037417883,1,0.004,0.03285227272727273
140727,祁县,0.8258935365840774,3,0.6937685357786844,0.704346696,0.5959653792150124,0.8001394,0.0,1.0,False,0.29667266268366727,0,0.29,0.47313205417607224
140825,新绛县,0.8076102662784733,3,0.688920229304463,0.721785692,0.6520005080122732,0.6951626,0.0,0.0,False,0.0019751909736880034,0,0.848,0.9382196708763872
140123,娄烦县,0.8484206757066073,4,0.6719868522087669,0.6914404160000001,0.474009837021317,0.9356175,0.0,1.0,False,1.5848428828829488,0,0.02,0.08030555555555556
141022,翼城县,0.8083293869626269,3,0.6740583578854547,0.640719768,0.5828771750420351,0.8238124,0.0,0.0,False,0.04623954649523601,0,0.776,0.9188997555012225
140121,清徐县,0.8250299035720807,3,0.7390442435617838,0.733072252,0.7329594798133288,0.7513797,0.98,0.8966666666666666,False,0.26055289770154616,0,0.106,0.22869104477611937
140931,保德县,0.8595272746634666,4,0.7320959392404436,0.756550928,0.6073778616721441,0.8759684999999999,0.42,1.0,False,4.8989977444674535,1,0.002,0.019801369863013698
140902,忻府区,0.8360629186511547,4,0.740099415236207,0.714280408,0.6890712408808662,0.8314439,0.94,1.0,False,0.8169937972676077,0,0.03,0.10449397590361445
140921,定襄县,0.8240400556819,3,0.6733426477647425,0.688730668,0.5454997230302242,0.8145870000000001,0.0,0.0,False,0.05005870922365709,0,0.046,0.13709896907216493
140524,陵川县,0.8056036161210531,3,0.6609928600304507,0.584783368,0.5423907756625386,0.9172701999999999,0.0,0.0,False,-0.00011076530531483342,0,0.88,0.9485756897837434
140581,高平市,0.8205639771804505,3,0.7433913794289998,0.707389288,0.75869095268775,0.766742,1.0,0.0,False,0.0005127906290899227,0,0.88,0.9485756897837434
140603,平鲁区,0.8566810564645836,4,0.7792199915925433,0.7531138079999999,0.7369859857041448,0.8629362,1.0,1.0,False,3.438385977435541,1,0.002,0.019801369863013698
140226,左云县,0.8541045592130136,4,0.7320292464502679,0.7560248039999999,0.6235205805958529,0.8467055,0.39666666666666667,1.0,False,1.7916565764277625,1,0.002,0.019801369863013698
140702,榆次区,0.8289451263184192,4,0.744407959708907,0.720435572,0.7304221603644916,0.7855276000000001,1.0,0.9833333333333333,False,0.1839261412133363,0,0.336,0.5270623982637005
141026,安泽县,0.8053300282554251,3,0.6806244387076368,0.5822217,0.6005809215765487,0.9200891,0.0,0.0,False,-0.0001830831395183837,0,0.834,0.934170476559473
140926,静乐县,0.8520405600278295,4,0.6854973134568902,0.7075456120000001,0.502240272874357,0.9256375000000001,0.0,1.0,False,2.2725961702781285,1,0.008,0.04758847736625514
141181,孝义市,0.8277934108451713,4,0.7560096565923715,0.7164501759999999,0.7692287765792081,0.786014,1.0,0.87,False,0.146370565245271,0,0.294,0.4777706576728499
140108,尖草坪区,0.8174089153117617,3,0.7490730600618424,0.710159416,0.7953017319624619,0.7466046,1.0,0.0,False,0.11253738875624635,0,0.118,0.24559971202303815
140681,怀仁市,0.8395583276088494,4,0.7615977678858084,0.76456622,0.7567136310042674,0.7635661,1.0,0.99,False,0.6506729582640447,0,0.014,0.06434658187599365
140302,城区,0.8204789188778427,3,0.7115229679073529,0.74602048,0.6794883951140255,0.711344,0.0,0.0,False,0.003124506601294698,0,0.102,0.2235648218347233
140404,上党区,0.8198356043724453,3,0.7292424603742249,0.71787902,0.7222456143767387,0.7482280000000001,0.0,0.0,False,0.006771454600474019,0,0.512,0.7099242206235012
140109,万柏林区,0.8228415949232789,3,0.7625824762300224,0.64769888,0.805141402990039,0.8750069,1.0,0.5933333333333334,False,0.1729803578486558,0,0.112,0.23651716581446314
140405,屯留区,0.8156123900340977,3,0.7103101795071607,0.690457504,0.6731618317674997,0.7731619999999999,0.0,0.0,False,-0.0009685593582291073,0,0.69,0.8752917946467748
610630,宜川县,0.8159538518376379,3,0.655640521937049,0.597639724,0.502083514671186,0.9424973999999999,0.0,0.7366666666666667,False,0.2560283479881369,0,0.116,0.24336429608127721
610402,秦都区,0.8011256334798889,3,0.7213384210176729,0.704454148,0.7668715953505967,0.6959937,0.0,0.0,False,0.0040956410455608785,0,0.614,0.8135077910174152
610112,未央区,0.8044990784246017,3,0.7588633250189366,0.7049837999999999,0.9186902182263816,0.6983407,1.0,0.06,False,0.022938187024388976,0,0.588,0.7880890125173852
610627,甘泉县,0.818916741327013,3,0.6461298873657287,0.596751652,0.46759102501093414,0.9582317,0.0,0.7866666666666666,False,0.5460849855362894,1,0.006,0.04189855072463768
610824,靖边县,0.8784677315805405,5,0.8202839588575886,0.782305624,0.785066988753259,0.9216167,1.0,1.0,False,5.78707382328389,1,0.002,0.019801369863013698
610428,长武县,0.8279471387978625,4,0.705576932164749,0.720314184,0.6239351143258366,0.7856351,0.0,0.9933333333333333,False,0.30380920074876083,0,0.224,0.3927131594906004
610426,永寿县,0.8070960974005678,3,0.6721444329106241,0.658470828,0.5831701700768588,0.7924238,0.0,0.0,False,-0.021961728973708218,0,0.67,0.8578255093002657
610203,印台区,0.8097425456252926,3,0.6736036332010863,0.6328080119999999,0.5774821982003379,0.8413483,0.0,0.0,False,0.023242406732020174,0,0.91,0.9612020460358056
610525,澄城县,0.8196090512355175,3,0.6845438810423377,0.749659156,0.6082140201753913,0.7047085000000001,0.0,0.0,False,-0.013753683010222477,0,0.716,0.8941494600431966
610404,渭城区,0.8004533800382806,3,0.7074261695433248,0.708105124,0.7263978999399068,0.6884958000000001,0.0,0.0,False,0.014840528989828097,0,0.614,0.8135077910174152
610425,礼泉县,0.8043063774357264,3,0.6909025478046632,0.696490968,0.6562905715268248,0.7218829,0.0,0.0,False,-0.00047542126288882753,0,0.874,0.9481178236397748
610881,神木市,0.8816451187278201,5,0.8675205081528815,0.7770218919999999,0.9692410810689299,0.9268225,1.0,1.0,True,7.200849980457755,1,0.002,0.019801369863013698
610831,子洲县,0.8747778972528246,5,0.7327751793796933,0.7696135159999999,0.5743183040671026,0.9339783,0.4866666666666667,1.0,False,5.437096827277241,1,0.002,0.019801369863013698
610503,华州区,0.7792570880956983,2,0.6493257613921232,0.546987592,0.579451346105773,0.8609889000000001,0.0,0.0,False,0.2804324704724231,0,0.344,0.5343922622246103
611023,商南县,0.7639450544518583,2,0.6380753950761892,0.46832235199999994,0.563248792941763,0.9685171000000001,0.0,0.04,False,0.11291606579266797,0,0.112,0.23651716581446314
610430,淳化县,0.8093087458412611,3,0.6713072239345954,0.675415988,0.5798366679008825,0.7732453,0.0,0.0,False,0.0007153318168766732,0,0.948,0.9777623974313234
610828,佳县,0.8647572854359941,4,0.7222721645484872,0.770390488,0.5717923067797274,0.8797802,0.09333333333333334,1.0,False,3.9709179269268646,1,0.002,0.019801369863013698
610722,城固县,0.7490955081136496,2,0.6692696995213323,0.470846728,0.7122150386641588,0.8953544,0.0,0.0,False,0.7979507528132099,0,0.012,0.05889983022071307
610625,志丹县,0.8622058366253886,4,0.756217483481129,0.709552492,0.6662828179941741,0.971496,1.0,1.0,False,3.251190675123043,1,0.002,0.019801369863013698
610523,大荔县,0.8095882170566013,3,0.6955510262643234,0.731434168,0.6679384690836057,0.6892107,0.0,0.0,False,0.0009377856140766434,0,0.344,0.5343922622246103
610424,乾县,0.8043548382413898,3,0.6901328387043087,0.708675828,0.6575422708889695,0.7056444000000001,0.0,0.0,False,-0.001830533953826737,0,0.954,0.9818490566037734
610925,岚皋县,0.7007929112824529,1,0.588400318155743,0.34937313999999997,0.5147919981492944,0.9797796,0.0,0.0,False,1.0401154092147267,2,0.008,0.04758847736625514
610302,渭滨区,0.7743856979668724,2,0.7116235189981012,0.5059003799999999,0.8051572346693778,0.9222094000000001,0.0,0.0,False,0.19857116388134047,0,0.348,0.5388687734333155
610481,兴平市,0.7945564485114386,3,0.6960062007970391,0.703989648,0.7135408321419323,0.6713932,0.0,0.02666666666666667,False,-0.023898850535371722,0,0.75,0.9125631313131313
610222,宜君县,0.8077905435161419,3,0.6425750857262941,0.62579378,0.4968670198272089,0.8434735,0.0,0.0,False,0.025729010815241402,0,0.964,0.9861726822363764
610328,千阳县,0.803352459608677,3,0.6611777418396815,0.60405902,0.5515398826727808,0.8704347,0.0,0.0,False,-0.02446876109763545,0,0.672,0.8592445820433438
610703,南郑区,0.7336102515307488,1,0.6499941434947074,0.44161189599999995,0.6855013915043133,0.8904505,0.0,0.0,False,0.7647178038881915,0,0.01,0.05294871794871795
610326,眉县,0.7762435053982846,2,0.6688638311682744,0.553132176,0.6471236595844896,0.8389687,0.0,0.0,False,0.43246302706315687,0,0.302,0.4861258351893096
611024,山阳县,0.7529984600475803,2,0.6477779785284954,0.44628643999999995,0.6226788311376185,0.9671253,0.0,0.0,False,0.31623942839376923,0,0.08,0.1924126455906822
610681,子长市,0.875298470122268,5,0.7572447241196728,0.755151028,0.6341963466698763,0.9625878999999999,1.0,1.0,False,5.82596831642102,1,0.002,0.019801369863013698
610826,绥德县,0.8677953197215028,4,0.7393810213199901,0.7645567719999999,0.6049631356467343,0.9065873,0.7366666666666667,1.0,False,4.336951270200558,1,0.002,0.019801369863013698
610626,吴起县,0.8839150023049891,5,0.7811685466315168,0.7677339919999999,0.6781550925400315,0.9811421,1.0,1.0,False,5.26762825503034,1,0.002,0.019801369863013698
611021,洛南县,0.7833751404247484,2,0.6666108564837588,0.52390558,0.6109052239024595,0.9377156,0.0,0.0,False,0.08482783957015179,0,0.226,0.39478308157099695
610981,旬阳市,0.7360229948706299,1,0.49846950727200257,0.42701624000000005,0.13039202131623365,0.9359678,0.0,0.0,False,0.7916511879206207,0,0.018,0.07552685050798258
610728,镇巴县,0.7075949083129038,1,0.6094141629959475,0.36793241599999993,0.5814611498187086,0.9637145,0.0,0.0,False,0.9367777221010903,2,0.004,0.03285227272727273
610524,合阳县,0.8132407265220745,3,0.6782838245764807,0.733669412,0.607916720270727,0.7002098000000001,0.0,0.0,False,0.0005105794638875032,0,0.934,0.9726923631123919
610902,汉滨区,0.7525297373726824,2,0.682777110303387,0.47166344399999993,0.7522128845668412,0.9095198,0.0,0.0,False,0.6586345145528646,0,0.014,0.06434658187599365
610330,凤县,0.752634052638408,2,0.6331488587652615,0.4423383,0.5711237398687857,0.9767328,0.0,0.0,False,0.2721386341659678,0,0.04,0.12488120950323973
610304,陈仓区,0.7871185051483723,2,0.6959273878278822,0.560476348,0.7005901847338258,0.8726334000000001,0.0,0.0,False,0.0857876693544855,0,0.58,0.7817156177156177
610115,临潼区,0.8042972446924121,3,0.705971940391272,0.695388488,0.7018817946800195,0.7209973000000001,0.0,0.0,False,-0.008215861471858321,0,0.764,0.9187703826955076
610502,临渭区,0.8067001259359382,3,0.7312463590093058,0.698753464,0.7764162710462318,0.7223065000000001,0.056666666666666664,0.0,False,0.03948287355126825,0,0.396,0.59472
610482,彬州市,0.825032487482515,3,0.7167055862452116,0.702044948,0.6580635187708042,0.8016002999999999,0.0,0.99,False,0.12759273729997078,0,0.502,0.7000877954655089
610323,岐山县,0.8025055809665058,3,0.6915467199380082,0.653033596,0.6506030607061016,0.7810313000000001,0.0,0.0,False,0.09139154000337951,0,0.436,0.6375700556398584
610114,阎良区,0.8100745190498746,3,0.7132562895929843,0.727100848,0.7137384927302514,0.6993318000000001,0.0,0.0,False,8.156715503015874e-05,0,0.984,0.9932765363128492
610702,汉台区,0.7684114218919235,2,0.6945869478318902,0.5643756639999999,0.7560742568367694,0.7908272,0.0,0.0,False,0.6746649902900488,0,0.01,0.05294871794871795
610124,周至县,0.7423143007110117,1,0.646507989949977,0.44364516,0.651960025991348,0.9173444000000001,0.0,0.0,False,0.6135105096344335,0,0.158,0.3035069767441861
610802,榆阳区,0.883568167463284,5,0.8676906481140069,0.788468804,0.9397555953916357,0.9205207,1.0,1.0,True,6.577725820713396,1,0.002,0.019801369863013698
610422,三原县,0.8078378097452198,3,0.7034503297444334,0.718664576,0.6897462035357633,0.7023503,0.0,0.0,False,-7.499237208709145e-05,0,0.938,0.9740510057471263
610629,洛川县,0.8233289705668576,3,0.7380040165121791,0.6624859679999999,0.7233646481884316,0.8512241,0.8933333333333333,0.0,False,-0.00034718749250834167,0,0.962,0.9855216158752657
610622,延川县,0.8667779564845275,4,0.7450565537961121,0.7387071559999999,0.6211941358119288,0.9485229,0.9333333333333333,1.0,False,4.5402071594490305,1,0.002,0.019801369863013698
610724,西乡县,0.7349142378527342,1,0.6344511925473539,0.43478582,0.6205796641928517,0.9177331,0.0,0.0,False,0.901643264627459,0,0.014,0.06434658187599365
611025,镇安县,0.731219576481207,1,0.6223954142783172,0.40520841599999996,0.5827362928763475,0.9661757,0.0,0.0,False,0.7992680891780938,2,0.004,0.03285227272727273
610423,泾阳县,0.801133575705564,3,0.6672484506190938,0.704300288,0.6055027032998432,0.6964926,0.0,0.0,False,0.0025420446291382426,0,0.682,0.8674271887373516
610429,旬邑县,0.810570817726901,3,0.6870755939742738,0.601163416,0.6082523299498944,0.9049382,0.0,0.0,False,-0.016196929457837697,0,0.636,0.8327336956521739
610324,扶风县,0.8007916717392485,3,0.686891706229683,0.682602924,0.6539549397811472,0.7264347,0.0,0.0,False,0.024078506406868122,0,0.678,0.8634792951541851
610118,鄠邑区,0.7575069532193338,2,0.6829808130152216,0.504063064,0.7505019187248723,0.8484119999999999,0.0,0.0,False,-0.05813247541890892,0,0.808,0.9269555555555556
610924,紫阳县,0.7178855610565938,1,0.6147353258456694,0.392493204,0.5832169855549916,0.9460982,0.0,0.0,False,1.0626360993207573,0,0.01,0.05294871794871795
610117,高陵区,0.8057931506788045,3,0.7226630193960746,0.716247216,0.7566533687422856,0.6971414,0.0,0.0,False,0.0024471749618651963,0,0.792,0.9247463651050081
610116,长安区,0.7779679638145591,2,0.7271276711926783,0.553111888,0.8570425424077586,0.8397262,0.16333333333333333,0.0,False,0.022868429746215,0,0.948,0.9777623974313234
610528,富平县,0.8098796806554718,3,0.6999555138438242,0.7125692239999999,0.6713356660101288,0.7171753,0.0,0.0,False,0.0008228014754808898,0,0.994,0.9981431052448767
610329,麟游县,0.8006594202371321,3,0.6871269498904412,0.57527668,0.6309472607946929,0.9133321,0.0,0.18,False,0.009093777369554235,0,0.64,0.8372126696832579
610111,灞桥区,0.8025530353629398,3,0.7382396547526614,0.6964083839999999,0.8199794155742023,0.7097279000000001,0.8666666666666667,0.0,False,-0.005203754075655933,0,0.628,0.826752276867031
611022,丹凤县,0.7691042386319481,2,0.6444006092901474,0.477977148,0.571856403833158,0.9716048,0.0,0.13,False,0.04158304032686178,0,0.354,0.5464036305392419
610822,府谷县,0.8718228477759867,4,0.8381354720433309,0.771273316,0.8630264981777055,0.9034146000000001,1.0,1.0,False,5.954658916472038,1,0.002,0.019801369863013698
610631,黄龙县,0.7959333725993795,3,0.6091124801278162,0.5400780719999999,0.4087313231658479,0.9534496000000001,0.0,0.03,False,-0.0002265619514610484,0,0.948,0.9777623974313234
610431,武功县,0.799929954803352,3,0.6864139877143749,0.7066483,0.6624210522322979,0.6910443,0.0,0.0,False,-0.02404299035117517,0,0.322,0.5103629385964913
610327,陇县,0.8085655131244704,3,0.6759092506423023,0.598106704,0.5780810869465184,0.9069532,0.0,0.0,False,0.018630892450296522,0,0.224,0.3927131594906004
610628,富县,0.7896447695990048,3,0.65496301057455,0.560001048,0.5766339654007923,0.870501,0.0,0.7133333333333334,False,0.12755057952099902,0,0.41,0.607851282051282
610527,白水县,0.8201402873910333,3,0.6788334577611198,0.7192092920000001,0.5807828713083322,0.7498707,0.0,0.0,False,0.00159850584996125,0,0.946,0.9777623974313234
610603,安塞区,0.8660104553760285,4,0.7500746676106242,0.7278209999999999,0.6381379962955056,0.9609753999999999,0.99,1.0,False,4.452777680856825,1,0.002,0.019801369863013698
610303,金台区,0.8036561433716342,3,0.7258393534196615,0.663879792,0.7555071724584985,0.7652495,0.0,0.0,False,0.06474585911748765,0,0.436,0.6375700556398584
610581,韩城市,0.7989436080158948,3,0.7081932755180848,0.646319152,0.722128104846243,0.7632375,0.0,0.0,False,-0.02337845761684583,0,0.612,0.8127202572347266
610522,潼关县,0.7936082135885304,3,0.6211584492802352,0.61550556,0.47612414499233097,0.7989709,0.0,0.0,False,0.2471420537706996,0,0.292,0.47505458638154185
610725,勉县,0.7449906621944679,1,0.6534549861566349,0.4602305,0.6664391588970996,0.9004517999999999,0.0,0.0,False,0.5392124830609455,2,0.008,0.04758847736625514
610827,米脂县,0.8653606230122934,4,0.7180102700766525,0.770376536,0.5597257056955529,0.8832619,0.03,1.0,False,4.006649787775584,1,0.002,0.019801369863013698
611026,柞水县,0.7445416247515999,1,0.624423603886238,0.4248461,0.5586904080833514,0.9803836,0.0,0.0,False,0.17339928091194873,0,0.322,0.5103629385964913
610202,王益区,0.8143279059259595,3,0.6789545598690908,0.711230104,0.5980297363916243,0.7365598999999999,0.0,0.0,False,-0.006754431372189692,0,0.8,0.92512
610305,凤翔区,0.805557152088722,3,0.48873536366352915,0.652057672,0.0,0.7978695,0.0,0.0,False,0.052528634124887626,0,0.554,0.7544107395195478
610113,雁塔区,0.8084330616529065,3,0.7702184958600896,0.7059722799999999,1.0,0.6992830000000001,1.0,0.87,False,-0.014258475335269156,0,0.974,0.9900963431786216
610803,横山区,0.8690686901065144,4,0.7976764976203146,0.781355464,0.7509425543355411,0.876798,1.0,1.0,False,6.017162773133817,1,0.002,0.019801369863013698
610602,宝塔区,0.8344492643752436,4,0.7628857521743492,0.6425544759999999,0.7700912201880832,0.9457004000000001,1.0,1.0,True,1.7484154528008158,1,0.002,0.019801369863013698
610921,汉阴县,0.7510087105904156,2,0.6370886961576594,0.47315286,0.5928738338834301,0.9048411999999999,0.0,0.0,False,0.7256740421923242,0,0.01,0.05294871794871795
610403,杨陵区,0.8014851072737357,3,0.6849910815476894,0.7062711279999999,0.6527470680273681,0.6973659000000001,0.0,0.0,False,0.003833320349329115,0,0.248,0.42424142011834315
610122,蓝田县,0.7785016815475202,2,0.6690192342274249,0.534715276,0.6355638389978904,0.8880047,0.0,0.0,False,0.09747882734969678,0,0.778,0.9188997555012225
610723,洋县,0.751635595094304,2,0.6595278733911547,0.465603392,0.6678968987379665,0.920079,0.0,0.0,False,0.5995811852349621,2,0.004,0.03285227272727273
611002,商州区,0.7721341481297654,2,0.6685999023058548,0.502335368,0.6490102833991699,0.9263213000000001,0.0,0.14,False,0.03275920025742044,0,0.032,0.10807476635514018
610923,宁陕县,0.7262158870627489,1,0.5706921937466634,0.39324975199999995,0.40858927922280996,0.9737874,0.0,0.0,False,0.49429887706432296,2,0.006,0.04189855072463768
610204,耀州区,0.7976168756954184,3,0.6978134874171971,0.6077640879999999,0.6839493543337627,0.8245917,0.0,0.0,False,0.039750824815458226,0,0.744,0.9106282811176969
610104,莲湖区,0.8030286653372388,3,0.7434555870845498,0.706107144,0.8419703699873183,0.6989825000000001,0.9933333333333333,0.0,False,0.001503179484922632,0,0.9,0.9576370997423629
610331,太白县,0.7350768468958356,1,0.5953187681183402,0.40501933599999995,0.4768667455143105,0.9835993,0.0,0.0,False,0.4525635156965716,0,0.03,0.10449397590361445
610632,黄陵县,0.7936905728360822,3,0.7004865843951412,0.543811428,0.7028777237918739,0.9274630000000001,0.0,0.15333333333333332,False,0.0021589050375703986,0,0.916,0.9640174736075718
610729,留坝县,0.7243476163607658,1,0.5721584716186059,0.38806893600000003,0.4151865216968322,0.9793469,0.0,0.0,False,0.5031677011251444,0,0.012,0.05889983022071307
610621,延长县,0.8563530265464733,4,0.7070616082959024,0.71097224,0.5479757842249743,0.9433833,0.0,1.0,False,2.7724489655157027,1,0.004,0.03285227272727273
610825,定边县,0.8791221508443633,5,0.8090285169665817,0.7985811039999999,0.7546383440162344,0.8946725,1.0,1.0,False,5.476977157755024,1,0.002,0.019801369863013698
610727,略阳县,0.72751122481739,1,0.6076707459665123,0.416726544,0.5526209740253144,0.9138327,0.0,0.0,False,0.5075717200915428,0,0.012,0.05889983022071307
610927,镇坪县,0.697030011337367,1,0.5611276453812369,0.341227952,0.4206379875628445,0.9824897000000001,0.0,0.0,False,1.1428337842034608,2,0.008,0.04758847736625514
610922,石泉县,0.7498024259047806,2,0.6275450836877395,0.4665702159999999,0.5644920728424816,0.9120537,0.0,0.0,False,0.6707710089584215,0,0.014,0.06434658187599365
610582,华阴市,0.7801901366785571,2,0.6326584118931734,0.5935092200000001,0.5482857379369772,0.7722398,0.0,0.0,False,0.18025568168090086,0,0.466,0.6649585389930899
610103,碑林区,0.8040027713692433,3,0.7523530307834585,0.706339684,0.8797371021442556,0.6995973,1.0,0.03666666666666667,False,0.0016645744847735555,0,0.916,0.9640174736075718
610726,宁强县,0.7350675699321756,1,0.6351642517692278,0.428286512,0.6188938966613177,0.9363368,0.0,0.0,False,0.6340334015778148,2,0.008,0.04758847736625514
610830,清涧县,0.8722225182479911,4,0.7216143771358086,0.759001276,0.5511623039656638,0.9417168,0.11,1.0,False,5.3031116835022685,1,0.002,0.019801369863013698
610929,白河县,0.742172349720015,1,0.6219817673358068,0.426318444,0.5557654750509529,0.9681779,0.0,0.0,False,0.4404427612319286,0,0.014,0.06434658187599365
610829,吴堡县,0.8559978749952318,4,0.6658414590573775,0.761822656,0.4507973845599326,0.8520973000000001,0.0,1.0,False,3.11884846524771,1,0.002,0.019801369863013698
610730,佛坪县,0.7306545691785491,1,0.5587966249028723,0.402604168,0.35700356925353705,0.9732827000000001,0.0,0.0,False,0.44834235132649625,2,0.006,0.04189855072463768
610926,平利县,0.725642345832559,1,0.6185536630596973,0.39629804799999996,0.5766586331117776,0.9707241999999999,0.0,0.0,False,0.6977175189111482,2,0.008,0.04758847736625514
610526,蒲城县,0.8079783526681033,3,0.7017204416308238,0.739866004,0.6981481266350079,0.6695587,0.0,0.19,False,-0.009989934203856944,0,0.998,0.9986908965039806
610102,新城区,0.8052268363775,3,0.7555002621512279,0.7089425119999999,0.8904881517043202,0.6995952,1.0,0.18333333333333332,False,0.0013276818446015452,0,0.9,0.9576370997423629
310115,浦东新区,0.8390625748197872,4,0.76906003660891,0.702743576,1.0,0.6992727,1.0,1.0,False,0.625996522677865,0,0.474,0.6723915603532875
310112,闵行区,0.8120975268114239,3,0.7724514744617386,0.718488504,0.9999639566121035,0.6933480999999999,1.0,0.74,False,0.07568555436533721,0,0.48,0.678240469208211
310110,杨浦区,0.8098339129936696,3,0.7683659123000106,0.712274608,0.9623506492586831,0.6991754,1.0,0.0,False,0.020478470106289646,0,0.454,0.6536424302788846
310104,徐汇区,0.8109785269337259,3,0.7717142939805196,0.71145892,0.9936324777635137,0.6996231,1.0,0.2733333333333333,False,0.04795398549495897,0,0.462,0.6605548961424332
310114,嘉定区,0.8145432194504816,3,0.7749119161065886,0.726468168,0.9930457622280421,0.6941868999999999,1.0,0.8166666666666667,False,0.06570027482734975,0,0.666,0.8553558418480676
310109,虹口区,0.809511508461715,3,0.7599302576979222,0.7179490479999999,0.8972431605336766,0.6992241,1.0,0.0,False,0.012311080535534306,0,0.472,0.6698831615120274
310118,青浦区,0.8028846441908274,3,0.754053916754687,0.697154272,0.9082728196033837,0.6980473,1.0,0.0,False,-0.06777674434007745,0,0.442,0.6424444444444445
310151,崇明区,0.798331967158694,3,0.7129383905660854,0.693894004,0.755156231653256,0.6924342,0.0,0.0,False,0.006261146009742027,0,0.92,0.964715270221255
310107,普陀区,0.8099162506280557,3,0.7596589994709619,0.725931388,0.8991277350724852,0.6900838,1.0,0.36,False,0.05213907236045723,0,0.446,0.6453383383383383
310106,静安区,0.8155920079105851,3,0.7767886157040055,0.726239244,0.9933017477718672,0.6993184,1.0,0.8,False,0.08748851253292793,0,0.494,0.6922704798836645
310105,长宁区,0.8134397068035021,3,0.7726025252057966,0.724958012,0.9659594608579426,0.6972363,1.0,0.6766666666666666,False,0.0712616583156537,0,0.48,0.678240469208211
310113,宝山区,0.8085224412857936,3,0.7627041816466306,0.7211915799999999,0.9365335842025958,0.6854186,1.0,0.3,False,0.051832954399006245,0,0.488,0.6861906614785992
310117,松江区,0.809928339445489,3,0.7652957930232698,0.71816802,0.9318856911350925,0.6969944,1.0,0.03666666666666667,False,0.02232432874702373,0,0.624,0.8233610223642173
310120,奉贤区,0.8094399696297075,3,0.7607764457955086,0.720826556,0.9060547383594773,0.6943074,1.0,0.0033333333333333335,False,0.08298210573553957,0,0.126,0.2583446808510638
310116,金山区,0.8092220216115408,3,0.757023162422033,0.7210080000000001,0.8844266480317496,0.6954294000000001,1.0,0.0,False,0.01188531025205946,0,0.678,0.8634792951541851
310101,黄浦区,0.8111709228217712,3,0.7715192206344652,0.7092667399999999,1.0,0.6996294000000001,1.0,0.18666666666666668,False,0.04233123508193513,0,0.456,0.6555425161611139
510303,贡井区,0.7622453262860382,2,0.6507888494889458,0.600695184,0.6389644240204274,0.7174095,0.0,0.0,False,0.01275432265645167,0,0.792,0.9247463651050081
511724,大竹县,0.7577598347630377,2,0.6891882820256164,0.547175572,0.7635888465813796,0.7881511,0.0,0.0,False,0.20881671677109945,0,0.152,0.29432819825853984
513334,理塘县,0.8811283054278027,5,0.6698059636724668,0.747316828,0.41255258528797756,0.9778069,0.0,1.0,False,1.2800874910396152,0,0.06,0.1612081784386617
511923,平昌县,0.7530506931667322,2,0.654077559055013,0.509601808,0.6493690557396257,0.8413816,0.0,0.0,False,0.4929552030977174,0,0.018,0.07552685050798258
510981,射洪市,0.7621358910777108,2,0.6844698627562806,0.559905624,0.7358783365093176,0.7811138,0.0,0.0,False,0.16120948550276,0,0.39,0.5881533646322379
513429,布拖县,0.8135297066653643,3,0.6438478471363972,0.5965898279999999,0.4794450457709063,0.9226135999999999,0.0,0.0,False,0.35122024471557073,2,0.006,0.04189855072463768
513422,木里藏族自治县,0.8054086532223509,3,0.6516301171436641,0.534496616,0.5267311551331519,0.9894951999999999,0.0,0.0,False,0.44403674785048636,0,0.102,0.2235648218347233
510903,船山区,0.7651080606700553,2,0.6926146248270274,0.600821344,0.7698026493496315,0.7209603,0.0,0.0,False,0.07119696662139857,0,0.466,0.6649585389930899
513228,黑水县,0.7832261079563076,2,0.6096049025359128,0.505721412,0.4340446924932232,0.9670599999999999,0.0,0.006666666666666667,False,0.2016074984991047,0,0.116,0.24336429608127721
510683,绵竹市,0.7373357541450267,1,0.67172971727257,0.470094156,0.7599989106572284,0.8466579,0.0,0.0,False,0.8193646355173271,0,0.048,0.14145565749235475
510129,大邑县,0.7249628057494678,1,0.65635466348856,0.44290399999999996,0.72987012664907,0.8605127,0.0,0.0,False,0.7393007561050211,0,0.05,0.14397410358565738
513232,若尔盖县,0.8875508319274233,5,0.687342669837633,0.772206612,0.44442031303840884,0.9755175,0.0,1.0,False,2.9998458392602587,1,0.006,0.04189855072463768
510823,剑阁县,0.7524680855004566,2,0.6514222670375261,0.504383092,0.641249742875014,0.8492069,0.0,0.0,False,0.4861056231426431,0,0.022,0.0853718120805369
511902,巴州区,0.7523848682011579,2,0.6593025671475214,0.5014038319999999,0.667074530833345,0.8540521000000001,0.0,0.0,False,0.5648554655258582,0,0.014,0.06434658187599365
513227,小金县,0.7956092775134408,3,0.6159832458590982,0.5311007,0.42855499918881984,0.9707687,0.0,0.0,False,0.668067749511645,2,0.008,0.04758847736625514
513431,昭觉县,0.8222951913102048,3,0.6596499783372266,0.619848728,0.5017019949441666,0.927149,0.0,0.5666666666666667,False,-0.23086086191434588,3,0.008,0.04758847736625514
510522,合江县,0.7368101274895553,1,0.6622158934307638,0.47214082,0.7203885973237686,0.8477307000000001,0.0,0.0,False,0.30445029798473644,0,0.274,0.4544658634538153
510705,安州区,0.7367216889199474,1,0.6532690712841448,0.484982068,0.6960704227218686,0.8173822,0.0,0.0,False,0.8030479802134785,0,0.038,0.12112238147739803
511024,威远县,0.7562859863799817,2,0.6866102329819816,0.5526176119999999,0.7633788801195734,0.7706392,0.0,0.0,False,0.03767250624677405,0,0.85,0.9389950324799389
510114,新都区,0.7680788041064516,2,0.7185934961748164,0.620569184,0.873071660333645,0.6987484,0.0,0.023333333333333334,False,0.02433162037798926,0,0.606,0.8069765085214187
513424,德昌县,0.7907202187837268,3,0.6558889582569789,0.525563856,0.5764858567218892,0.9358313,0.0,0.0,False,1.6777165551710866,2,0.008,0.04758847736625514
511381,阆中市,0.7656133423938243,2,0.6788795887417706,0.576799868,0.7100640500536233,0.7652432,0.0,0.0,False,0.2694628317606785,0,0.054,0.15127325581395348
511002,市中区,0.763952115404643,2,0.6768212777901127,0.615195256,0.7229012835740517,0.6974994999999999,0.0,0.0,False,0.0027499334889098982,0,0.928,0.9688869628024558
510322,富顺县,0.7622630476673186,2,0.6827538873190723,0.603089496,0.7437084288774231,0.7106079,0.0,0.0,False,0.006855995398121815,0,0.876,0.9485078651685394
513432,喜德县,0.8179916290582774,3,0.6430742558731626,0.600162376,0.46625475904731123,0.9374636999999999,0.0,0.006666666666666667,False,0.08028163516299322,0,0.012,0.05889983022071307
511722,宣汉县,0.7334583538819373,1,0.6836476238918223,0.44038754,0.8184784261480282,0.8960834,0.0,0.0,False,0.7180446872455907,0,0.012,0.05889983022071307
511922,南江县,0.72370514802872,1,0.6275655531732042,0.407485768,0.6168100717410797,0.9372392,0.0,0.0,False,0.7716600281896,2,0.006,0.04189855072463768
513333,色达县,0.9000493106853231,5,0.6667795156258215,0.8009274719999999,0.36770238317346027,0.9915166,0.0,1.0,False,6.495779142462993,1,0.002,0.019801369863013698
511111,沙湾区,0.7146158914919277,1,0.6349528737698337,0.4264899999999999,0.6776891719140269,0.8553178,0.0,0.0,False,0.8915684632982396,0,0.012,0.05889983022071307
513301,康定市,0.818843432222554,3,0.6913135167535922,0.5847679559999999,0.6042829097876098,0.9729848000000001,0.0,0.3,False,-0.099940008210111,3,0.002,0.019801369863013698
513330,德格县,0.8718757209650284,4,0.6516413204194271,0.7338228560000001,0.3806164095277055,0.9559074000000001,0.0,1.0,False,4.552652658375066,1,0.002,0.019801369863013698
510422,盐边县,0.818739415499195,3,0.700025922935228,0.590749752,0.6417999579806456,0.9345029,0.0,0.0,False,0.7646980064704393,0,0.02,0.08030555555555556
511425,青神县,0.7535886618803918,2,0.6302156721462365,0.557210428,0.589570423533575,0.7567075999999999,0.0,0.0,False,0.12655645473037544,0,0.43,0.6323143438453712
510524,叙永县,0.7281229351155817,1,0.6400202170194376,0.43298395199999995,0.6525793128552393,0.9025209,0.0,0.0,False,0.5017922085600084,0,0.02,0.08030555555555556
511129,沐川县,0.7125401274111269,1,0.6074038473335566,0.401046736,0.5678982318901248,0.9160568,0.0,0.0,False,0.6412892291931337,2,0.008,0.04758847736625514
513336,乡城县,0.8474817974120115,4,0.6327866012781488,0.64368412,0.37840396449289077,0.9836782000000002,0.0,0.57,False,0.07842120476038443,0,0.496,0.6940638915779284
511525,高县,0.7458650711592975,1,0.6502519487070069,0.5380495359999999,0.6718258568701423,0.7570393,0.0,0.0,False,0.34847243521715315,0,0.012,0.05889983022071307
510403,西区,0.8466403759146278,4,0.6970953621801262,0.742370096,0.5694756880621858,0.8080467,0.0,0.0,False,0.22563031003525483,0,0.012,0.05889983022071307
510107,武侯区,0.7678677988208,2,0.7246473934424699,0.6176050799999999,0.9097305223495078,0.6988247999999999,0.056666666666666664,0.2,False,0.02535324401759955,0,0.66,0.854012494422133
510821,旺苍县,0.7141175051587497,1,0.6272183733329315,0.38707352799999994,0.6377907709039494,0.9422171,0.0,0.0,False,0.9292852713079056,0,0.016,0.06997881996974281
510726,北川羌族自治县,0.6729481755852589,1,0.5893782194006543,0.30822234400000004,0.58418446729473,0.9540431,0.0,0.0,False,1.5182311960564752,0,0.01,0.05294871794871795
511823,汉源县,0.710671981332741,1,0.6208445086361488,0.389235136,0.6308593984896819,0.9142112,0.0,0.0,False,2.5920525666213665,2,0.006,0.04189855072463768
513325,雅江县,0.8264421295587687,3,0.6472324418261742,0.5876065159999999,0.4627120330413513,0.9924973,0.0,0.14,False,0.02146644255689298,0,0.802,0.9259512779552717
510185,简阳市,0.7681696112490046,2,0.7119812595919296,0.6091668079999999,0.8360172820146109,0.7176239,0.0,0.0,False,0.00018413484594733732,0,0.958,0.9828168914123492
511725,渠县,0.760913026498856,2,0.6865735707902629,0.576411236,0.754623515622133,0.7463175,0.0,0.0,False,0.16429245958696284,0,0.154,0.29661159227181877
513221,汶川县,0.695111979262167,1,0.5964355346208036,0.339666276,0.5654265969981602,0.9656209,0.0,0.0,False,1.8699772243011306,0,0.014,0.06434658187599365
513230,壤塘县,0.8684733580245956,4,0.6399267792329688,0.708134096,0.3500844474098113,0.9896938,0.0,1.0,False,2.704060642958629,1,0.002,0.019801369863013698
513338,得荣县,0.8239018929030414,3,0.5975855343511973,0.592034124,0.32021551178289215,0.967168,0.0,0.20333333333333334,False,0.02660997128243321,0,0.446,0.6453383383383383
511403,彭山区,0.7608285965126341,2,0.6603746904095232,0.600290648,0.6741354053790732,0.7112669,0.0,0.0,False,0.015558044427091583,0,0.724,0.8990910652920961
511133,马边彝族自治县,0.6953338386632776,1,0.5863875282479505,0.352684976,0.5226933626130158,0.9523984999999999,0.0,0.0,False,1.3432451776362047,0,0.01,0.05294871794871795
511423,洪雅县,0.7108480413757924,1,0.623405968470462,0.4015868799999999,0.6348229365403498,0.8999355,0.0,0.0,False,1.0499812759598117,0,0.014,0.06434658187599365
510502,江阳区,0.7604173020000571,2,0.7032546364054653,0.6007267119999999,0.8368890233278165,0.6997914000000001,0.0,0.0,False,0.04249111088137784,0,0.404,0.6011137416366444
513327,炉霍县,0.8666736106952276,4,0.6384284900333709,0.70771838,0.3519623818428004,0.9760527000000001,0.0,1.0,False,1.8507350351357617,1,0.004,0.03285227272727273
511025,资中县,0.7656884075900158,2,0.6805755397496774,0.6120937479999999,0.7276667074379795,0.7083442000000001,0.0,0.0,False,0.007253003416036678,0,0.77,0.9188997555012225
511827,宝兴县,0.7102172437772608,1,0.5871602178241858,0.359228096,0.49316799779606185,0.9890041999999999,0.0,0.0,False,1.2132869020694275,0,0.01,0.05294871794871795
511302,顺庆区,0.7683142625902867,2,0.6987563674100019,0.6115858160000001,0.7818987379781835,0.7167937999999999,0.0,0.0,False,0.046703473927392894,0,0.29,0.47313205417607224
510131,蒲江县,0.758956848934958,2,0.6585961638382528,0.593777788,0.6709768975060908,0.7164676999999999,0.0,0.0,False,0.038225382503727784,0,0.206,0.3710566978193146
513233,红原县,0.8929493353176705,5,0.6711997469208774,0.7932020280000001,0.3903611592284702,0.9737973,0.0,1.0,False,0.7911108039852839,0,0.402,0.5996811145510836
511421,仁寿县,0.764069145484019,2,0.6973348962473179,0.5957195319999999,0.7866604897578784,0.7275953,0.0,0.0,False,0.02213868301410727,0,0.72,0.8968203360620423
510311,沿滩区,0.7637657992473885,2,0.6696071252700032,0.6156588279999999,0.6985158668179989,0.6981429,0.0,0.0,False,-0.0032594245489728398,0,0.82,0.9296549019607843
510812,朝天区,0.7316988662282864,1,0.6145215625489404,0.42668306,0.5565357603191476,0.9259036,0.0,0.0,False,0.7760190697389439,2,0.008,0.04758847736625514
510504,龙马潭区,0.7634898782776847,2,0.6880682234775498,0.6123808079999999,0.7627246196965398,0.6991095,0.0,0.0,False,0.01412067400150619,0,0.408,0.6058181818181818
513427,宁南县,0.7920578593496534,3,0.6569981468893974,0.553758788,0.5763622984982377,0.8909656,0.0,0.0,False,1.761759326944441,2,0.006,0.04189855072463768
511526,珙县,0.7292534125471694,1,0.6427376895678543,0.459964476,0.6722682571882246,0.8419591,0.0,0.0,False,0.5305206059238776,0,0.03,0.10449397590361445
511825,天全县,0.7007761244620082,1,0.601021170225421,0.35158359199999994,0.5674741897629723,0.9671711000000001,0.0,0.0,False,2.079879404977065,0,0.014,0.06434658187599365
510921,蓬溪县,0.7632285091639434,2,0.663779091167149,0.5749344519999999,0.6677483201523768,0.7614609,0.0,0.0,False,0.1114908716261375,0,0.436,0.6375700556398584
511504,叙州区,0.7500851282583715,2,0.6929050468396708,0.5355151359999999,0.807169244359912,0.7766877,0.0,0.0,False,0.4531425416510859,2,0.008,0.04758847736625514
510722,三台县,0.766428017448074,2,0.6995907083599872,0.588919548,0.7837233604158732,0.7465803,0.0,0.0,False,0.051574805513730136,0,0.644,0.8416835443037975
510822,青川县,0.7087973370413196,1,0.5908845806791259,0.37074428,0.5150346412692655,0.9578992000000001,0.0,0.0,False,1.1694736280045428,2,0.008,0.04758847736625514
510781,江油市,0.7356785919017791,1,0.6809318539061164,0.480195548,0.8126139286872588,0.8123704,0.0,0.0,False,0.6651355118836947,0,0.02,0.08030555555555556
513329,新龙县,0.8629467972727325,4,0.6342354869348635,0.6984954240000001,0.34686451947336483,0.9745296,0.0,1.0,False,2.1039052741704474,1,0.004,0.03285227272727273
511325,西充县,0.7677231391865154,2,0.6672048565052705,0.5946429,0.6697188819297615,0.745884,0.0,0.0,False,0.10201355784425933,0,0.268,0.44733718244803694
510116,双流区,0.768182545710434,2,0.7314712660254762,0.603849836,0.9523881873439509,0.7151947000000001,0.3466666666666667,0.06333333333333334,False,0.016973248974308023,0,0.694,0.8784387040280209
510503,纳溪区,0.7496509761694973,2,0.6609796288044942,0.527575676,0.6891814839080511,0.7918398,0.0,0.0,False,0.2101377402003704,0,0.268,0.44733718244803694
510904,安居区,0.7680246538832003,2,0.6729068799342991,0.6109518279999999,0.6924882257624164,0.7203666000000001,0.0,0.0,False,0.031487675766355507,0,0.504,0.7018612716763006
511702,通川区,0.753086722733984,2,0.6825449605717848,0.518813984,0.7522400945650873,0.8189282999999999,0.0,0.0,False,0.41989918898529,0,0.024,0.09105511811023623
511321,南部县,0.7678129269832253,2,0.6961052054620054,0.5974981159999999,0.7691759953922614,0.7371681,0.0,0.0,False,0.13995219613946197,0,0.138,0.27782590529247914
511703,达川区,0.7554556935937321,2,0.6677190474699085,0.554114856,0.7043590994270887,0.7622023,0.0,0.0,False,0.2789427559071897,0,0.028,0.10030731102850063
511113,金口河区,0.6654495143512498,1,0.555512688913488,0.298715484,0.4590025991869984,0.9630865,0.0,0.0,False,2.426566726432092,2,0.004,0.03285227272727273
510802,利州区,0.7375867709667658,1,0.6711024305204791,0.446382248,0.7507163107933236,0.9013721,0.0,0.0,False,0.8374831892342538,2,0.008,0.04758847736625514
510108,成华区,0.7698665733107919,2,0.7263967347560587,0.622127392,0.9085861261437969,0.699497,0.07333333333333333,0.26,False,0.025774935776940996,0,0.684,0.8695883905013193
511826,芦山县,0.6804136529177022,1,0.5816904724602553,0.32349384,0.5292982140179491,0.9648769999999999,0.0,0.0,False,1.20508958552142,2,0.006,0.04189855072463768
513201,马尔康市,0.8157304048535001,3,0.651754240962535,0.56797396,0.4954808825781455,0.9887689000000001,0.0,0.24333333333333335,False,-0.01815621294231655,0,0.188,0.34817937219730943
511802,雨城区,0.7150908648540703,1,0.6461224259761286,0.401711884,0.7044920970112349,0.9206967,0.0,0.0,False,0.6324069269605129,0,0.014,0.06434658187599365
510725,梓潼县,0.7629444865770243,2,0.6636671781209619,0.568550688,0.6666673056377369,0.7708467999999999,0.0,0.0,False,0.1673694462146134,0,0.272,0.45270696603339095
513401,西昌市,0.8183641149407479,3,0.7566927341993774,0.6183359479999999,0.8270591727192018,0.8792013999999999,1.0,0.0,False,0.7465420494320434,0,0.012,0.05889983022071307
511083,隆昌市,0.7648571457134916,2,0.6826162660709405,0.615033492,0.737575518938683,0.7019508,0.0,0.0,False,-0.00018769910227731397,0,0.994,0.9981431052448767
513428,普格县,0.8162527088106684,3,0.6389180053307204,0.60287158,0.4643596346263382,0.9143265,0.0,0.0,False,0.6139208014962899,2,0.006,0.04189855072463768
513224,松潘县,0.8140252964161694,3,0.6331077877131823,0.577768416,0.43611394372383466,0.9773350000000001,0.0,0.8733333333333333,False,-0.2168830485493725,0,0.404,0.6011137416366444
511822,荥经县,0.6984962400103512,1,0.600519372740966,0.34944501999999994,0.5646686781179244,0.972319,0.0,0.0,False,1.505818854277189,0,0.01,0.05294871794871795
510321,荣县,0.7611514995205172,2,0.6713747446468963,0.584398156,0.701037392259647,0.738777,0.0,0.0,False,0.06015896564872818,0,0.446,0.6453383383383383
511602,广安区,0.7624877758792658,2,0.6705999577939132,0.597033112,0.7011512198916797,0.7204342,0.0,0.0,False,0.07390466898854936,0,0.258,0.43618596491228073
511322,营山县,0.7578832786546439,2,0.6716420373093152,0.540373848,0.6995942031176055,0.8022541999999999,0.0,0.0,False,0.22509193758186247,0,0.222,0.39015319148936173
511303,高坪区,0.7638643281948597,2,0.6675334667522872,0.593713224,0.6852535311124124,0.7310277000000001,0.0,0.0,False,0.08292529876413081,0,0.512,0.7099242206235012
510521,泸县,0.764315498808596,2,0.6908028842111471,0.610357216,0.7671804226235732,0.7060713,0.0,0.0,False,0.005685786687622247,0,0.548,0.7494172185430463
510112,龙泉驿区,0.7658954553439563,2,0.72656896797409,0.5777401520000001,0.9135681047740715,0.7544244999999999,0.13333333333333333,0.0,False,-0.023531560776236988,0,0.608,0.8092670349907919
511803,名山区,0.7528843990007217,2,0.638237669623336,0.5557836039999999,0.6135396528275034,0.7584820999999999,0.0,0.0,False,0.23767773288238145,0,0.022,0.0853718120805369
513435,甘洛县,0.7185707157606195,1,0.5912883491444734,0.39451854,0.5055093457128779,0.9361735,0.0,0.0,False,2.159092274004178,2,0.006,0.04189855072463768
513322,泸定县,0.7337969987850165,1,0.5812666673753721,0.40999466799999995,0.44909645542518345,0.9443526000000001,0.0,0.0,False,2.826346062915885,2,0.006,0.04189855072463768
511528,兴文县,0.7344182967834136,1,0.6468177231708162,0.46488788,0.6675757472385278,0.8582755999999999,0.0,0.0,False,0.5277024987311361,0,0.044,0.132366285119667
511781,万源市,0.7085397259720095,1,0.6250061669960757,0.37255779199999994,0.6385368669863826,0.9566905,0.0,0.0,False,0.987146823823639,2,0.008,0.04758847736625514
510623,中江县,0.7662419836408277,2,0.6953347670000635,0.5891624959999999,0.7675927900912333,0.7469101,0.0,0.0,False,0.011281731942668153,0,0.952,0.9811878787878788
510824,苍溪县,0.7564854138241095,2,0.6616473916695169,0.5257605240000001,0.6694669239642841,0.8215553,0.0,0.0,False,0.5681046348941571,0,0.014,0.06434658187599365
510604,罗江区,0.764299279049616,2,0.6547608905424137,0.615751688,0.6502204531170873,0.7008188,0.0,0.0,False,-0.0015889516110035751,0,0.2,0.36319095477386937
513332,石渠县,0.9099493937301091,5,0.6829727648085112,0.841435276,0.3970842332680113,0.9705964,0.0,1.0,False,9.33337995750617,1,0.002,0.019801369863013698
511402,东坡区,0.7609098412914423,2,0.6964479916564509,0.603178228,0.8013417289558072,0.7031738,0.0,0.0,False,-0.002806317744153705,0,0.428,0.6303352012226184
513433,冕宁县,0.7794772021377124,2,0.66311048937636,0.49944216799999996,0.6215045475102785,0.9488009000000001,0.0,0.0,False,1.1229235533840016,2,0.008,0.04758847736625514
510681,广汉市,0.7658932757798688,2,0.6963181972940276,0.618429704,0.7851134644837757,0.6983676000000001,0.0,0.0,False,-0.00740573399362838,0,0.732,0.9059126712328767
510704,游仙区,0.7677876225233864,2,0.69550305600165,0.611673264,0.7711687594562219,0.7158209,0.0,0.0,False,0.042734147278779444,0,0.122,0.25211007862759116
511723,开江县,0.7569545620669322,2,0.6523026292376434,0.539047536,0.639733333972978,0.8018682,0.0,0.0,False,0.4383799379337886,2,0.006,0.04189855072463768
513226,金川县,0.812795216822848,3,0.6212077229639716,0.562497124,0.408541895315409,0.9863241,0.0,0.20666666666666667,False,-0.006365227166508713,0,0.77,0.9188997555012225
510184,崇州市,0.7330645140170081,1,0.6722142632682954,0.477875796,0.7766800308901233,0.8163782,0.0,0.0,False,0.1607673945199818,0,0.712,0.8918509532062391
511123,犍为县,0.7528110949187743,2,0.6676248888976977,0.550627696,0.7065400090938159,0.7642428,0.0,0.0,False,0.2729612021658941,0,0.046,0.13709896907216493
513436,美姑县,0.7801105737641135,2,0.6219594245560857,0.5279500039999999,0.47947190463464184,0.9194885,0.0,0.0,False,0.30715807606261913,0,0.01,0.05294871794871795
513225,九寨沟县,0.769499303484569,2,0.6079201154651496,0.468698116,0.4545910023175868,0.9838944999999999,0.0,0.0,False,0.30017485028077484,0,0.284,0.46676748152359293
511621,岳池县,0.7647563452898065,2,0.6782360646210414,0.6024191799999999,0.7190156260492048,0.7208064000000001,0.0,0.0,False,0.04596391745935984,0,0.492,0.690136826783115
511903,恩阳区,0.7603614139300592,2,0.6315137793868272,0.543498788,0.5681097142208649,0.8069838,0.0,0.0,False,0.45402058298511744,0,0.014,0.06434658187599365
510113,青白江区,0.7676221112893661,2,0.7072407969867496,0.60797154,0.8154139242880901,0.7200774,0.0,0.0,False,-0.003951616795282055,0,0.704,0.8864390243902439
512022,乐至县,0.7680405587122799,2,0.6721177354266323,0.6011603759999999,0.6864879426769307,0.7359842999999999,0.0,0.0,False,0.032406229420313085,0,0.74,0.9088105352591335
510603,旌阳区,0.7647099023417876,2,0.712434838822917,0.603778368,0.8524738310916834,0.7136308,0.0,0.0,False,-0.003404418816339454,0,0.122,0.25211007862759116
511112,五通桥区,0.7539860993361502,2,0.6788185359906292,0.5693035,0.7490621206778807,0.7345183000000001,0.0,0.0,False,0.21275521858123364,0,0.024,0.09105511811023623
510727,平武县,0.69525661595157,1,0.5918339953615407,0.338500192,0.5431511087922536,0.9749482,0.0,0.0,False,1.6161063908137316,0,0.01,0.05294871794871795
511623,邻水县,0.7523111807574859,2,0.6686027354188379,0.532354652,0.7052695093413532,0.7956066,0.0,0.0,False,0.21043937824041473,0,0.214,0.38025445605408725
511921,通江县,0.7243604506372955,1,0.6268958227545245,0.41012501199999996,0.6130522158068248,0.9344121999999999,0.0,0.0,False,0.7423908617902542,0,0.012,0.05889983022071307
510682,什邡市,0.7457094622881377,1,0.6815828320236723,0.49096041999999995,0.7688588389387246,0.8436922,0.0,0.0,False,0.5689135622234764,0,0.06,0.1612081784386617
510811,昭化区,0.7490576622820051,2,0.6213400444034449,0.48795718,0.5514493678441331,0.867579,0.0,0.0,False,0.5893787492108997,0,0.018,0.07552685050798258
512002,雁江区,0.7691597354148176,2,0.6932065953420082,0.619520872,0.7604894217842247,0.7088779000000001,0.0,0.0,False,0.006549318586379731,0,0.71,0.8908897569444443
511527,筠连县,0.7268901936616641,1,0.6411447115711489,0.44114045999999996,0.6627123870113154,0.8791597,0.0,0.0,False,0.6786057128954763,2,0.006,0.04189855072463768
513337,稻城县,0.8603029249223506,4,0.6331639852140631,0.6874477,0.35046230030460745,0.9767877,0.0,1.0,False,-0.23919095572946084,0,0.612,0.8127202572347266
513437,雷波县,0.7159566894484236,1,0.6031269167853263,0.395684092,0.5552102558275628,0.9217559,0.0,0.0,False,1.8155551639817848,0,0.01,0.05294871794871795
510181,都江堰市,0.7271291682586355,1,0.6686627820689872,0.44422493599999996,0.7780151327907302,0.8586882,0.0,0.0,False,0.7097604657695099,0,0.092,0.21058749010292951
511011,东兴区,0.7637675423306807,2,0.6696501007964871,0.615186464,0.6997875946990149,0.6975443,0.0,0.0,False,-0.0010680137682945396,0,0.922,0.9650622737146994
511304,嘉陵区,0.7655735284142005,2,0.6696014086872086,0.5968208159999999,0.6861291646730416,0.7332279,0.0,0.0,False,0.06729589914323096,0,0.416,0.6154841351074718
511102,市中区,0.7508871072238553,2,0.6908229990407814,0.536460248,0.7949994079036045,0.7789291,0.0,0.0,False,0.2586574942947675,0,0.072,0.18053078924544666
510115,温江区,0.7641125854836595,2,0.7046248999042747,0.6135742040000001,0.823322471052146,0.6990116,0.0,0.0,False,0.0019107475031211396,0,0.882,0.9489624116114627
510723,盐亭县,0.762505224038933,2,0.6688819875276493,0.55487486,0.6797317474868253,0.7939714999999999,0.0,0.0,False,0.1717369860769378,0,0.338,0.5281935135135135
513426,会东县,0.8208991225038432,3,0.7035690264914494,0.621617048,0.6401642378816546,0.8952781,0.0,0.0,False,0.9264153271811187,2,0.004,0.03285227272727273
510182,彭州市,0.7524981613584104,2,0.6971843160742858,0.514558472,0.8110721308592904,0.8242732,0.0,0.0,False,0.27458317421018846,0,0.242,0.4156993464052287
513331,白玉县,0.860780213379134,4,0.648181312848811,0.6918230240000001,0.3915614158694973,0.9742946,0.0,1.0,False,2.4034429853021435,1,0.002,0.019801369863013698
510402,东区,0.8569725339228252,4,0.7924695417412778,0.740471228,0.792886662366062,0.8560478,1.0,0.0,False,-0.008339369160862626,0,0.022,0.0853718120805369
513430,金阳县,0.7768412168169259,2,0.6277221414468969,0.5194535119999999,0.5135307758701896,0.9060574,0.0,0.0,False,1.0755330738610411,0,0.012,0.05889983022071307
511523,江安县,0.7546628975492383,2,0.65966754327672,0.5681879360000001,0.682610297581221,0.7390072,0.0,0.0,False,0.11761516841288364,0,0.394,0.5932572916666667
510525,古蔺县,0.7346127530997651,1,0.6538816423206174,0.45149083999999995,0.688970935424504,0.8867389999999999,0.0,0.0,False,0.5940247961309775,0,0.02,0.08030555555555556
511622,武胜县,0.7653790925563236,2,0.6729382072983262,0.616749268,0.7056212850287715,0.7003547999999999,0.0,0.0,False,0.021885795659923334,0,0.46,0.6599801488833748
513423,盐源县,0.8214790359611588,3,0.7038423027023338,0.591999152,0.6447728357800151,0.949334,0.0,0.0,False,0.754126292692291,2,0.004,0.03285227272727273
511502,翠屏区,0.7613890745323212,2,0.7221140458343722,0.575087672,0.9143926514514028,0.7421566,0.02,0.0,False,0.024973771656474415,0,0.516,0.7147848586487782
511424,丹棱县,0.7547533257820379,2,0.6221749060609303,0.567956736,0.5647907971669468,0.7448362,0.0,0.0,False,0.15680256234918366,0,0.076,0.18763108454312555
513223,茂县,0.7209838552174714,1,0.5929501440170069,0.381364948,0.5038634170479467,0.968126,0.0,0.0,False,2.0041575267771243,2,0.004,0.03285227272727273
510703,涪城区,0.767839903774394,2,0.7244582493840933,0.6143428559999999,0.9085818040545218,0.7027350000000001,0.043333333333333335,0.0,False,-0.04799068302736154,0,0.116,0.24336429608127721
511524,长宁县,0.7460796450489359,1,0.6494838496196443,0.5445564,0.6738752262380371,0.7434358999999999,0.0,0.0,False,0.20972354311438748,0,0.092,0.21058749010292951
510118,新津区,0.7620737066117015,2,0.6904726989729278,0.608195796,0.7742666959574639,0.7013519000000001,0.0,0.0,False,0.0007494891177632815,0,0.73,0.9049871355060034
513328,甘孜县,0.8920043427747659,5,0.6711955453808427,0.78239704,0.39408759345062766,0.9804495999999999,0.0,1.0,False,5.276531746927363,1,0.002,0.019801369863013698
510421,米易县,0.8165919044204868,3,0.7048320668433125,0.5972383560000001,0.6603056595228005,0.9129437,0.0,0.0,False,1.104606515388824,0,0.016,0.06997881996974281
511124,井研县,0.7610976126605333,2,0.6458427697245651,0.59359378,0.6257129190432857,0.7241284,0.0,0.0,False,0.07238156231417674,0,0.222,0.39015319148936173
511181,峨眉山市,0.7191896499845736,1,0.6578710538091616,0.431682,0.74939657187559,0.8641375,0.0,0.0,False,0.8727235272268596,2,0.002,0.019801369863013698
513323,丹巴县,0.7861517436986714,2,0.6040466410369297,0.503164392,0.4133303730632039,0.9761195000000001,0.0,0.0,False,0.5001598576253373,0,0.062,0.16414102564102565
513324,九龙县,0.7887692520119822,3,0.6181103207154781,0.5073863679999999,0.4535707597526659,0.9777839,0.0,0.0,False,1.3211021169850854,0,0.014,0.06434658187599365
510105,青羊区,0.7686462036576106,2,0.7271258936575029,0.61849354,0.9205929591580793,0.6995182,0.12,0.38666666666666666,False,0.0004242083677137189,0,0.928,0.9688869628024558
510104,锦江区,0.7686234340052976,2,0.7251539676228974,0.618621296,0.9088020401061849,0.6996927000000001,0.056666666666666664,0.02666666666666667,False,0.020970560632011102,0,0.646,0.8427734657039712
510121,金堂县,0.7662205850080049,2,0.7036932441956006,0.604842892,0.8090956751965891,0.7177325,0.0,0.0,False,-0.0007888187316760644,0,0.914,0.9633153481589501
511681,华蓥市,0.7466749070810194,1,0.6500537366985367,0.515792972,0.6585577201184131,0.8032241,0.0,0.0,False,0.20280427230191622,0,0.504,0.7018612716763006
513402,会理市,0.8325527622377245,4,0.5564086064023183,0.649027276,0.18186844857186327,0.899207,0.0,0.0,False,0.7149951363279707,2,0.008,0.04758847736625514
511126,夹江县,0.7485892256046655,1,0.6578610271950344,0.5353184959999999,0.6826947403442776,0.7763874,0.0,0.0,False,0.3319592275148232,0,0.034,0.1125933562428408
512021,安岳县,0.7651731055729147,2,0.6816751337852578,0.599331544,0.7267765615819923,0.7281018,0.0,0.0,False,0.01189908170729238,0,0.906,0.9601341642228739
510117,郫都区,0.7649945099345693,2,0.7075460532553203,0.61556148,0.8329680456177337,0.698456,0.0,0.0,False,-0.02326258979266481,0,0.66,0.854012494422133
511132,峨边彝族自治县,0.6803707906509554,1,0.5823429927558433,0.3186675,0.5306246426211587,0.9741536000000001,0.0,0.0,False,1.6443223624991485,0,0.014,0.06434658187599365
511603,前锋区,0.7449191520803025,1,0.6198586620778406,0.555879788,0.5976550328005801,0.7127646,0.0,0.0,False,0.08121402421233498,0,0.256,0.4338194607268464
510304,大安区,0.7628684086206867,2,0.6573332922460583,0.613956428,0.6634039042575678,0.6970832,0.0,0.0,False,0.0029433861822493676,0,0.868,0.9458680738786279
513434,越西县,0.784247257458103,2,0.6420610723460177,0.525737728,0.5321134402802727,0.9384822,0.0,0.0,False,0.42135831245106,0,0.01,0.05294871794871795
510183,邛崃市,0.7437723574840306,1,0.6764871339853153,0.506554204,0.756144595418187,0.8094163999999999,0.0,0.0,False,0.42053442681695524,0,0.044,0.132366285119667
510923,大英县,0.7667952682148377,2,0.6623837252888655,0.5982622360000001,0.6597426360775438,0.7360806,0.0,0.0,False,0.07347234855389836,0,0.448,0.6479079539769885
513335,巴塘县,0.8508427810675347,4,0.6432191496320109,0.668586584,0.40132306333202417,0.9588324,0.0,0.84,False,0.6149245820305507,0,0.032,0.10807476635514018
513222,理县,0.7466915561014303,1,0.5904019230313955,0.42995209199999995,0.4471287087477779,0.9634448,0.0,0.0,False,1.773186872933633,0,0.012,0.05889983022071307
511503,南溪区,0.7590091556841186,2,0.6624143664697437,0.5906671,0.6834521666932482,0.7195554,0.0,0.0,False,0.04586653100940598,0,0.546,0.7473892045454545
510302,自流井区,0.7614953341043329,2,0.6898220038730838,0.587846028,0.7651878758629559,0.7322972999999999,0.0,0.0,False,0.021314318617432833,0,0.756,0.9160083822296731
510411,仁和区,0.8372677145715177,4,0.737674239895769,0.697417624,0.7003934543779725,0.8291973,0.8666666666666667,0.0,False,0.2305312091196767,0,0.074,0.18379209621993126
511529,屏山县,0.708738022325942,1,0.6103290143441991,0.405278912,0.5983929568268501,0.8808307,0.0,0.0,False,1.0609407029664846,2,0.006,0.04189855072463768
510106,金牛区,0.7695985698816099,2,0.7280781818383898,0.6207560719999999,0.9215082383212612,0.6992967999999999,0.17666666666666667,0.4,False,0.027365445806181575,0,0.662,0.854012494422133
511824,石棉县,0.7083996992996786,1,0.6161417074311789,0.35487201999999995,0.6140343377076966,0.9769802999999999,0.0,0.0,False,2.7889758397219317,2,0.008,0.04758847736625514
513231,阿坝县,0.8900756211140027,5,0.6726157075973691,0.7781342,0.4001627857110667,0.9810299,0.0,1.0,False,5.391548489893656,1,0.002,0.019801369863013698
511324,仪陇县,0.7634186805673486,2,0.6751419774418257,0.5639364279999999,0.6999163562371861,0.7808642,0.0,0.0,False,0.25716938321176236,0,0.078,0.1904543918918919
513326,道孚县,0.8469670811218054,4,0.6257047156327447,0.655661464,0.3538124939995338,0.9722668,0.0,0.9733333333333334,False,0.36029571468632077,0,0.31,0.4962403100775194
511323,蓬安县,0.7623725156447783,2,0.6627738556012894,0.576718116,0.6685190055910151,0.7546493,0.0,0.0,False,0.13616240400081495,0,0.354,0.5464036305392419
710005,嘉义市,0.8385717869773694,4,0.5020155879553829,0.782615088,0.0,0.7265047,0.0,0.0,False,0.24908097679072816,2,0.008,0.04758847736625514
710009,台北市,0.7939369221982494,3,0.487046179104097,0.586251904,0.0,0.8550547000000001,0.0,0.0,False,0.8666470847565214,2,0.008,0.04758847736625514
710012,新北市,0.776291819499625,2,0.5016582481032477,0.500280092,0.06035693783387394,0.9469447000000001,0.0,0.0,False,0.6664401017556753,2,0.006,0.04189855072463768
710016,台中市,0.7890480337788828,3,0.4995593616990672,0.551951584,0.06269084168144004,0.8834347,0.0,0.0,False,1.8554991187636103,2,0.006,0.04189855072463768
710020,新竹县,0.7705738173850737,2,0.4893666220990261,0.483402632,0.018632916799126067,0.9476947,0.0,0.0,False,1.2557929199700406,2,0.002,0.019801369863013698
710004,基隆市,0.7905424902434004,3,0.493772294589971,0.537975044,0.0,0.9324247,0.0,0.0,False,0.5088801870563946,2,0.004,0.03285227272727273
710001,高雄市,0.7930913979706409,3,0.5064092875665155,0.5479765600000001,0.07559404000007626,0.9045247,0.0,0.0,False,1.6797839042908773,0,0.01,0.05294871794871795
710010,澎湖县,0.7948342484926493,3,0.47599799181799674,0.647560348,0.0,0.7486447,0.0,0.0,False,1.1031964694081646,0,0.014,0.06434658187599365
710018,桃园市,0.7956069950100461,3,0.4846888721389796,0.60572772,0.0038945471128895414,0.8223847,0.0,0.0,False,1.234188829906551,0,0.014,0.06434658187599365
710021,宜兰县,0.7524954353004291,2,0.48949461586700105,0.45276523999999996,0.06821282543902281,0.9317647,0.0,0.0,False,1.6806457036869267,0,0.01,0.05294871794871795
710003,花莲县,0.7514364348440885,2,0.5064602129954825,0.430956428,0.1296829133454663,0.9680647,0.0,0.0,False,1.9542310283392734,2,0.006,0.04189855072463768
710013,台东县,0.770700196685697,2,0.5065496663364376,0.470389756,0.09178607265936943,0.9675847000000001,0.0,0.0,False,1.6786377890782302,0,0.01,0.05294871794871795
710019,新竹市,0.810691566536626,3,0.4882517189171682,0.671272216,0.0,0.7767847,0.0,0.0,False,0.8512099508975951,0,0.014,0.06434658187599365
710014,台南市,0.8267761715699999,3,0.510087387409722,0.697325632,0.05045785231143485,0.7957147,0.0,0.0,False,0.8944000993519248,2,0.004,0.03285227272727273
710008,南投县,0.7664927974874177,2,0.5109727049152939,0.46050030799999997,0.12114775815677414,0.9671947,0.0,0.0,False,1.6955562903974202,2,0.008,0.04758847736625514
710011,屏东县,0.813205205935912,3,0.5117394760679205,0.6063395160000001,0.060864852109320446,0.8845147,0.0,0.0,False,1.5275065945393185,2,0.008,0.04758847736625514
710007,苗栗县,0.7806121233124793,2,0.4981240675771492,0.508049948,0.04423179596949438,0.9390847,0.0,0.0,False,1.3460301755525872,0,0.01,0.05294871794871795
710023,彰化县,0.8313012076880394,4,0.4971190584921625,0.766502732,0.0,0.7205947,0.0,0.0,False,0.31770450904943726,2,0.008,0.04758847736625514
710022,云林县,0.8298281219506487,4,0.4967542503302565,0.7530424280000001,0.0021380134695202224,0.7303447,0.0,0.0,False,0.5786696511392028,2,0.008,0.04758847736625514
710006,嘉义县,0.8108340169534761,3,0.5035970816699944,0.6135974639999999,0.038503114423408064,0.8638447,0.0,0.0,False,1.297180642532735,0,0.012,0.05889983022071307
120106,红桥区,0.8107892558917372,3,0.6953359482768211,0.7304371319999999,0.6612864491731917,0.6964906,0.0,0.0,False,-0.0003124613384892392,0,0.892,0.9543937823834197
120103,河西区,0.8136200570167945,3,0.7608807561335171,0.7298321600000001,0.880659372668145,0.6995059,1.0,0.0,False,0.00133467245532134,0,0.948,0.9777623974313234
120102,河东区,0.8133246181855519,3,0.7351441394569141,0.7344955120000001,0.7757068356018347,0.6988118,0.57,0.0,False,7.302908997477357e-05,0,0.932,0.9709592792792794
120114,武清区,0.8110982439507708,3,0.7534149713629954,0.726737704,0.8572906745868694,0.6963479,1.0,0.0,False,0.0016141989838001415,0,0.912,0.9629627465303141
120117,宁河区,0.8071744382267912,3,0.7104499229278031,0.724272224,0.7199313101904008,0.6879514999999999,0.0,0.0,False,-0.0012609676530383933,0,0.88,0.9485756897837434
120105,河北区,0.8123537988395233,3,0.7248418899354142,0.732549396,0.7449387864794856,0.6983509,0.0,0.0,False,0.00012761571916594208,0,0.882,0.9489624116114627
120101,和平区,0.812771536650617,3,0.744803464771622,0.730841824,0.8129583184050944,0.6994887000000001,0.9966666666666667,0.0,False,0.00011488837862339761,0,0.898,0.9576237550719292
120111,西青区,0.8072424210917429,3,0.7493260924558762,0.71659132,0.8632777289077417,0.691245,1.0,0.0,False,-0.007486904072086694,0,0.838,0.9368981481481482
120116,滨海新区,0.8057476973552131,3,0.7532943549004494,0.663399556,1.0,0.6950723,1.0,0.016666666666666666,False,-0.0034690122891347618,0,0.86,0.944627659574468
120118,静海区,0.8091689349430884,3,0.7300997332613217,0.724807384,0.7766203604486964,0.6930354000000001,0.12333333333333334,0.0,False,-0.002916146617874356,0,0.864,0.944714069591528
120119,蓟州区,0.7981922257892348,3,0.7015085442792739,0.663544932,0.7073914293998798,0.7361654000000001,0.0,0.0,False,0.03879085744691566,0,0.858,0.9435062761506277
120110,东丽区,0.8074111325870701,3,0.7388341708947918,0.727936576,0.8219080935166617,0.6796783,0.8433333333333334,0.0,False,0.002269677865855849,0,0.816,0.9273018867924528
120115,宝坻区,0.808366560399,3,0.723690045695749,0.722511196,0.7552418459710323,0.6953319,0.0,0.0,False,0.0015506284649683313,0,0.968,0.9874693013408609
120113,北辰区,0.8092930007958092,3,0.742997594470111,0.72632522,0.8245161217765326,0.6904725,0.9866666666666667,0.0,False,0.0007274991233082604,0,0.856,0.9431006097560976
120104,南开区,0.8122303171595368,3,0.7478037907259399,0.729378704,0.8273577073328235,0.6986159,1.0,0.0,False,0.00014407599172466083,0,0.876,0.9485078651685394
120112,津南区,0.805469405008197,3,0.7496495003141134,0.7289543119999999,0.8929940889669281,0.6645387,0.9966666666666667,0.08333333333333333,False,-0.0005977412366855019,0,0.94,0.9743779132305486
540122,当雄县,0.9110626958751242,5,0.6880846825391269,0.861889612,0.4187743915289133,0.9212766,0.0,1.0,False,3.669723756669152,1,0.002,0.019801369863013698
540103,堆龙德庆区,0.9199641712522226,5,0.7395747530235234,0.8538810200000001,0.5279939694061678,0.9817174,0.6733333333333333,1.0,False,4.983552650635098,1,0.002,0.019801369863013698
542523,噶尔县,0.9503280038611218,5,0.7085686844884369,0.97437,0.4201202323035546,0.9413327,0.03,1.0,True,5.593633940861616,1,0.002,0.019801369863013698
540423,墨脱县,0.7095516445288774,1,0.5233231812922338,0.367951812,0.28829452882941176,0.9371568000000001,0.0,0.0,False,0.7294997558445466,0,0.1,0.2211935730680949
542521,普兰县,0.931426966261168,5,0.6544797052831395,0.926434416,0.30224676353957897,0.9171792,0.0,1.0,False,4.07916989124177,1,0.002,0.019801369863013698
540230,康马县,0.9344435422536176,5,0.6503129295686979,0.9320332800000001,0.282968877133734,0.928887,0.0,1.0,False,5.604700559728293,1,0.002,0.019801369863013698
540326,八宿县,0.8607411922707341,4,0.6405104438910223,0.733851984,0.3794253629555536,0.8945495,0.0,1.0,False,0.38390901021630697,0,0.178,0.3337211413748378
540424,波密县,0.7891052634328445,3,0.6154888573907259,0.54305388,0.4681509611567394,0.8834565999999999,0.0,0.0,False,-1.153959452519198,0,0.264,0.4427053364269142
540502,乃东区,0.9236194876231578,5,0.7531106599651418,0.862101968,0.5548436291580984,0.9857319,0.9433333333333334,1.0,False,5.589893402458348,1,0.002,0.019801369863013698
540330,边坝县,0.8410909517318033,4,0.6185985239904636,0.6701320799999999,0.36184912496151517,0.897343,0.0,0.0,False,-0.6077140381327086,0,0.054,0.15127325581395348
540302,卡若区,0.870657531722565,4,0.7043745425509395,0.738244944,0.5238714807575812,0.9374116,0.0,1.0,False,4.047872092292507,1,0.002,0.019801369863013698
540621,嘉黎县,0.8865538231894928,5,0.6398203273528902,0.7876416119999998,0.3286138046814847,0.9243397,0.0,1.0,False,1.405140369025245,1,0.004,0.03285227272727273
540237,岗巴县,0.9556618564827811,5,0.6565790365073669,0.978283472,0.2688578056069826,0.9648406,0.0,1.0,True,7.091730855873684,1,0.002,0.019801369863013698
540329,洛隆县,0.8606874038826141,4,0.6391010590554855,0.704302392,0.3706255922702159,0.9447485,0.0,0.9033333333333333,False,0.5464502959805948,0,0.04,0.12488120950323973
540324,丁青县,0.8806558645331559,5,0.6649883813096348,0.7658557399999999,0.4028001380039058,0.9412956,0.0,1.0,False,2.227338283498715,1,0.002,0.019801369863013698
542527,措勤县,0.9438663298778607,5,0.6522785179516009,0.963532772,0.2771347667951591,0.9260013,0.0,1.0,False,6.710535083503727,1,0.002,0.019801369863013698
540530,错那市,0.7849047513469448,2,0.6896453893020609,0.505469056,0.6987054651119952,0.9593343,0.0,0.0,False,-1.3626996062015295,4,0.002,0.019801369863013698
540624,安多县,0.9293074495773312,5,0.6737111676678671,0.9052582960000001,0.34950527231904405,0.9537832,0.0,1.0,False,6.631547655038364,1,0.002,0.019801369863013698
540234,吉隆县,0.9140570133172189,5,0.6536047551566571,0.8741688000000001,0.3280405498688485,0.9071271,0.0,1.0,False,2.1810124886884963,1,0.002,0.019801369863013698
540321,江达县,0.8832890190581233,5,0.6944899129263841,0.756086944,0.472115747696901,0.9774854000000001,0.0,1.0,False,4.726436349191176,1,0.002,0.019801369863013698
540525,曲松县,0.9324017016709579,5,0.6656543305578522,0.902035432,0.32221821680066065,0.9718941,0.0,1.0,False,4.9793922661814545,1,0.002,0.019801369863013698
540233,亚东县,0.9120454084184526,5,0.6513172160971248,0.844888072,0.3175924921824871,0.9501401,0.0,1.0,False,4.331452869287445,1,0.002,0.019801369863013698
540422,米林市,0.823771377488253,3,0.6112829802492049,0.592412564,0.36231470143941047,0.9678675,0.0,0.0,False,-0.35465348142795156,0,0.066,0.1718972972972973
540524,琼结县,0.9390924130734926,5,0.6714687885188132,0.9062965199999999,0.3279906846882316,0.9971097999999999,0.0,1.0,True,6.7632888943085865,1,0.002,0.019801369863013698
540235,聂拉木县,0.9292459905284673,5,0.6605676996086846,0.921771664,0.32325457367340993,0.9124515,0.0,1.0,False,4.344691836709187,1,0.002,0.019801369863013698
540623,聂荣县,0.9296331137203896,5,0.6399798308256052,0.8926382839999999,0.24898942825702938,0.9803587,0.0,1.0,False,4.87200765228571,1,0.002,0.019801369863013698
540231,定结县,0.9256001079918796,5,0.6426225873800112,0.9011042279999999,0.2757699413363904,0.9258959,0.0,1.0,False,4.049243338513269,1,0.002,0.019801369863013698
542526,改则县,0.9254268847175289,5,0.6579031695381874,0.9295490319999999,0.32021551178289215,0.8952384999999999,0.0,1.0,False,7.06440396844192,1,0.002,0.019801369863013698
540104,达孜区,0.9292499662363619,5,0.7576614566323475,0.874288644,0.5575372629285248,0.9964934,0.9866666666666667,1.0,True,5.7506682319017,1,0.002,0.019801369863013698
540622,比如县,0.8913874172088825,5,0.6406422829832619,0.795970996,0.31780410269057785,0.9420672,0.0,1.0,False,2.0713380012369793,1,0.002,0.019801369863013698
540523,桑日县,0.8839349969986761,5,0.6579551303838373,0.850064552,0.40177416660324555,0.810277,0.0,1.0,False,6.520372562113882,1,0.002,0.019801369863013698
540123,尼木县,0.9358134112219024,5,0.6736969053555286,0.9134460879999999,0.341792541711019,0.9656708,0.0,1.0,False,5.783641284032056,1,0.002,0.019801369863013698
540236,萨嘎县,0.9521764010528154,5,0.6570872913639006,0.9721245319999999,0.2761809574609799,0.9552985999999999,0.0,1.0,False,5.931142505507671,1,0.002,0.019801369863013698
542524,日土县,0.9144811845362695,5,0.6296723891483493,0.9034658360000001,0.26045932823320667,0.8764491,0.0,1.0,False,3.4656317691921346,1,0.002,0.019801369863013698
540629,尼玛县,0.9444427634194654,5,0.6998742905304466,0.9411908120000001,0.3995777343873508,0.9689917,0.0,1.0,False,7.9614462723966035,1,0.002,0.019801369863013698
540630,双湖县,0.9238093882594629,5,0.6987565716770509,0.9105982,0.42629318372784036,0.9166982,0.0,1.0,False,6.0015969555413635,1,0.002,0.019801369863013698
540627,班戈县,0.9353411939442811,5,0.6767486904647461,0.9179502800000001,0.35149419738949556,0.9565232,0.0,1.0,False,5.658164002641388,1,0.002,0.019801369863013698
540222,江孜县,0.9471604143233553,5,0.7163327248195628,0.943022892,0.4380372475132621,0.9779916,0.14,1.0,False,7.017513232132665,1,0.002,0.019801369863013698
540102,城关区,0.9247150696585883,5,0.8405779735589275,0.857732016,0.7507132506395207,0.9957784,1.0,1.0,True,5.11209856329773,1,0.002,0.019801369863013698
540327,左贡县,0.850436555088307,4,0.6328919662430967,0.6785656959999999,0.37285281564952655,0.9416571,0.0,0.7833333333333333,False,0.23909250208138133,0,0.194,0.3551956934768841
540522,贡嘎县,0.9356374265657151,5,0.7044824824251734,0.91135892,0.42264362556890034,0.9673929000000001,0.0033333333333333335,1.0,False,5.649648042180496,1,0.002,0.019801369863013698
540121,林周县,0.9128754036211016,5,0.6803891374696105,0.838135576,0.390306327049123,0.9753329000000001,0.0,1.0,False,5.02469504724754,1,0.002,0.019801369863013698
540202,桑珠孜区,0.9550252972441423,5,0.8018072846697287,0.9568513519999999,0.6278592486136404,0.9939429,1.0,1.0,True,7.5672195267708435,1,0.002,0.019801369863013698
540526,措美县,,,,0.92136078955,0.30989889129793935,,,1.0,,5.6521054622249,1,0.002,0.019801369863013698
540224,萨迦县,0.9497559563156182,5,0.6904240159609132,0.9511481079999999,0.3689449833407459,0.9769672999999999,0.0,1.0,False,7.179787097382666,1,0.002,0.019801369863013698
540323,类乌齐县,0.8884711701050151,5,0.6533851691425996,0.769655984,0.35385562284662,0.9778786,0.0,1.0,False,2.69999917876603,1,0.002,0.019801369863013698
540225,拉孜县,0.9487822435219672,5,0.6923897806408404,0.9474271439999999,0.3753505046371864,0.9772254,0.0,1.0,False,6.870139108432906,1,0.002,0.019801369863013698
540325,察雅县,0.8903467105202343,5,0.6683558550353884,0.773860116,0.3905802475065184,0.9827734,0.0,1.0,False,3.363101539740445,1,0.002,0.019801369863013698
540625,申扎县,0.9383631144031415,5,0.6786441559675397,0.9241455479999999,0.35240871144955005,0.9614397,0.0,1.0,False,5.897446572334495,1,0.002,0.019801369863013698
540425,察隅县,0.7534935203227265,2,0.555504656853628,0.45416905199999996,0.3293877073392187,0.9279385000000001,0.0,0.0,False,1.1919780087667442,0,0.02,0.08030555555555556
540402,巴宜区,0.8192765288710296,3,0.685833053321328,0.580454116,0.594487991898786,0.9679985,0.0,0.0,False,0.2917058665221596,0,0.162,0.3103658051689861
540124,曲水县,0.9237571596721511,5,0.6910468915581339,0.865573044,0.4037103338591397,0.9793899,0.0,1.0,False,4.989631544174078,1,0.002,0.019801369863013698
540227,谢通门县,0.9406183616270665,5,0.6899462751305423,0.9197953640000001,0.37810195639779715,0.9797986,0.0,1.0,False,7.213440656713285,1,0.002,0.019801369863013698
540328,芒康县,0.8575973835960198,4,0.6711272559989074,0.6788316640000001,0.4646926085603741,0.9741261,0.0,0.93,False,0.6980762812118078,0,0.042,0.12889808917197454
540529,隆子县,0.8590869987781657,4,0.6350027090443167,0.68166806,0.3619413992979355,0.9724083,0.0,0.7,False,0.6220795769313775,1,0.002,0.019801369863013698
540223,定日县,0.9259368193731546,5,0.6656564735042112,0.910927796,0.3422768873205885,0.9112895,0.0,1.0,False,4.05851762298007,1,0.002,0.019801369863013698
540229,仁布县,0.9353017977456525,5,0.6633477248736874,0.9030678839999999,0.31360236724587925,0.9767037,0.0,1.0,False,5.898673450139404,1,0.002,0.019801369863013698
540228,白朗县,0.952459211429065,5,0.6889386253867538,0.956849276,0.36095045309329427,0.9837886,0.0,1.0,False,7.519024110741409,1,0.002,0.019801369863013698
540626,索县,0.8793119122252436,5,0.6369065836436583,0.747070176,0.3252139623260991,0.9680552,0.0,1.0,False,2.190544428885152,1,0.002,0.019801369863013698
540232,仲巴县,0.945848414875291,5,0.6699049418730229,0.961792464,0.3231607140023572,0.9377046,0.0,1.0,False,6.471046201117812,1,0.002,0.019801369863013698
540421,工布江达县,0.8535613290822338,4,0.6397186244229156,0.6901263839999999,0.39461854784934713,0.9199868,0.0,0.0,False,-0.45024359624878507,0,0.01,0.05294871794871795
540226,昂仁县,0.9480677186180139,5,0.6819523382784863,0.95135806,0.3494774946404953,0.9666227,0.0,1.0,False,6.593939105703585,1,0.002,0.019801369863013698
540528,加查县,0.8942824741210059,5,0.6736950131486692,0.7914960120000001,0.4062460613138792,0.9520425,0.0,1.0,False,1.5243755390035092,1,0.002,0.019801369863013698
540221,南木林县,0.9336564345394404,5,0.6828214544093181,0.901291372,0.36861918016493067,0.9735108000000001,0.0,1.0,False,6.400366895577319,1,0.002,0.019801369863013698
540531,浪卡子县,0.929469960824282,5,0.6690482144453362,0.909161028,0.34113757228057257,0.9383053,0.0,1.0,False,4.239617836012577,1,0.002,0.019801369863013698
542522,札达县,0.9313640358434493,5,0.662147120227827,0.934858064,0.3260166823497165,0.9036317,0.0,1.0,False,4.027591385590354,1,0.002,0.019801369863013698
540322,贡觉县,0.8817481653328869,5,0.649616909062789,0.75658344,0.35534568251540655,0.9679925,0.0,1.0,False,3.2469555930598912,1,0.002,0.019801369863013698
540426,朗县,0.8671761095999604,4,0.620110366685596,0.7150510919999999,0.30651209968848486,0.9484838,0.0,0.8133333333333334,False,0.5663254614061585,0,0.02,0.08030555555555556
540127,墨竹工卡县,0.9172741766588933,5,0.7403681974662963,0.846568556,0.5329387787922152,0.9833040000000001,0.71,1.0,False,5.195641309392966,1,0.002,0.019801369863013698
540628,巴青县,0.9056863820403865,5,0.6432363884113186,0.830955916,0.29713178480454044,0.9616787,0.0,1.0,False,3.7396545247517134,1,0.002,0.019801369863013698
542525,革吉县,0.9538370608483168,5,0.6886545120566042,0.978307656,0.3621850282422369,0.9559237,0.0,1.0,True,7.6557728749195295,1,0.002,0.019801369863013698
540521,扎囊县,0.9295078564232998,5,0.6897805520680564,0.886134384,0.39264263722502013,0.9754301000000001,0.0,1.0,False,5.758797811008777,1,0.002,0.019801369863013698
540602,色尼区,0.929327978204634,5,0.7176370333496801,0.893578076,0.46012837813661817,0.9745797,0.14333333333333334,1.0,False,5.631917530036495,1,0.002,0.019801369863013698
540527,洛扎县,0.8813862841852219,5,0.6178452204904956,0.777754684,0.2837437314487697,0.9003433000000001,0.0,0.0,False,0.07006841222534481,1,0.002,0.019801369863013698
810101,中西区,0.7855781697461414,2,0.4851405847969169,0.55117884,0.0,0.8806747,0.0,0.0,False,1.0159369916868415,0,0.01,0.05294871794871795
810113,西贡区,0.7811525626546156,2,0.486283072068165,0.5235599959999999,0.0,0.9122647,0.0,0.0,False,0.7971695086016022,2,0.008,0.04758847736625514
810104,观塘区,0.8107260770740614,3,0.486840423419535,0.6949188399999999,0.0,0.7472647,0.0,0.0,False,0.3108763579514799,0,0.012,0.05889983022071307
810102,东区,0.7882093258312918,2,0.48724379288430336,0.5525416679999999,0.0,0.8886247,0.0,0.0,False,0.8613666422769294,0,0.014,0.06434658187599365
810114,沙田区,0.7893875069733607,3,0.49200132729313206,0.539451252,0.0,0.9227947,0.0,0.0,False,0.575737797495566,0,0.01,0.05294871794871795
810117,荃湾区,0.7853902910796454,2,0.4909752878087396,0.52425496,0.0,0.9328747000000001,0.0,0.0,False,0.6239150436054226,2,0.008,0.04758847736625514
810115,屯门区,0.7963561694821728,3,0.48958596854399833,0.580879392,0.0,0.8714647,0.0,0.0,False,0.5921240336888826,0,0.02,0.08030555555555556
810106,深水埗区,0.7925713810265433,3,0.4737762331708483,0.639047184,0.0,0.7478947,0.0,0.0,False,1.2262989694632407,2,0.008,0.04758847736625514
810109,油尖旺区,0.7908499686626875,3,0.46847407547009273,0.6658688399999999,0.0,0.7000447,0.0,0.0,False,1.1292622840909783,0,0.012,0.05889983022071307
810107,湾仔区,0.7927885257490664,3,0.4865004577528189,0.5802538399999999,0.0,0.8585047,0.0,0.0,False,0.914978353148858,2,0.008,0.04758847736625514
810110,离岛区,0.7740254477779521,2,0.4838550768424738,0.49951565600000003,0.0,0.9243547,0.0,0.0,False,1.2228205997094663,0,0.014,0.06434658187599365
810111,葵青区,0.7995603256593204,3,0.4840578771339989,0.626516616,0.0,0.8029147,0.0,0.0,False,0.9444860152846865,2,0.006,0.04189855072463768
810112,北区,0.792540720635416,3,0.4864664322950841,0.57271124,0.0,0.8656747,0.0,0.0,False,0.7550181719392278,0,0.02,0.08030555555555556
810103,九龙城区,0.8089133341550262,3,0.4830224454338637,0.7105471839999999,0.0,0.7154647000000001,0.0,0.0,False,0.361872215298026,2,0.008,0.04758847736625514
810118,元朗区,0.8029210940803851,3,0.48636976587016456,0.634787496,0.0,0.8046847,0.0,0.0,False,0.5152820914543784,0,0.058,0.15863576158940398
810105,南区,0.7853062132983815,2,0.48846109310995356,0.532189892,0.0,0.9137347,0.0,0.0,False,0.7914195037754432,2,0.006,0.04189855072463768
810108,黄大仙区,0.7912502514636638,3,0.48577052650489544,0.5753671840000001,0.0,0.8600647,0.0,0.0,False,0.941424233049754,2,0.004,0.03285227272727273
810116,大埔区,0.7780293228405636,2,0.4844601775938367,0.5158227479999999,0.0,0.9115447,0.0,0.0,False,0.9426185929722334,0,0.014,0.06434658187599365
659008,可克达拉市,0.8494064680973596,4,0.6989742787362214,0.7722893559999999,0.5579556458055088,0.8002694000000001,0.0,1.0,False,1.3917104252577293,1,0.002,0.019801369863013698
652301,昌吉市,0.8421045281837585,4,0.7843081000633835,0.730095228,0.8033012154043357,0.8283305000000001,1.0,1.0,False,1.331636488916879,1,0.004,0.03285227272727273
650203,克拉玛依区,0.8319059009126636,4,0.7716037769849322,0.7632934,0.8299058041527204,0.7296676,1.0,0.8566666666666667,False,0.42948176804527366,0,0.012,0.05889983022071307
652926,拜城县,0.8302472845751022,4,0.7121190187484301,0.710815776,0.6386270007228518,0.8006062,0.0,0.79,False,0.26314021532141363,0,0.05,0.14397410358565738
652902,库车市,0.848466815988604,4,0.7690763260814026,0.760940608,0.7434107219104646,0.8060468000000001,1.0,1.0,False,1.186454439571015,1,0.006,0.04189855072463768
659012,白杨市,0.8428706073571034,4,0.5113912160785716,0.7613512520000001,0.0,0.7911614,0.0,1.0,False,1.3499323087873547,1,0.006,0.04189855072463768
652702,阿拉山口市,0.8333814362358597,4,0.6983144133875404,0.7578216839999999,0.6011093011195471,0.7508371,0.0,0.8333333333333334,False,0.6002015973209035,1,0.002,0.019801369863013698
653001,阿图什市,0.8610316409590516,4,0.7108676915511801,0.80492256,0.5691879754726683,0.7955131,0.0,1.0,False,0.7447154232216874,0,0.09,0.20748803827751197
652701,博乐市,0.8488427390586377,4,0.7509367240666905,0.719804536,0.6810430643468722,0.8833367000000001,1.0,1.0,False,1.693671025113714,1,0.006,0.04189855072463768
654324,哈巴河县,0.8481869239897789,4,0.6921248553537385,0.7205328799999999,0.5300169514635662,0.8831451,0.0,1.0,False,1.6929609372618986,1,0.008,0.04758847736625514
650205,乌尔禾区,0.8224859257773769,3,0.5920563448956633,0.7563372159999999,0.35158904737504215,0.7054714,0.0,0.0,False,0.08210678079960079,0,0.016,0.06997881996974281
654201,塔城市,0.8564714553870735,4,0.7351181399222306,0.743369852,0.6202669421100899,0.8847692,0.5633333333333334,1.0,False,1.8003935123146197,0,0.018,0.07552685050798258
653126,叶城县,0.8518448122849179,4,0.7192139287591639,0.76516676,0.6125351124325317,0.8020307999999999,0.0,0.006666666666666667,False,0.05387662258719057,0,0.4,0.5973140495867769
652323,呼图壁县,0.8379506934793023,4,0.7250821087007169,0.7368482239999999,0.6491345905020748,0.8027428999999999,0.0033333333333333335,1.0,False,1.230696365018551,1,0.008,0.04758847736625514
654224,托里县,0.8571233745566986,4,0.6890862085351117,0.7624394480000001,0.5065947018100512,0.8573546,0.0,1.0,False,2.0599919420140704,0,0.014,0.06434658187599365
653223,皮山县,0.8491221798359447,4,0.6680454377188068,0.794857588,0.4988603258133728,0.7492976,0.0,0.9066666666666666,False,0.37246328966377545,0,0.072,0.18053078924544666
653127,麦盖提县,0.8483403054631607,4,0.6890131444944542,0.816258932,0.557488388483089,0.7239083,0.0,0.87,False,0.30781021328975244,0,0.084,0.19872667757774143
653128,岳普湖县,0.8501113494935991,4,0.6641267527076231,0.813864864,0.4863933363172907,0.7356237,0.0,0.8566666666666667,False,0.2879468771966411,0,0.074,0.18379209621993126
653201,和田市,0.8704196284003283,4,0.7389691452574104,0.827937472,0.6187090908761657,0.8030752,0.7366666666666667,1.0,False,0.6400810405717531,0,0.134,0.2709048951048951
652822,轮台县,0.8375639141160806,4,0.6856899935400684,0.765070884,0.5614369977725696,0.7532226999999999,0.0,1.0,False,0.9595417803778589,0,0.042,0.12889808917197454
650102,天山区,0.8534764206419488,4,0.7877771101125879,0.7617398599999999,0.7733754871614145,0.8333084,1.0,1.0,False,1.7453197728383771,1,0.006,0.04189855072463768
652801,库尔勒市,0.848859045075024,4,0.8028490589753441,0.779435024,0.8650554098589853,0.7740919,1.0,0.9966666666666667,False,0.7245241810067848,0,0.028,0.10030731102850063
654323,福海县,0.8229290321914826,3,0.6509939974555687,0.748576536,0.509288679948176,0.7177521,0.0,0.9566666666666667,False,0.6995516075718893,0,0.012,0.05889983022071307
654202,乌苏市,0.8315026880806609,4,0.7409226036105874,0.6978076799999999,0.7052562984571484,0.8346621000000001,0.9866666666666667,1.0,False,0.8296931011501933,1,0.008,0.04758847736625514
659006,铁门关市,0.8552949902664563,4,0.7542198321498528,0.805318136,0.6958184741549245,0.7701282,1.0,0.99,False,0.6466363435132927,0,0.018,0.07552685050798258
654326,吉木乃县,0.8466820950532967,4,0.6291298822412057,0.755638568,0.37676437481666225,0.8190543,0.0,1.0,False,1.9074793251393976,1,0.006,0.04189855072463768
650104,新市区,0.8379074359892662,4,0.7985670153150619,0.763308168,0.9166405826533002,0.748575,1.0,0.9666666666666667,False,0.9041476323097447,1,0.002,0.019801369863013698
650107,达坂城区,0.8350324477253641,4,0.6461956601949741,0.737900884,0.4561220958318147,0.7854425,0.0,1.0,False,1.4865848737615304,1,0.004,0.03285227272727273
654027,特克斯县,0.8378877605710421,4,0.6705242641962986,0.657946284,0.49362442331957557,0.9405663999999999,0.0,1.0,False,1.4326494991372016,1,0.006,0.04189855072463768
652324,玛纳斯县,0.822635513582418,3,0.7135111359319131,0.720725996,0.6680453007595389,0.7558478000000001,0.0,1.0,False,0.7730324705327904,0,0.01,0.05294871794871795
652327,吉木萨尔县,0.8177291212756458,3,0.7445404987794293,0.75548982,0.8106694890570803,0.6787960000000001,0.9866666666666667,1.0,False,1.5249030920049473,1,0.004,0.03285227272727273
653125,莎车县,0.8553736394926015,4,0.7306278917376181,0.8124047679999999,0.6401642378816546,0.7575931,0.30333333333333334,1.0,False,0.4010626104505888,0,0.212,0.37856207535515746
652928,阿瓦提县,0.8447752374841259,4,0.6918857559584802,0.8022474799999999,0.5691617868836121,0.730081,0.0,0.8866666666666667,False,0.23851032184784418,0,0.166,0.3169788639365918
653022,阿克陶县,0.8425168293953331,4,0.6781812760422401,0.73004484,0.5237716358163674,0.8184517,0.0,0.0,False,0.07102217427606324,0,0.084,0.19872667757774143
653221,和田县,0.8629848686701518,4,0.6874120430312445,0.8194310040000001,0.5210871631529668,0.7665032,0.0,0.8166666666666667,False,0.2605224876192953,0,0.076,0.18763108454312555
659002,阿拉尔市,0.8383488472913089,4,0.7109914094545865,0.787997752,0.6352936099032208,0.721775,0.0,0.9966666666666667,False,0.3202822269321852,0,0.24,0.41398568019093074
653227,民丰县,0.8498372600865142,4,0.6154483281936345,0.839359628,0.36914005802731303,0.6949810000000001,0.0,1.0,False,1.3706678461486355,0,0.024,0.09105511811023623
653129,伽师县,0.8550893079097505,4,0.7066397545310961,0.8107507319999999,0.5779590977930678,0.7615225,0.0,0.9866666666666667,False,0.4232785754596049,0,0.104,0.2257237237237237
652825,且末县,0.8463265812298452,4,0.647019671981701,0.824561888,0.4602304752512888,0.7008859000000001,0.0,1.0,False,3.550457377933621,1,0.002,0.019801369863013698
652302,阜康市,0.8338362647014671,4,0.7348252794521992,0.754778596,0.6985065702880715,0.7536889,0.5933333333333334,1.0,False,1.0069348260457007,1,0.002,0.019801369863013698
650422,托克逊县,0.8307062411117577,4,0.7059249908567305,0.78584416,0.6480461663153468,0.6936918000000001,0.0,0.9533333333333334,False,0.6314015821028249,0,0.016,0.06997881996974281
652826,焉耆回族自治县,0.8510775623476853,4,0.6931755646012774,0.766440036,0.538768894722068,0.8141375000000001,0.0,1.0,False,0.9945087130115174,0,0.026,0.09624327784891165
650109,米东区,0.8300878627089345,4,0.7462217939576756,0.7590159320000001,0.7504528631011703,0.729784,1.0,1.0,False,1.1137555042159113,0,0.01,0.05294871794871795
652325,奇台县,0.8237232261531766,3,0.7178709757391672,0.766253056,0.6989983351840642,0.6919837,0.0,1.0,False,1.421120659117602,1,0.004,0.03285227272727273
654221,额敏县,0.8589417992203509,4,0.7323071036410053,0.747481524,0.6074838925650893,0.8902573,0.43666666666666665,1.0,False,2.1743191282190777,1,0.004,0.03285227272727273
654322,富蕴县,0.8341966627224228,4,0.6798492175930461,0.741971884,0.545657899475003,0.7779362999999999,0.0,1.0,False,1.1001477246166005,1,0.008,0.04758847736625514
652722,精河县,0.8326467619736532,4,0.7007111876241218,0.7184396559999999,0.5978529331249675,0.8070999999999999,0.0,0.9966666666666667,False,0.6939940840965964,0,0.01,0.05294871794871795
653023,阿合奇县,0.8578888476281301,4,0.6398982010533248,0.7509520120000001,0.38208941889718767,0.8653533999999999,0.0,1.0,False,0.9559497853612683,0,0.058,0.15863576158940398
659011,新星市,0.8595430263683654,4,0.678298612671166,0.81604236,0.4972064433959389,0.7709623999999999,0.0,0.9933333333333333,False,0.7824150757599521,1,0.006,0.04189855072463768
653123,英吉沙县,0.8501989984388582,4,0.6779784492941473,0.81717614,0.5236208597202284,0.7306157,0.0,0.8466666666666667,False,0.22410422086026485,0,0.144,0.2839727148703956
650402,高昌区,0.8354091440488071,4,0.7085467206613104,0.769603036,0.6302345952399827,0.7365526,0.0,0.9566666666666667,False,0.8420376737198223,1,0.004,0.03285227272727273
652824,若羌县,0.8556955895624134,4,0.6966380964887298,0.839504296,0.5673015105115111,0.718093,0.0,1.0,False,3.414947851320907,0,0.02,0.08030555555555556
659001,石河子市,0.7278558523354053,1,0.5968654030090063,0.757545396,0.6802070880385555,0.38423450000000003,0.0,1.0,False,2.2165075493380844,1,0.004,0.03285227272727273
653131,塔什库尔干塔吉克自治县,0.8241280552352467,3,0.6077027498617544,0.6920828720000001,0.387309056299634,0.7827145,0.0,0.0,False,-0.8917432371517022,0,0.144,0.2839727148703956
650202,独山子区,0.8711244390210198,4,0.782807197785595,0.761775664,0.7043413557091763,0.9286728,1.0,1.0,False,2.467011574359542,0,0.028,0.10030731102850063
650521,巴里坤哈萨克自治县,0.8494298425381336,4,0.7232881597611412,0.8005038959999999,0.6341009709799118,0.7516852999999999,0.03333333333333333,1.0,False,1.4355667732226463,1,0.004,0.03285227272727273
650105,水磨沟区,0.863207566775791,4,0.7979478230563155,0.728104856,0.772748596043974,0.9409904,1.0,1.0,False,2.5864982080214594,1,0.004,0.03285227272727273
654003,奎屯市,0.8371580041665718,4,0.7414990737954248,0.7596909079999999,0.7037811341660393,0.7638648,0.9733333333333334,1.0,False,0.9558442548500161,0,0.012,0.05889983022071307
650502,伊州区,0.8382240207645357,4,0.7553309023035348,0.8264741359999999,0.7978851083924375,0.6629255000000001,1.0,1.0,True,1.9069619566870062,0,0.022,0.0853718120805369
652925,新和县,0.8362112828465375,4,0.6778315711551887,0.79064856,0.5554443332840205,0.710852,0.0,0.29333333333333333,False,0.13204869085104437,0,0.11,0.23331621423330887
654325,青河县,0.8430424644861491,4,0.6492101561337034,0.7607387080000001,0.4455530218150852,0.7895711,0.0,1.0,False,1.4396819906581633,1,0.004,0.03285227272727273
654321,布尔津县,0.839799757953517,4,0.663959770922668,0.686188692,0.47268416145229264,0.9018383000000001,0.0,1.0,False,1.478421821396475,0,0.016,0.06997881996974281
653222,墨玉县,0.8461983095455641,4,0.6940160398029767,0.82105738,0.5806754371308784,0.7069502,0.0,0.9266666666666666,False,0.44531831286411155,0,0.074,0.18379209621993126
654024,巩留县,0.8433991448482621,4,0.6947575326632605,0.6845791680000001,0.546822219512817,0.9194159000000001,0.0,1.0,False,1.5967485806924337,1,0.002,0.019801369863013698
654004,霍尔果斯市,0.8396137504917454,4,0.7386191446579232,0.693652116,0.6733020544821534,0.8821315000000001,0.8233333333333334,1.0,False,1.2990882614933885,1,0.002,0.019801369863013698
659003,图木舒克市,0.8540801647272253,4,0.7328487730094202,0.78697802,0.6393304430398434,0.7900100999999999,0.43666666666666665,0.99,False,0.47956283505122016,0,0.05,0.14397410358565738
650204,白碱滩区,0.8261005155063342,3,0.7096323735483155,0.7605160360000001,0.6597045879525989,0.7138649,0.0,0.03333333333333333,False,0.178039496910453,0,0.018,0.07552685050798258
652929,柯坪县,0.8498940985275525,4,0.64482544599462,0.79736772,0.4301995040019062,0.7589950000000001,0.0,0.9533333333333334,False,0.4116791719199672,0,0.078,0.1904543918918919
650121,乌鲁木齐县,0.8468568302543504,4,0.6571968347364374,0.704270312,0.4403729124647213,0.9036925,0.0,1.0,False,2.209918914923611,1,0.004,0.03285227272727273
652328,木垒哈萨克自治县,0.8546362897598369,4,0.7221132451767148,0.778357348,0.6033402628094005,0.8128770000000001,0.03333333333333333,1.0,False,1.5815319220892932,0,0.012,0.05889983022071307
650421,鄯善县,0.8381031659652198,4,0.7287950879835132,0.801596444,0.6926052416174221,0.7007455,0.13666666666666666,0.9966666666666667,False,1.2488442345685187,1,0.002,0.019801369863013698
652829,博湖县,0.8169677178844414,3,0.6183412777613834,0.714410852,0.4388206663680074,0.728687,0.0,0.0,False,-1.2132355726581252,4,0.006,0.04189855072463768
652924,沙雅县,0.8429760554703084,4,0.7061977787604312,0.801666824,0.6121458748609231,0.722907,0.0,0.99,False,0.44351339737132167,0,0.138,0.27782590529247914
659010,胡杨河市,0.8278028791305138,4,0.6577102715714039,0.76369554,0.5158196360506946,0.7181474000000001,0.0,0.9866666666666667,False,0.807403585361884,1,0.006,0.04189855072463768
654301,阿勒泰市,0.849401453902754,4,0.7203553536751781,0.724020504,0.598071300807537,0.8849984000000001,0.013333333333333334,1.0,False,1.9694804686730918,0,0.012,0.05889983022071307
654026,昭苏县,0.8311290815114063,4,0.6684439816526604,0.662715256,0.5070477533591451,0.8940898,0.0,0.9566666666666667,False,0.6381081798035872,0,0.01,0.05294871794871795
650522,伊吾县,0.8540613234582978,4,0.7430480333463882,0.8169698,0.6790491622331127,0.7453017,0.9266666666666666,0.9866666666666667,False,0.887625795977451,0,0.01,0.05294871794871795
653130,巴楚县,0.8477853017607878,4,0.7003009705279082,0.809014016,0.5847174513267315,0.7321697,0.0,0.9933333333333333,False,0.5669862522239676,0,0.072,0.18053078924544666
653101,喀什市,0.8597948915364303,4,0.7660265549114306,0.815262924,0.7165096096783987,0.7736305,1.0,0.9966666666666667,False,0.48920383054702005,0,0.108,0.23110880829015545
652827,和静县,0.8512299545161065,4,0.7214744004576831,0.7144582399999999,0.5994043894692073,0.9035928,0.03666666666666667,1.0,False,2.5521211011721014,1,0.004,0.03285227272727273
652828,和硕县,0.8474952896312371,4,0.6689037944581387,0.7775107640000001,0.49203172561386765,0.7793211000000001,0.0,1.0,False,0.7995155274816964,0,0.042,0.12889808917197454
654021,伊宁县,0.8635524510143952,4,0.7351443173743709,0.7498936760000001,0.604361966709745,0.9083104,0.5566666666666666,1.0,False,2.6552084432943914,1,0.006,0.04189855072463768
652823,尉犁县,0.8432118904361746,4,0.6841682550552077,0.8054674639999999,0.5562456445272502,0.7182706000000001,0.0,1.0,False,0.9279836286688868,0,0.082,0.19543446001648807
659009,昆玉市,0.8743208423910701,5,0.673587107555239,0.834196588,0.4498088405095151,0.8117224000000001,0.0,1.0,False,0.6292260558977786,0,0.098,0.21844101773323052
653024,乌恰县,0.8613228781372606,4,0.6856765253527829,0.7657352559999999,0.49710044099134987,0.855073,0.0,1.0,False,0.6671901763874344,0,0.182,0.33924049000644746
652922,温宿县,0.821940653678138,3,0.6873371529498166,0.709917308,0.6035492508659528,0.7596700999999999,0.0,0.0,False,-0.24085792197273512,0,0.1,0.2211935730680949
653225,策勒县,0.8447741747235191,4,0.6432840857219048,0.787783292,0.4452001527290507,0.7402816999999999,0.0,0.38666666666666666,False,0.18657900465317745,0,0.018,0.07552685050798258
659007,双河市,0.8319566021568248,4,0.6584297581924463,0.762095964,0.5032129283965059,0.7391077,0.0,0.7933333333333333,False,0.5611149482437356,1,0.002,0.019801369863013698
652927,乌什县,0.8484549355691409,4,0.6928857790859233,0.757796216,0.5451668989210943,0.8121957000000001,0.0,1.0,False,0.5016663269230621,0,0.084,0.19872667757774143
653122,疏勒县,0.8531634232974417,4,0.7041066086756045,0.8126507119999999,0.5785314135003856,0.7502112,0.0,0.96,False,0.3529604355423735,0,0.132,0.2676100981767181
653224,洛浦县,0.8480097111360358,4,0.6675887091168127,0.822943116,0.5069400329294028,0.7120957000000001,0.0,0.8166666666666667,False,0.3437016647941825,0,0.03,0.10449397590361445
653226,于田县,0.8533041079363133,4,0.6716073288542449,0.81880678,0.5023297607222974,0.7360744,0.0,0.99,False,0.6267206128858128,0,0.062,0.16414102564102565
650106,头屯河区,0.8468372819896736,4,0.7912206729320046,0.764439,0.8147009996889124,0.7968135999999999,1.0,1.0,False,1.672018382626058,1,0.002,0.019801369863013698
659005,北屯市,0.8346973984785127,4,0.6849403212580418,0.735150656,0.5534108394405969,0.7933113,0.0,1.0,False,1.0248434964430067,1,0.002,0.019801369863013698
654226,和布克赛尔蒙古自治县,0.8229378399444718,3,0.6515569176503302,0.7596950920000001,0.5138370803810193,0.7034007,0.0,1.0,False,1.2670667180119546,0,0.022,0.0853718120805369
654025,新源县,0.8473989543712945,4,0.724325513993253,0.691387048,0.6157324270287802,0.9260311999999999,0.07666666666666666,1.0,False,2.226969208278633,1,0.002,0.019801369863013698
654203,沙湾市,0.833877831771199,4,0.5462832931956202,0.7169329799999999,0.15257702334216489,0.8174534,0.0,0.9966666666666667,False,0.6895787811982039,1,0.006,0.04189855072463768
654022,察布查尔锡伯自治县,0.8477714971839986,4,0.7074601649897271,0.7384191640000001,0.5752821520891223,0.8465442999999999,0.0,1.0,False,1.8085765773345786,1,0.004,0.03285227272727273
654028,尼勒克县,0.8452189799949585,4,0.6965129917846388,0.681928188,0.5466655118922319,0.9348076,0.0,1.0,False,1.4870971737326908,0,0.016,0.06997881996974281
654002,伊宁市,0.8615615476917308,4,0.7874532915049353,0.768158788,0.7447848508218343,0.8629791,1.0,1.0,False,2.4478119781967718,1,0.002,0.019801369863013698
652723,温泉县,0.8553403887388284,4,0.6717998034297482,0.7235872160000001,0.4605746275800939,0.9136786,0.0,1.0,False,2.243934681269397,1,0.002,0.019801369863013698
653121,疏附县,0.8488501286042704,4,0.6801035223618896,0.8171996600000001,0.5334104542126217,0.7247214999999999,0.0,0.6966666666666667,False,0.2186532925149707,0,0.068,0.17521212121212124
653124,泽普县,0.8538745033103378,4,0.6803701914309124,0.8208192599999999,0.51998535640374,0.7410569,0.0,0.9266666666666666,False,0.3051881589418213,0,0.13,0.26466901408450705
652901,阿克苏市,0.839566019443024,4,0.7448188128862528,0.800137212,0.7316081441392831,0.7085701000000001,0.9933333333333333,0.86,False,0.20917518980106217,0,0.22,0.38758074344911636
654225,裕民县,0.8665096143232347,4,0.6643505454176146,0.7408019560000001,0.4158140621453074,0.9438457,0.0,1.0,False,2.899169193832976,1,0.008,0.04758847736625514
654023,霍城县,0.8613431404774089,4,0.7359267283451766,0.732692228,0.6116063539759702,0.9262164,0.6033333333333334,1.0,False,2.6396840842625124,1,0.008,0.04758847736625514
659004,五家渠市,0.8327840413568338,4,0.7312514539512757,0.7595675319999999,0.693692134446738,0.7432681,0.21,1.0,False,1.3014941521551224,1,0.002,0.019801369863013698
650103,沙依巴克区,0.8601668290285647,4,0.7982192905362988,0.767085912,0.7783761190530701,0.8584326,1.0,1.0,False,2.216607207069442,1,0.002,0.019801369863013698
530102,五华区,0.8408181397908906,4,0.7993307201256689,0.6639636200000001,0.9060573846421902,0.9037834,1.0,0.12,False,-0.028603505990267886,0,0.454,0.6536424302788846
530402,红塔区,0.8347413323114725,4,0.7857145708560682,0.650031788,0.8750015004842395,0.8984455,1.0,0.0,False,0.10000945178134929,0,0.064,0.16835668789808916
533103,芒市,0.8235397933947121,3,0.7113441919627446,0.609525308,0.6590751144394025,0.926611,0.0,0.0,False,0.4204419118695328,0,0.022,0.0853718120805369
533422,德钦县,0.7838514132002711,2,0.6247696345792111,0.499961612,0.4861899067688118,0.9701594,0.0,0.0,False,0.35828219097372677,0,0.358,0.5511064962726305
532527,泸西县,0.8253829978054567,3,0.7106731701978758,0.678760872,0.6461518784581078,0.8260562,0.0,0.0,False,0.19639378499301147,0,0.184,0.34164675658317273
530723,华坪县,0.8376489800538723,4,0.6874894617149595,0.6553279639999999,0.5578760151361338,0.9068,0.0,0.0,False,0.4535582733027746,0,0.038,0.12112238147739803
530521,施甸县,0.8201330005546874,3,0.6824514423332704,0.614498388,0.5828067538260014,0.9033947999999999,0.0,0.0,False,0.7320615594542056,0,0.018,0.07552685050798258
530822,墨江哈尼族自治县,0.8094791319744779,3,0.6717552581777754,0.5648418159999999,0.5776291306064916,0.948072,0.0,0.0,False,0.46220311106488493,0,0.026,0.09624327784891165
530326,会泽县,0.8243950910704697,3,0.7440286617171941,0.631702016,0.7477842270439393,0.899926,0.9933333333333333,0.0,False,0.18883576750819642,0,0.038,0.12112238147739803
533301,泸水市,0.736608373939415,1,0.6203888206259839,0.39869585199999996,0.5764611548552362,0.9772026,0.0,0.0,False,1.6894883722109695,0,0.01,0.05294871794871795
532525,石屏县,0.821783789086403,3,0.6977597059708119,0.61340372,0.6219000651348265,0.9138198,0.0,0.0,False,0.4373948061116543,0,0.05,0.14397410358565738
530115,晋宁区,0.8321226049352485,4,0.7269757870156132,0.657364908,0.6766579862448098,0.8832791,0.06,0.0,False,0.25285964416360324,0,0.084,0.19872667757774143
530481,澄江市,0.8225423292986189,3,0.7185686273505848,0.651311104,0.681794255350003,0.8466937999999999,0.0,0.0,False,0.43923723944647897,0,0.19,0.350089228808158
532924,宾川县,0.8450697433210191,4,0.7267317972552731,0.685418276,0.6461518784581078,0.8874932,0.08,0.0,False,0.41333383570091986,0,0.038,0.12112238147739803
530581,腾冲市,0.809863076820505,3,0.7200447636286891,0.561159096,0.7295986279847209,0.9597604,0.01,0.0,False,0.34020665929525457,0,0.012,0.05889983022071307
533324,贡山独龙族怒族自治县,0.6995236911529796,1,0.5539670256405204,0.334384092,0.39698029627786074,0.9875016999999999,0.0,0.0,False,2.3225539193972122,2,0.008,0.04758847736625514
532926,南涧彝族自治县,0.8253121067296988,3,0.6827147754957035,0.6105767400000001,0.5713427038638008,0.934589,0.0,0.0,False,0.3453285805101528,0,0.066,0.1718972972972973
530828,澜沧拉祜族自治县,0.8239043488772405,3,0.7031013305138496,0.6017426319999999,0.6348461564021647,0.943446,0.0,0.0,False,0.2058815689906419,0,0.112,0.23651716581446314
532801,景洪市,0.8210331856484544,3,0.7379529937971114,0.5868724000000001,0.7582826306799786,0.9555752,0.7466666666666667,0.016666666666666666,True,0.09146302366365082,0,0.164,0.3135740740740741
530181,安宁市,0.8345148917276428,4,0.7731629629068918,0.647656744,0.8211931115324731,0.9064265,1.0,0.0,False,0.0675859994141004,0,0.2,0.36319095477386937
530426,峨山彝族自治县,0.8269232940400258,3,0.7039906196011876,0.6224683440000001,0.627145152552237,0.9205552,0.0,0.0,False,0.16834301315618266,0,0.118,0.24559971202303815
530112,西山区,0.8263467369175634,3,0.7749609615317818,0.629283796,0.8729084316293899,0.8933882,1.0,0.0,False,0.16951706740993208,0,0.386,0.5836433054393305
530628,彝良县,0.7314033780697734,1,0.6301097120072499,0.432175536,0.6117926590775947,0.9131361,0.0,0.0,False,0.8798791145714728,2,0.008,0.04758847736625514
530381,宣威市,0.8059587953415692,3,0.7378448479404217,0.600758468,0.787472480378014,0.8743531999999999,0.75,0.0,False,0.17200724757786331,0,0.2,0.36319095477386937
530821,宁洱哈尼族彝族自治县,0.8114352218736409,3,0.6624526676324812,0.5596296599999999,0.5448968186848175,0.9686805,0.0,0.0,False,0.2711949322200101,0,0.044,0.132366285119667
532302,禄丰市,0.8337661820544335,4,0.5487330443639092,0.636821844,0.14257396973272862,0.9292986999999999,0.0,0.0,False,0.07015443625202746,0,0.464,0.6627588932806324
532528,元阳县,0.7884213410485751,2,0.6560299576266699,0.527653964,0.5789801219801175,0.9281627,0.0,0.0,False,0.8576514601607687,2,0.008,0.04758847736625514
530323,师宗县,0.8074887589447074,3,0.7068119315750622,0.6030158680000001,0.6787990318186946,0.8801372,0.0,0.0,False,0.181990730901027,0,0.286,0.4695207268597387
533123,盈江县,0.8145854926291736,3,0.684855973516014,0.576541848,0.6034199185521472,0.9510046,0.0,0.0,False,0.30505835002410986,0,0.026,0.09624327784891165
530304,马龙区,0.8288340551272765,4,0.7377668075706407,0.6698206839999999,0.7128376736306249,0.8535570000000001,0.85,0.0,False,0.07051821175146791,0,0.598,0.7988992606284658
533423,维西傈僳族自治县,0.7493452381759237,2,0.616919903456999,0.426478224,0.5314244194799416,0.9794312,0.0,0.0,False,1.593785312431826,2,0.008,0.04758847736625514
530114,呈贡区,0.8381064062854858,4,0.7721279070949675,0.704092532,0.7933290563675204,0.8324431,1.0,0.0,False,0.1068665507422179,0,0.344,0.5343922622246103
530302,麒麟区,0.8268342830008709,3,0.7833969430079992,0.6684861919999999,0.8890415017281054,0.8384107999999999,1.0,0.0,False,0.08644374504394953,0,0.308,0.49413318534961154
530403,江川区,0.8301963702729792,4,0.7167826175082235,0.682353948,0.6556239491976553,0.8317427000000001,0.0,0.0,False,0.3768790623037808,0,0.114,0.2402142857142857
532523,屏边苗族自治县,0.781297665578964,2,0.6396973177174735,0.511491404,0.5397671437342758,0.9376587000000001,0.0,0.0,False,0.7257432253459486,0,0.02,0.08030555555555556
530113,东川区,0.8117547033377095,3,0.6885229141081987,0.6074360440000001,0.618603364650189,0.8827783,0.0,0.0,False,0.3936344121451922,0,0.044,0.132366285119667
530428,元江哈尼族彝族傣族自治县,0.8168217615878969,3,0.6958583141522136,0.59771924,0.629178160827928,0.9203397,0.0,0.0,False,0.533111151353655,0,0.04,0.12488120950323973
530128,禄劝彝族苗族自治县,0.8202786108105918,3,0.7013671131523201,0.598597284,0.638356404113277,0.9324625999999999,0.0,0.0,False,0.2865673861471326,0,0.328,0.5173202400436443
530927,沧源佤族自治县,0.8191459367985567,3,0.6622738971414831,0.5971325,0.5279939694061678,0.9297689,0.0,0.0,False,0.4842015307608119,0,0.032,0.10807476635514018
532324,南华县,0.836298763267051,4,0.7048952338978551,0.639012924,0.6076860655279988,0.9326742,0.0,0.0,False,0.15494308148724187,0,0.194,0.3551956934768841
532529,红河县,0.817904448642397,3,0.6719230185301118,0.5982413320000001,0.5562456445272502,0.9264950999999999,0.0,0.0,False,0.5170857146405624,0,0.014,0.06434658187599365
530923,永德县,0.822696400022369,3,0.6844745128592457,0.6215963640000001,0.5827362928763475,0.9015647,0.0,0.0,False,0.6608283404482794,0,0.01,0.05294871794871795
530623,盐津县,0.6909206104903095,1,0.5891791868696621,0.35272033599999997,0.5432478402350893,0.9376999,0.0,0.0,False,1.3013074318206572,2,0.002,0.019801369863013698
532627,广南县,0.7942133886005367,3,0.6891676972066906,0.5457682159999999,0.6563036070473436,0.9401869,0.0,0.13666666666666666,False,0.010356236975038935,0,0.238,0.41127196652719666
532328,元谋县,0.8568913684033295,4,0.7265445181654854,0.727558112,0.6122293851050066,0.8824716,0.15333333333333332,0.04666666666666667,False,-0.06240681164975078,0,0.15,0.29241402562373564
532927,巍山彝族回族自治县,0.8337785537432286,4,0.6963636874344195,0.64455522,0.589859241261305,0.9101485,0.0,0.0,False,0.38246968655848806,0,0.026,0.09624327784891165
532524,建水县,0.8336520046797472,4,0.7371873721035463,0.673580412,0.7002147561078564,0.8641177,0.7933333333333333,0.0,False,0.20790051784462255,0,0.018,0.07552685050798258
532932,鹤庆县,0.8385097877152209,4,0.7108225814682146,0.6556730080000001,0.6179494008601987,0.9125471,0.0,0.0,False,0.3292819177958449,0,0.028,0.10030731102850063
532925,弥渡县,0.8416791795901644,4,0.6987421631822613,0.6631396199999999,0.5767572552582315,0.9162367,0.0,0.0,False,0.16383448700554212,0,0.072,0.18053078924544666
530823,景东彝族自治县,0.8082091565930702,3,0.679500231404651,0.5607924919999999,0.6041741247361038,0.9502424999999999,0.0,0.0,False,0.418819039934656,0,0.068,0.17521212121212124
532504,弥勒市,0.8305770893327555,4,0.7614853109026972,0.6714907880000001,0.784115088675289,0.8534142,1.0,0.0,False,0.221549478512528,0,0.044,0.132366285119667
533122,梁河县,0.8204620203262398,3,0.6442999989646865,0.598917732,0.4716019537935703,0.9360499,0.0,0.0,False,0.2943465602436511,0,0.022,0.0853718120805369
530922,云县,0.8210057813656283,3,0.7028759694759573,0.606092064,0.6400529396777481,0.9221050000000001,0.0,0.0,False,0.47891139485754525,0,0.022,0.0853718120805369
530622,巧家县,0.8008017237595276,3,0.6839850521455393,0.570389384,0.631854212137662,0.904339,0.0,0.0,False,1.0244602591290994,0,0.012,0.05889983022071307
532325,姚安县,0.8442220647878831,4,0.7010943229035069,0.659473676,0.5795959811414837,0.9305745999999999,0.0,0.0,False,0.11134997560471166,0,0.212,0.37856207535515746
530829,西盟佤族自治县,0.8186636332998857,3,0.6314236955544416,0.5850159879999999,0.4378874660422844,0.9516403999999999,0.0,0.0,False,0.2926279470098383,0,0.054,0.15127325581395348
530681,水富市,0.691224760477347,1,0.569818188803671,0.360142852,0.4782259129853274,0.9211557,0.0,0.0,False,1.1275802467370384,0,0.01,0.05294871794871795
530303,沾益区,0.8212605243125177,3,0.7438135800403799,0.658282628,0.756299786246329,0.8376951,1.0,0.0,False,0.0849124669914605,0,0.444,0.6447031642390758
532301,楚雄市,0.8237038503242698,3,0.7542003245008387,0.599221328,0.8061839750175321,0.9424069,1.0,0.0,False,0.2412671799259657,0,0.158,0.3035069767441861
530824,景谷傣族彝族自治县,0.81880336551865,3,0.6932366747607092,0.5808594759999999,0.6200493123340931,0.9596252,0.0,0.0,False,0.2338335296545176,0,0.06,0.1612081784386617
530722,永胜县,0.8288208453407008,4,0.695894816507094,0.625395552,0.6032306531354156,0.9167647,0.0,0.0,False,0.6393507516476719,0,0.028,0.10030731102850063
530802,思茅区,0.819873786770871,3,0.7162042128564252,0.586030096,0.6882009213449156,0.9527682000000001,0.0,0.016666666666666666,False,0.1154719141382635,0,0.112,0.23651716581446314
532901,大理市,0.8293451134296772,4,0.7567081708879245,0.6371773719999999,0.7873013723999446,0.8926369,1.0,0.0,False,0.49259241361695305,0,0.104,0.2257237237237237
532628,富宁县,0.7769646895590371,2,0.668332611994497,0.5034049359999999,0.6343187764431718,0.948357,0.0,0.0,False,0.08003701832464216,0,0.44,0.6411491935483871
530125,宜良县,0.8254349900594339,3,0.7237516806062422,0.6648051879999999,0.6855117083523061,0.8421517000000001,0.0,0.0,False,0.12569514034374096,0,0.444,0.6447031642390758
532822,勐海县,0.8255160979326659,3,0.7137197275762178,0.6075679199999999,0.6615304477063559,0.9404818,0.0,0.0,False,0.17385330580395908,0,0.228,0.3968380493678507
532501,个旧市,0.8181595549961695,3,0.7386090647237539,0.616283304,0.7537425222931354,0.8946832,0.8333333333333334,0.0,False,0.40642010890436464,0,0.02,0.08030555555555556
530827,孟连傣族拉祜族佤族自治县,0.8275068168981501,4,0.6638001625345349,0.622136192,0.5140001361070826,0.9219041,0.0,0.0,False,0.3019784704073213,0,0.076,0.18763108454312555
532530,金平苗族瑶族傣族自治县,0.7745165295431695,2,0.6445443610956588,0.48832978399999993,0.570179094059664,0.9546998,0.0,0.0,False,0.7803719097807047,0,0.016,0.06997881996974281
530624,大关县,0.7146970711294264,1,0.5870888161762599,0.39713962799999997,0.5013418496723291,0.9176428000000001,0.0,0.0,False,1.7607651378213796,0,0.014,0.06434658187599365
530423,通海县,0.8324804280585288,4,0.7233507158898147,0.665507592,0.6658911072799734,0.8701129,0.0033333333333333335,0.0,False,0.32700278158436624,0,0.066,0.1718972972972973
530702,古城区,0.8169432218455316,3,0.710799305908474,0.5797037519999999,0.6791957449141894,0.9516163,0.0,0.0,False,0.5171514198106621,0,0.036,0.1168080808080808
530724,宁蒗彝族自治县,0.8277732841348274,4,0.6818269440122765,0.5989937000000001,0.5652240336342708,0.9661789000000001,0.0,0.0,False,0.28439218302248115,0,0.018,0.07552685050798258
530322,陆良县,0.8307844985723751,4,0.7468750405890217,0.705807164,0.736893726038029,0.8046095,1.0,0.0,False,0.11502683868164318,0,0.22,0.38758074344911636
532931,剑川县,0.8267099589360977,3,0.6681965212125897,0.6048412400000001,0.5260302004293842,0.9541131,0.0,0.0,False,0.20999727393621706,0,0.018,0.07552685050798258
530127,嵩明县,0.8337331309436347,4,0.7181795204992767,0.6894676319999999,0.6456844267492907,0.8426383000000001,0.0,0.0,False,0.07131641762649184,0,0.58,0.7817156177156177
532929,云龙县,0.7975842776067865,3,0.6525873543915685,0.531356548,0.5469317979598601,0.9608218,0.0,0.0,False,0.8367193916091707,0,0.016,0.06997881996974281
530926,耿马傣族佤族自治县,0.8192710207719531,3,0.698241823202637,0.6055099319999999,0.6314015598136349,0.9138438999999999,0.0,0.0,False,0.6813094905945122,0,0.014,0.06434658187599365
532922,漾濞彝族自治县,0.8195670284278632,3,0.6416070809959221,0.597923832,0.4683566221855058,0.9290991999999999,0.0,0.0,False,0.48468499289643546,0,0.05,0.14397410358565738
530921,凤庆县,0.8207272172442616,3,0.706899496214625,0.602360844,0.6535624956167437,0.9268297000000001,0.0,0.0,False,0.5339681885612833,0,0.024,0.09105511811023623
530325,富源县,0.7957072996700575,3,0.710350269368772,0.603667592,0.7305481003566092,0.8215233000000001,0.0,0.0,False,0.04268740445236163,0,0.314,0.501255659856433
532531,绿春县,0.7889159328765025,3,0.6367702065292495,0.51067906,0.5155185177020617,0.9664971,0.0,0.0,False,0.7211462703199782,0,0.024,0.09105511811023623
532923,祥云县,0.8496538996620853,4,0.7381577960802435,0.692486116,0.6650857572830252,0.8972303,0.76,0.0,False,0.06939601551032985,0,0.054,0.15127325581395348
532626,丘北县,0.8153918563948902,3,0.6893614765655943,0.623951148,0.6063222971521388,0.8797425999999999,0.0,0.0,False,0.10070747346738977,0,0.372,0.5681204437400951
530625,永善县,0.7383002117746195,1,0.6383480227492293,0.449359692,0.6317590531644593,0.8947539,0.0,0.0,False,1.7262008586288895,2,0.008,0.04758847736625514
532823,勐腊县,0.813726133881857,3,0.698068341431127,0.561784052,0.6487959084604514,0.9758996,0.0,0.03666666666666667,False,0.12624501360192844,0,0.118,0.24559971202303815
533124,陇川县,0.829566702064018,4,0.6744077179481063,0.640167444,0.5385013417831804,0.9009021,0.0,0.0,False,0.37331129760679144,0,0.022,0.0853718120805369
530126,石林彝族自治县,0.8334280995091439,4,0.7055891943268614,0.6962118359999999,0.6129969141808016,0.8319272999999999,0.0,0.0,False,0.11990630621559709,0,0.152,0.29432819825853984
530825,镇沅彝族哈尼族拉祜族自治县,0.8124865306659632,3,0.6713467975512607,0.570066044,0.5684657805410112,0.9535338999999999,0.0,0.0,False,0.3622361274751245,0,0.02,0.08030555555555556
530924,镇康县,0.8068256032198563,3,0.6598245249320321,0.5582859360000001,0.548964940180364,0.9470640000000001,0.0,0.0,False,0.7328065898190299,2,0.004,0.03285227272727273
530602,昭阳区,0.8089760699787273,3,0.7362162842126139,0.629095636,0.7646498392635992,0.8439657999999999,0.72,0.0,False,0.3415865437748489,2,0.008,0.04758847736625514
532502,开远市,0.8320042528701953,4,0.7423234961312944,0.6885844839999999,0.7208208913980529,0.8319965,1.0,0.0,False,0.0955642751729479,0,0.08,0.1924126455906822
530124,富民县,0.8313786227901603,4,0.6991523531972301,0.652222652,0.5998865731418707,0.8919609,0.0,0.0,False,0.1284820784545221,0,0.386,0.5836433054393305
532622,砚山县,0.8254629396398302,3,0.7305859633044823,0.6582351,0.698729496218442,0.8625001999999999,0.15,0.0,False,0.09663051273990557,0,0.1,0.2211935730680949
530826,江城哈尼族彝族自治县,0.8041304843739067,3,0.6494146950303366,0.543411672,0.520431115639898,0.9702433,0.0,0.0,False,0.2553656880821539,0,0.064,0.16835668789808916
530424,华宁县,0.8312768951624456,4,0.7082261322455523,0.6664638079999999,0.6250533899754699,0.8674294,0.0,0.0,False,0.28918162596353203,0,0.082,0.19543446001648807
530502,隆阳区,0.8151019484462011,3,0.7361502717857388,0.590340416,0.7640792328584538,0.9235056,0.6333333333333333,0.0,False,0.6061695421945698,0,0.02,0.08030555555555556
530721,玉龙纳西族自治县,0.8011768842707948,3,0.6717171362816153,0.5381001320000001,0.5973210164557958,0.9648604999999999,0.0,0.0,False,0.7226186459606665,2,0.002,0.019801369863013698
533323,福贡县,0.6850861010504015,1,0.5566190149723733,0.309715596,0.43334725191025736,0.9867017,0.0,0.0,False,2.5728861312754048,0,0.012,0.05889983022071307
530524,昌宁县,0.8250765716029788,3,0.7141058586462972,0.6146088519999999,0.6632683723858436,0.9235266,0.0,0.0,False,0.5563267471622152,0,0.026,0.09624327784891165
530324,罗平县,0.8011826078087599,3,0.7202821888642554,0.600791388,0.7377352015598031,0.8594347,0.0,0.0,False,0.1633244601808273,0,0.372,0.5681204437400951
530925,双江拉祜族佤族布朗族傣族自治县,0.8237064561290047,3,0.6740884057932576,0.611389132,0.5506925153065169,0.9254191,0.0,0.0,False,0.4034052757864869,0,0.02,0.08030555555555556
532930,洱源县,0.8335025120443672,4,0.6863317556424998,0.6325198200000001,0.5621177731177809,0.9327937,0.0,0.0,False,0.29391123319993834,0,0.028,0.10030731102850063
530902,临翔区,0.8234689795485096,3,0.7139103761043012,0.5993636480000001,0.667861255995895,0.9477275000000001,0.0,0.0,False,0.2796075615350531,0,0.016,0.06997881996974281
530627,镇雄县,0.7333554026401828,1,0.6546248179893274,0.449358144,0.6988964299001432,0.8807443,0.0,0.0,False,0.5563383714328753,2,0.004,0.03285227272727273
532503,蒙自市,0.8268142251212809,3,0.7538347099053953,0.6585339880000001,0.7703294439979453,0.8612059999999999,1.0,0.0,False,0.27739958194460757,0,0.016,0.06997881996974281
532624,麻栗坡县,0.7756000207348452,2,0.6544315741513455,0.5060340799999999,0.5947763374952585,0.9329087,0.0,0.0,False,0.3182642998967051,0,0.154,0.29661159227181877
532329,武定县,0.8352818388373519,4,0.7078368460437057,0.637216692,0.6188147276678506,0.9301062,0.0,0.0,False,0.11944706740766052,0,0.47,0.669015263417036
530626,绥江县,0.6872615076803632,1,0.5706489246805179,0.3535953439999999,0.49152066848133086,0.9167647,0.0,0.0,False,1.543358296684499,0,0.01,0.05294871794871795
530425,易门县,0.8259952834528215,3,0.7037996273426822,0.612897388,0.6284471521856994,0.9367219999999999,0.0,0.0,False,0.15785427480876854,0,0.276,0.455952
530129,寻甸回族彝族自治县,0.8317493952919525,4,0.7147745378647922,0.666612996,0.6398969553591424,0.8723075,0.0,0.0,False,0.09771996323832043,0,0.26,0.43828571428571433
533325,兰坪白族普米族自治县,0.7787519376010741,2,0.6522284923153114,0.486307104,0.5856504726112942,0.9769405,0.0,0.0,False,1.0128058519763248,0,0.01,0.05294871794871795
530111,官渡区,0.8468997128429631,4,0.8117227434595626,0.7115119240000001,0.9162160167900353,0.8538066,1.0,0.43333333333333335,False,-0.10633206964607558,0,0.178,0.3337211413748378
532601,文山市,0.8219024268397525,3,0.7424147058221838,0.644143016,0.7466101853826583,0.8690992,0.9933333333333333,0.0,False,0.1929827948058737,0,0.038,0.12112238147739803
532623,西畴县,0.796696092685545,3,0.6484859021084036,0.5556452599999999,0.5288288065767425,0.9261426,0.0,0.0,False,0.2191725822989657,0,0.072,0.18053078924544666
530629,威信县,0.7113152503480253,1,0.5987210216470844,0.4100972,0.5603737041237937,0.8714877,0.0,0.0,False,0.4192161504607561,0,0.016,0.06997881996974281
532532,河口瑶族自治县,0.770441301488445,2,0.6550258090487254,0.4975011279999999,0.6127662267718372,0.9219334,0.0,0.0,False,0.7907123183648358,0,0.03,0.10449397590361445
532326,大姚县,0.8305169378112108,4,0.7060826268005678,0.6170623639999999,0.629178160827928,0.9401597,0.0,0.0,False,0.2708130392958941,0,0.296,0.4796726457399103
530427,新平彝族傣族自治县,0.8135613547683591,3,0.7169843957984252,0.588445424,0.7039414540765272,0.9208644,0.0,0.0,False,0.4445664379312511,0,0.046,0.13709896907216493
532323,牟定县,0.8440337360943339,4,0.7017506767731706,0.670256104,0.5796321137413761,0.9142045,0.0,0.0,False,0.09137332470592557,0,0.308,0.49413318534961154
532327,永仁县,0.8361242405403627,4,0.6768370822390447,0.664261444,0.5348838316129695,0.881724,0.0,0.0,False,0.1025633284828135,0,0.154,0.29661159227181877
532322,双柏县,0.8144025744721001,3,0.666813770313169,0.577303268,0.5490726553007382,0.9512233999999999,0.0,0.0,False,0.28179461132344474,0,0.132,0.2676100981767181
530523,龙陵县,0.8135322542677541,3,0.6917163825661913,0.5725003759999999,0.6279410675816834,0.9520940000000001,0.0,0.0,False,0.5066837298630691,2,0.006,0.04189855072463768
532625,马关县,0.7844479881701311,2,0.6674071624864573,0.529035756,0.6166400630849597,0.9216962000000001,0.0,0.0,False,0.4517595522902229,0,0.048,0.14145565749235475
530621,鲁甸县,0.8084804071310088,3,0.6729265640189446,0.619489392,0.5776413671736914,0.8579116999999999,0.0,0.0,False,0.651630328917909,0,0.01,0.05294871794871795
533401,香格里拉市,0.8064900609371141,3,0.6936164160605557,0.5420495839999999,0.6533424539412596,0.9854687,0.0,0.0033333333333333335,False,0.2753461082092076,0,0.058,0.15863576158940398
530103,盘龙区,0.8347970762364898,4,0.7870832536052469,0.6479398279999999,0.8806907185286998,0.9043566000000001,1.0,0.0,False,0.03568731100666574,0,0.434,0.6362545638945233
533102,瑞丽市,0.8312010822669561,4,0.7102272672852037,0.644736704,0.634334319449783,0.8978245000000001,0.0,0.0,False,0.4035120230342528,0,0.028,0.10030731102850063
532928,永平县,0.8218957438945179,3,0.6724428850601329,0.603695108,0.5502971317020152,0.9310922000000001,0.0,0.0,False,0.5290355610738003,0,0.01,0.05294871794871795
330624,新昌县,0.7820265707131502,2,0.7174483400231016,0.521854252,0.8004366766797462,0.9244369000000001,0.0,0.0,False,0.256668276561353,0,0.05,0.14397410358565738
330305,洞头区,0.7563612404003366,2,0.6354504397646972,0.5396880879999999,0.6265924197461615,0.7536475,0.0,0.0,False,2.2169654686310722,0,0.01,0.05294871794871795
330726,浦江县,0.7772585303823566,2,0.6904061754024666,0.515380596,0.7091112153961185,0.9221813,0.0,0.0,False,0.25856680736623333,0,0.09,0.20748803827751197
330481,海宁市,0.7951769106993357,3,0.7443781205823536,0.67482126,0.897233694240477,0.6998476,0.9766666666666667,0.0,False,0.0770106618186354,0,0.704,0.8864390243902439
331123,遂昌县,0.7449379381041105,1,0.6493796878230942,0.424036984,0.6499258674513578,0.9786024,0.0,0.0,False,0.47875270507561907,0,0.018,0.07552685050798258
330922,嵊泗县,0.7745076560471136,2,0.6521575494779692,0.565885348,0.6197789236214998,0.7890786,0.0,0.0,False,-0.2714750827751508,0,0.6,0.8004614674665436
331023,天台县,0.7782321583188866,2,0.6987997976979531,0.514936608,0.7384394410246421,0.9245896,0.0,0.0,False,0.3308070539363081,0,0.03,0.10449397590361445
330402,南湖区,0.808805600557446,3,0.7528850569591787,0.719811776,0.8630065770950779,0.6979141,1.0,0.0,False,-0.017574613794718086,0,0.662,0.854012494422133
330102,上城区,0.7999039155215409,3,0.7609958452905089,0.673822516,0.985260375349262,0.7106223,1.0,0.0,False,0.04082615375845008,0,0.314,0.501255659856433
330206,北仑区,0.7992947301729729,3,0.7637150052991182,0.6108055720000001,0.9880681642534773,0.8021587,1.0,0.0,False,0.34087530799099375,0,0.02,0.08030555555555556
330109,萧山区,0.8002248080646934,3,0.7635802855458211,0.640409212,0.9628912501206257,0.7676163,1.0,0.0,False,0.09171024260717843,0,0.32,0.5083076923076923
331125,云和县,0.7540719600167453,2,0.6358437160351587,0.44665433600000004,0.5808305901803139,0.9672594,0.0,0.0,False,0.2719910940353474,0,0.028,0.10030731102850063
330521,德清县,0.7908369104998115,3,0.7294837223610469,0.609133312,0.8147853002538298,0.794799,0.11333333333333333,0.0,False,0.11605843014116309,0,0.724,0.8990910652920961
330523,安吉县,0.7797959076299714,2,0.7164385271921189,0.527380836,0.8021612457494115,0.9026077,0.0,0.0,False,0.29519758882221875,0,0.11,0.23331621423330887
330782,义乌市,0.7946127703931977,3,0.757539162989758,0.583258304,0.952689119224172,0.8428668,1.0,0.0,False,0.23549472203738428,0,0.06,0.1612081784386617
330802,柯城区,0.7849462674105699,2,0.7242932959263162,0.580075252,0.8129434455072674,0.8229905,0.013333333333333334,0.0,False,0.5157765839406325,0,0.018,0.07552685050798258
330381,瑞安市,0.7833092920077473,2,0.7375949283810351,0.5447753759999999,0.8940670472415609,0.8717222,0.66,0.0,False,0.7656351502802384,0,0.01,0.05294871794871795
331002,椒江区,0.7905081785261577,3,0.7289980829017726,0.6463053240000001,0.8334170282939188,0.7278381,0.06333333333333334,0.0,False,0.638445536237934,2,0.006,0.04189855072463768
330203,海曙区,0.7945463084070417,3,0.7542134212479834,0.582165772,0.9250211374566397,0.8481578,1.0,0.0,False,0.2754116669601694,0,0.088,0.20417977528089887
330803,衢江区,0.7700040598877368,2,0.6873281464122606,0.517741656,0.7237070258903606,0.8786719000000001,0.0,0.0,False,0.6182002030853121,0,0.014,0.06434658187599365
330106,西湖区,0.7942583078042964,3,0.7571378945193484,0.6077172719999999,0.954602883045196,0.797072,1.0,0.0,False,0.13638253102840825,0,0.462,0.6605548961424332
331122,缙云县,0.7691077332800557,2,0.6860776193511521,0.48189437999999996,0.720634137032627,0.9554436,0.0,0.0,False,0.22019325415954835,0,0.044,0.132366285119667
330329,泰顺县,0.7664815137413055,2,0.65977623016384,0.4721698959999999,0.6326916487145233,0.9673995,0.0,0.0,False,0.23418085120377669,0,0.05,0.14397410358565738
330383,龙港市,0.7882601201604678,2,0.7311652507168908,0.6450655519999999,0.8596954519420041,0.7171133000000001,0.25333333333333335,0.0,False,0.853395085980625,0,0.018,0.07552685050798258
330282,慈溪市,0.7990397011230956,3,0.7605322147034547,0.6538835080000001,0.9838948918737622,0.7325773,1.0,0.0,False,0.22235327338355104,0,0.148,0.28988346883468835
331181,龙泉市,0.7481802357598081,1,0.652091460195453,0.43110602,0.6516018637186061,0.9771344000000001,0.0,0.0,False,0.359490232991379,0,0.04,0.12488120950323973
330411,秀洲区,0.8056869121805516,3,0.7466167641489582,0.710722512,0.8501658263205728,0.6977343,1.0,0.0,False,0.014895684975548364,0,0.566,0.7678582824964805
330902,定海区,0.7948221918711841,3,0.7337602427564924,0.5940553479999999,0.8180526114405925,0.8327557,0.45666666666666667,0.0,False,0.7019427429298564,2,0.006,0.04189855072463768
330421,嘉善县,0.8064547578496913,3,0.7475021134766463,0.712904484,0.8507427179163874,0.6976629,1.0,0.0,False,-0.0005303185942036608,0,0.908,0.9604932308818149
330111,富阳区,0.7774346962407823,2,0.7253515115690152,0.51667246,0.8577889137222368,0.9087348,0.15333333333333332,0.0,False,0.1718320738673496,0,0.352,0.5441882352941176
330681,诸暨市,0.7879406607527357,2,0.7474651397511909,0.5458582439999999,0.932975488617363,0.8877731,0.95,0.0,False,0.2002542847206599,0,0.108,0.23110880829015545
331081,温岭市,0.7951450334957421,3,0.7510471533735218,0.6164359079999999,0.900334030377427,0.7929862999999999,1.0,0.0,False,0.6872503993656585,0,0.01,0.05294871794871795
330604,上虞区,0.7919261499187219,3,0.7467213266840952,0.6011011479999999,0.8971920340235221,0.8032360000000001,0.9833333333333333,0.0,False,0.4400919025944489,0,0.08,0.1924126455906822
330502,吴兴区,0.7984135516060503,3,0.7526049657579241,0.63564652,0.8896274282933241,0.7774064,1.0,0.0,False,0.2898728785287496,0,0.032,0.10807476635514018
330327,苍南县,0.780189525219978,2,0.7084412963135659,0.538901176,0.769128473242976,0.8795707,0.0,0.0,False,0.4923823267494941,0,0.018,0.07552685050798258
330824,开化县,0.7584171502734527,2,0.6607639141110638,0.45796353199999995,0.6547361475347943,0.9658860999999999,0.0,0.0,False,0.19034642661300596,0,0.062,0.16414102564102565
330723,武义县,0.772135153400869,2,0.6910977696454489,0.49966119600000003,0.728345735460242,0.9307411,0.0,0.0,False,0.3342570707150488,0,0.04,0.12488120950323973
331124,松阳县,0.7577881491582472,2,0.6525823329905491,0.46065211999999994,0.6298163162727194,0.9532653,0.0,0.0,False,0.42034987688422015,0,0.028,0.10030731102850063
330781,兰溪市,0.7836449786124369,2,0.7126095279949975,0.580393704,0.7755188100409084,0.8150714,0.0,0.0,False,0.39597528939807236,0,0.046,0.13709896907216493
330213,奉化区,0.7841306449237077,2,0.7317607722363435,0.539544952,0.8577265800643773,0.889896,0.37333333333333335,0.0,False,0.3197143592115729,0,0.044,0.132366285119667
330727,磐安县,0.7703843427159218,2,0.6583894187457677,0.480154732,0.6177809372439889,0.968482,0.0,0.0033333333333333335,False,0.16319580589320568,0,0.038,0.12112238147739803
330112,临安区,0.7650687399015141,2,0.7049415278031099,0.47015292,0.8158415501814059,0.9587207,0.0,0.0,False,0.19869625136280525,0,0.086,0.20131659919028339
330110,余杭区,0.7985197103267457,3,0.764839751086443,0.601809844,0.9972053436505578,0.8183637,1.0,0.0,False,0.0600597320444944,0,0.356,0.5486119402985075
330302,鹿城区,0.7869123416824385,2,0.7426315099839225,0.570044664,0.9048457153611927,0.835067,0.8733333333333333,0.0,False,0.8474800228467191,2,0.008,0.04758847736625514
331121,青田县,0.7547025071492672,2,0.6722494519839461,0.445920792,0.7127843679224867,0.9675446000000001,0.0,0.0,False,0.42967134997215345,0,0.022,0.0853718120805369
330328,文成县,0.7627371072299154,2,0.6518522821689338,0.46635443600000004,0.6151447965515326,0.9625952,0.0,0.0,False,0.3916160584472453,0,0.022,0.0853718120805369
330303,龙湾区,0.7734641120104994,2,0.7138624160133903,0.5959555839999999,0.8526944593275901,0.7278784,0.0,0.0,False,1.7718895636739904,0,0.01,0.05294871794871795
330382,乐清市,0.7802731753734996,2,0.7384843038130637,0.538735568,0.9262743090027086,0.8621451,0.6966666666666667,0.0,False,0.9130616625258057,2,0.008,0.04758847736625514
330783,东阳市,0.78661101931145,2,0.7303610753899679,0.5443711600000001,0.8358409629362987,0.8967239,0.30666666666666664,0.0,False,0.2440853175999243,0,0.084,0.19872667757774143
330602,越城区,0.7985281342621887,3,0.7533936851247166,0.644277476,0.8983636185509983,0.7625563,1.0,0.0,False,0.2656224878998067,0,0.07,0.1786142983230362
330212,鄞州区,0.8005457554981267,3,0.7657098124357118,0.605987816,0.9914154856698063,0.816835,1.0,0.0,False,0.24276064198336325,0,0.028,0.10030731102850063
330114,钱塘区,0.78980607350814,3,0.7366482376033142,0.659341556,0.8853269888601355,0.7010753000000001,0.6066666666666667,0.0,False,0.16370721104044078,0,0.546,0.7473892045454545
330784,永康市,0.7892695753324969,3,0.7319841687178171,0.563668456,0.8278734827261234,0.8719481,0.3566666666666667,0.0,False,0.2992267257577774,0,0.08,0.1924126455906822
330522,长兴县,0.7963941186815754,3,0.7428907043045703,0.627637672,0.8487865022837855,0.785734,0.9733333333333334,0.0,False,0.3658177955566417,2,0.006,0.04189855072463768
330424,海盐县,0.7937441050558097,3,0.7251287724796951,0.671673812,0.8125020304526334,0.7035849000000001,0.0,0.0,False,0.13286388720245706,0,0.604,0.804683870967742
330225,象山县,0.7841354673125979,2,0.7263302904421632,0.5613921,0.8301895217799332,0.8473408,0.09,0.0,False,0.6091652668390952,0,0.02,0.08030555555555556
331004,路桥区,0.7939295908866206,3,0.7324281546805184,0.6576133599999999,0.8323026764528716,0.7258876999999999,0.32666666666666666,0.0,False,0.7228457269574721,2,0.006,0.04189855072463768
330903,普陀区,0.7843230456303796,2,0.7078692603103024,0.5751476799999999,0.7596450852434645,0.8224031,0.0,0.0,False,0.8083974229591993,0,0.026,0.09624327784891165
330825,龙游县,0.7812858148964573,2,0.6949145189113691,0.57493664,0.7203261610815046,0.817015,0.0,0.0,False,0.46261888234169124,0,0.026,0.09624327784891165
330182,建德市,0.7641495000567254,2,0.6925358019834273,0.48418538,0.7632322469222838,0.9212691,0.0,0.0,False,0.25861861939403413,0,0.05,0.14397410358565738
330226,宁海县,0.7783111220090873,2,0.7266812053728403,0.531967432,0.8629131546360254,0.8745808,0.17666666666666667,0.0,False,0.4654299936342138,0,0.034,0.1125933562428408
330127,淳安县,0.7508388596703174,2,0.666496260220338,0.45063802799999997,0.7043369193857436,0.9341467999999999,0.0,0.0,False,0.3818071043718108,0,0.042,0.12889808917197454
330482,平湖市,0.8059457062298443,3,0.7481395527775194,0.72067478,0.8638430121956688,0.6839500000000001,1.0,0.0033333333333333335,False,-0.01193246550516535,0,0.87,0.947690278824416
330113,临平区,0.8044356056765748,3,0.7637967621394937,0.692970144,0.9499336200775889,0.7106173,1.0,0.0,False,-0.04954562012170564,0,0.226,0.39478308157099695
331127,景宁畲族自治县,0.7435171593771694,1,0.6291827143649422,0.417959176,0.5797765396862985,0.9865993,0.0,0.0,False,0.3518394109223833,0,0.126,0.2583446808510638
330702,婺城区,0.7797287871110958,2,0.7236293103926978,0.54624162,0.8356829924658129,0.8585423,0.05,0.0,False,0.42050112542511736,0,0.036,0.1168080808080808
330324,永嘉县,0.7637109462965279,2,0.6981143227069854,0.46695238399999994,0.7914440351208951,0.9577215,0.0,0.0,False,0.5555427382444571,2,0.008,0.04758847736625514
330921,岱山县,0.7884848565351936,2,0.7295735912305954,0.592080348,0.835667494403486,0.802206,0.20333333333333334,0.0,False,1.0439880243136515,2,0.006,0.04189855072463768
330205,江北区,0.8032771817036086,3,0.748711564522271,0.669159788,0.851025370585126,0.7481539,1.0,0.0,False,0.18888010057967736,0,0.07,0.1786142983230362
330683,嵊州市,0.7867916820963313,2,0.728792562276982,0.547616952,0.8269428829175005,0.8916753000000001,0.23333333333333334,0.0,False,0.2993109879259087,0,0.084,0.19872667757774143
330881,江山市,0.7706560343918452,2,0.6956259412860429,0.503994868,0.750311720747644,0.9128681,0.0,0.0,False,0.4806546857481298,0,0.024,0.09105511811023623
330822,常山县,0.7707294735290132,2,0.6740340973250409,0.509351704,0.6706519602331987,0.906334,0.0,0.0,False,0.44057579288174975,0,0.016,0.06997881996974281
330326,平阳县,0.7819606008610815,2,0.7225316118728062,0.54255544,0.8203654391638231,0.8781247,0.04,0.0,False,0.7603564557020411,2,0.004,0.03285227272727273
330108,滨江区,0.7944633798832906,3,0.7543550226561795,0.6569139239999999,0.9755068642185111,0.7131419,1.0,0.0,False,0.11906812439150935,0,0.43,0.6323143438453712
331082,临海市,0.7793737984638692,2,0.7253486848142928,0.525829404,0.8484931362236194,0.8973852,0.13666666666666666,0.0,False,0.5464020075813029,0,0.022,0.0853718120805369
330304,瓯海区,0.7864160316016214,2,0.7325278936383112,0.5542037639999999,0.8458942108646594,0.8743467,0.39666666666666667,0.0,False,0.8263689933962773,2,0.004,0.03285227272727273
330281,余姚市,0.7943272364846137,3,0.7529423975829084,0.592590384,0.9191366588323727,0.8270979,1.0,0.0,False,0.34206521589196104,0,0.082,0.19543446001648807
331102,莲都区,0.7685300489174306,2,0.7006402875224157,0.48324560399999994,0.7808501826859328,0.9474689,0.0,0.0,False,0.2716339302352659,0,0.04,0.12488120950323973
330503,南浔区,0.7998047634347049,3,0.7275017630891865,0.695940692,0.7959083940295251,0.6981576,0.0,0.0,False,0.1460665653596862,0,0.036,0.1168080808080808
331126,庆元县,0.7573172069821693,2,0.6376145770632545,0.44738519200000004,0.5776168928401575,0.9822943000000001,0.0,0.0,False,0.2115712633575386,0,0.15,0.29241402562373564
330105,拱墅区,0.8039692844617021,3,0.7645922710255688,0.685515364,0.9548478131976553,0.7188877,1.0,0.0,False,-0.04113134534861981,0,0.25,0.42690490253987007
331083,玉环市,0.7822035608875734,2,0.7210109425979558,0.593274572,0.8262127719777754,0.7770877,0.0,0.0,False,1.1923968663318976,2,0.004,0.03285227272727273
331024,仙居县,0.765179788494375,2,0.6828680033967216,0.475892644,0.7211354074669502,0.9486262,0.0,0.0,False,0.37310614043326457,0,0.044,0.132366285119667
330483,桐乡市,0.8078013079240312,3,0.7574851923415913,0.715712916,0.8908429201205701,0.6981994,1.0,0.0033333333333333335,False,-0.051339120428314566,0,0.264,0.4427053364269142
330122,桐庐县,0.7649358609591597,2,0.6945686153349224,0.48019841599999996,0.7684161180895688,0.9354636000000001,0.0,0.0,False,0.2699485599752011,0,0.096,0.21547826086956523
330703,金东区,0.7933379162299619,3,0.7068269727236224,0.612916048,0.7210811032570434,0.805135,0.0,0.0,False,0.3532719185880598,0,0.072,0.18053078924544666
330211,镇海区,0.8005929704640705,3,0.7545192362010882,0.667037964,0.9065240167309154,0.7329043,1.0,0.0,False,0.2067592595211354,0,0.07,0.1786142983230362
330603,柯桥区,0.7914505313222407,3,0.7533948831476708,0.569313744,0.951141502892034,0.8527378,1.0,0.0,False,0.25880198882443695,0,0.118,0.24559971202303815
331003,黄岩区,0.7763969330009113,2,0.7138218709226914,0.517920508,0.8066560757380036,0.9038949,0.0,0.0,False,0.6155640478395437,0,0.02,0.08030555555555556
331022,三门县,0.7751026577361276,2,0.6928029579652378,0.535104616,0.7321277083739446,0.8606189999999999,0.0,0.0,False,0.6802982408170674,0,0.02,0.08030555555555556
500242,酉阳土家族苗族自治县,0.7145944589227443,1,0.6291136084940228,0.3938685559999999,0.6369984488277869,0.9409347,0.0,0.0,False,0.4382007049136585,0,0.016,0.06997881996974281
500109,北碚区,0.7533745337665196,2,0.7018303180723403,0.5333791999999999,0.8323456592976551,0.7912799,0.0,0.0,False,0.16728726839700384,0,0.344,0.5343922622246103
500155,梁平区,0.754329994321843,2,0.6645307804573503,0.530461252,0.6842697485518465,0.8075007,0.0,0.0,False,0.34642204828759726,0,0.046,0.13709896907216493
500229,城口县,0.668770961223423,1,0.5757739282584138,0.29569681999999997,0.5234339798404997,0.9854382,0.0,0.0,False,1.749694550976374,2,0.006,0.04189855072463768
500235,云阳县,0.7314959107033828,1,0.6500587327932198,0.438036208,0.6857793640699943,0.8971207,0.0,0.0,False,1.1213110004251445,2,0.006,0.04189855072463768
500108,南岸区,0.7570519224686708,2,0.7079421302215739,0.5679895159999999,0.8609058421331984,0.7391403,0.0,0.0,False,0.1419801698637546,0,0.288,0.47093212669683254
500106,沙坪坝区,0.7610655323769187,2,0.7165527095563162,0.57023334,0.879049114916277,0.7527532,0.0,0.0,False,0.08193590225116391,0,0.25,0.42690490253987007
500237,巫山县,0.7205224086273293,1,0.6268198950129402,0.404926388,0.6292542329616927,0.9193807,0.0,0.0,False,1.9988133679860731,2,0.006,0.04189855072463768
500101,万州区,0.7438167904750763,1,0.7034368198652983,0.47601506399999993,0.8833532156777705,0.8554936,0.0,0.0,False,0.5774401714650633,2,0.004,0.03285227272727273
500151,铜梁区,0.7612457015977633,2,0.6917640155270536,0.585877192,0.7741382207638962,0.7329912000000001,0.0,0.0,False,0.04506745393972429,0,0.57,0.7714747191011235
500105,江北区,0.7558007463190235,2,0.6989370481819923,0.57467534,0.8293142859449414,0.7240879,0.0,0.0,False,0.15348956793059895,0,0.326,0.5147274713271437
500153,荣昌区,0.7645799354715174,2,0.6833281933979108,0.614186788,0.7407239168719411,0.7022172,0.0,0.0,False,-0.0006960838592411045,0,0.982,0.9932765363128492
500103,渝中区,0.7531581306416638,2,0.7103939260301222,0.573798772,0.9183269559929103,0.7024173,0.0,0.0,False,0.1890962486995323,0,0.28,0.46150513112884844
500118,永川区,0.7637817752215116,2,0.7204494084972622,0.586463044,0.8937043465560143,0.7338847,0.0,0.0,False,0.023289444182027517,0,0.544,0.745710763394974
500243,彭水苗族土家族自治县,0.7121427485531376,1,0.6290800161062599,0.40239046799999995,0.6494748690702457,0.9066537,0.0,0.0,False,0.8116175906773457,2,0.008,0.04758847736625514
500112,渝北区,0.7627993033127761,2,0.7307709745493535,0.558619208,0.9742195424963209,0.7651384999999999,0.30666666666666664,0.0,False,0.03569132968819179,0,0.096,0.21547826086956523
500233,忠县,0.7498888458196492,2,0.6577971568769572,0.5175688359999999,0.6743606194788053,0.8121377000000001,0.0,0.0,False,0.431896533273338,0,0.054,0.15127325581395348
500230,丰都县,0.734307236438809,1,0.641805833784983,0.459985424,0.6509106141684635,0.8659567,0.0,0.0,False,0.5662604455268491,0,0.038,0.12112238147739803
500154,开州区,0.7329003134390865,1,0.6823649098758896,0.44327759599999994,0.8159250845780908,0.8858282000000001,0.0,0.0,False,0.9389433411900251,2,0.006,0.04189855072463768
500117,合川区,0.7531630111155634,2,0.6821508728772466,0.5856769639999999,0.7832695327091209,0.6940337,0.0,0.0,False,0.03287046922422411,0,0.432,0.634609756097561
500236,奉节县,0.7230258884935014,1,0.6377809518566546,0.414476892,0.6627042217839728,0.9106937,0.0,0.0,False,1.0501499702529256,0,0.018,0.07552685050798258
500120,璧山区,0.7614602334139533,2,0.7131314240342599,0.575369692,0.8606282161783616,0.7470308999999999,0.0,0.0,False,0.048478594636909386,0,0.478,0.6764062652961331
500104,大渡口区,0.7535878936283759,2,0.6712805523778874,0.5810696120000001,0.736335298521693,0.7070306,0.0,0.0,False,0.14880485225504084,0,0.294,0.4777706576728499
500156,武隆区,0.7066499959723889,1,0.6395412661636636,0.385563836,0.70117852309183,0.9212709,0.0,0.0,False,0.742913981603699,0,0.022,0.0853718120805369
500119,南川区,0.7250432706194089,1,0.66520308591424,0.42980272399999997,0.7586047986405543,0.8934094,0.0,0.0,False,0.49391731288057233,0,0.036,0.1168080808080808
500110,綦江区,0.7294468221362435,1,0.6639235837677312,0.469962876,0.7602365191648333,0.8121702000000001,0.0,0.0,False,0.3297951333332017,0,0.034,0.1125933562428408
500114,黔江区,0.7165550525772891,1,0.6485280302195262,0.407294276,0.7127968059915651,0.9109920000000001,0.0,0.0,False,0.5896759293805721,0,0.024,0.09105511811023623
500241,秀山土家族苗族自治县,0.7262660931741467,1,0.6501494998580043,0.422655432,0.6919530136676089,0.9188017,0.0,0.0,False,0.4086296433619267,0,0.042,0.12889808917197454
500240,石柱土家族自治县,0.7169940457691244,1,0.6308556858787082,0.399710672,0.6430313533963565,0.9303222,0.0,0.0,False,0.4865775717989007,0,0.012,0.05889983022071307
500231,垫江县,0.7591105381680321,2,0.670797808901984,0.5715697519999999,0.702781021706949,0.7514847,0.0,0.0,False,0.19360841770422652,0,0.036,0.1168080808080808
500238,巫溪县,0.6777787541957851,1,0.5999274081030215,0.316008596,0.6092750607999661,0.9629692,0.0,0.0,False,2.1084961777740103,2,0.006,0.04189855072463768
500113,巴南区,0.746697152581826,1,0.7046206422030508,0.4992905,0.8739872929679728,0.8243216999999999,0.0,0.0,False,0.17552282032521047,0,0.336,0.5270623982637005
500107,九龙坡区,0.7642548213134627,2,0.7272827149840784,0.584690796,0.9406808748675473,0.7319843,0.16,0.0,False,0.011826441631070758,0,0.19,0.350089228808158
500115,长寿区,0.7571719007367826,2,0.7073762867699852,0.5686837,0.8572450443107413,0.7389734,0.0,0.0,False,0.17174365238279055,0,0.06,0.1612081784386617
500111,大足区,0.7624695354779883,2,0.69961999306411,0.595666112,0.8031455843438507,0.7209247000000001,0.0,0.0,False,0.00832372457907353,0,0.832,0.934170476559473
500152,潼南区,0.765712396762586,2,0.6830612412048389,0.612621892,0.7355080333974706,0.7081057000000001,0.0,0.0,False,0.013005324218639935,0,0.59,0.7896712962962962
500102,涪陵区,0.747557676077875,1,0.7124187290050171,0.50138564,0.9234548135327216,0.8158588,0.0,0.0,False,0.30642583306147475,0,0.088,0.20417977528089887
500116,江津区,0.7496357178603702,2,0.7112692094310383,0.516315424,0.9048920223999793,0.7980071,0.0,0.0,False,0.2645889824789708,0,0.118,0.24559971202303815
